code,name,bucket,estab,years,scale,company,ftype,index_name,managers,cur_start,tenure,mgr_changes_5y,fee_now,sgzt,cagr1,cagr3,cagr5,cagr8,cagr10,cagr_since,vol5,mdd5,mdd10,mdd_all,max_year_key,max_year,sharpe1y,latest,siblings,a5,a10,asince,r5_api,r10_api,rsince_api,score,selected
006373,国富全球科技互联混合(QDII)人民币A,QDII/海外,2018-11-20,7.8193,58.8327,国海富兰克林基金,QDII-混合偏股,,"徐成,狄星华",2018-11-20,7.8193,0,0.15%,限大额,57.7322,39.6600,22.5359,,,27.1513,25.4981,-34.5328,-34.5328,-34.5328,2020,55.3942,1.5362,2026-09-15,['021842'],22.5360,,27.1513,176.2600,,554.2100,89.8,1
001668,汇添富全球移动互联混合(QDII)人民币A,QDII/海外,2017-01-25,9.6372,19.6174,汇添富基金,QDII-混合灵活,,杨瑨,2018-05-16,8.3340,0,0.16%,限大额,13.4521,24.8413,12.4930,17.0826,,18.5933,24.3611,-35.9608,-42.0392,-42.0392,2020,58.3014,0.7154,2026-09-15,[],12.7952,,18.9168,82.5800,,431.0500,79.3,1
100055,富国全球科技互联网股票(QDII)A,QDII/海外,2011-07-13,15.1759,66.9439,富国基金,QDII-普通股票,,赵年珅,2025-11-13,0.8378,3,0.15%,限大额,36.3817,31.9136,14.6873,15.9612,15.7553,10.9983,23.6764,-35.3692,-46.9393,-46.9393,2020,52.5354,1.6968,2026-09-15,[],15.3799,15.7553,11.4752,104.4800,,419.9600,73.1,1
270023,广发全球精选股票(QDII)人民币A,QDII/海外,2010-08-18,16.0767,183.5386,广发基金,QDII-普通股票,,李耀柱,2021-05-14,5.3388,0,0.16%,限大额,35.2501,30.4914,13.1667,19.0584,17.1301,13.9053,26.5826,-49.2770,-54.4000,-54.4000,2020,95.9953,1.4555,2026-09-15,[],13.8812,17.1301,14.2337,91.5400,,749.4500,68.6,1
005698,华夏全球科技先锋混合(QDII)A(人民币),QDII/海外,2018-04-17,8.4134,97.5058,华夏基金,QDII-混合偏股,,李湘杰,2018-04-17,8.4134,0,0.15%,限大额,22.2897,27.3975,10.6803,12.1767,,11.9170,31.8507,-45.5330,-54.2771,-54.2771,2023,60.3390,0.7592,2026-09-15,[],12.6055,,12.6270,81.0500,,171.9500,65.2,1
007280,摩根日本精选股票(QDII)A,QDII/海外,2019-07-31,7.1294,23.9388,摩根基金(中国),QDII-普通股票,,张军,2019-07-31,7.1294,0,0.15%,限大额,14.3324,13.5598,8.3659,,,11.9542,20.8733,-19.3474,-26.5605,-26.5605,2020,18.8987,0.5847,2026-09-16,['019449'],8.3661,8.3834,11.9542,49.4400,123.6800,123.6800,62.4,1
457001,国富亚洲机会股票(QDII)A,QDII/海外,2012-02-22,14.5626,11.5757,国海富兰克林基金,QDII-普通股票,,徐成,2016-02-24,10.5572,0,0.15%,限大额,66.4036,31.2401,11.2631,15.4317,13.9672,8.1616,25.7578,-38.4615,-48.5189,-48.5189,2025,55.5383,2.4329,2026-09-15,[],11.6812,13.9672,8.5982,73.7400,,232.4100,61.9,1
539002,建信新兴市场混合(QDII)A,QDII/海外,2011-06-21,15.2361,20.5710,建信基金,QDII-混合偏股,,"李博涵,程星烨,房乐",2024-06-18,2.2423,1,0.16%,限大额,74.1788,43.9728,19.1609,12.0587,11.6565,5.5583,31.7914,-35.8475,-39.8882,-39.8882,2026,55.2076,2.3583,2026-09-15,[],20.4146,11.6565,6.1593,153.1600,,148.6000,58.1,1
000934,国富大中华精选混合,QDII/海外,2015-02-03,11.6140,22.2811,国海富兰克林基金,QDII-混合偏股,,徐成,2016-02-24,10.5572,0,0.15%,开放申购,9.2092,18.8745,3.6540,12.4693,12.7006,10.5040,22.6028,-39.5212,-46.6363,-46.6363,2020,60.2251,0.4317,2026-09-15,[],3.6532,12.7006,10.5040,19.6500,,219.0000,56.7,1
519696,交银环球精选混合(QDII)A,QDII/海外,2008-08-22,18.0643,5.3758,交银施罗德基金,QDII-混合偏股,,"陈舒薇,蔡铮",2026-01-22,0.6461,2,0.15%,开放申购,5.1374,13.4129,5.4679,9.1151,10.0827,9.2692,14.5637,-23.3899,-25.2678,-30.2525,2009,64.6488,0.5877,2026-09-15,[],5.4068,10.0827,9.5647,30.1200,,420.7400,51.7,1
100061,富国中国中小盘混合(QDII)人民币A,QDII/海外,2012-09-04,14.0287,30.2335,富国基金,QDII-混合偏股,,张峰,2012-09-04,14.0287,0,0.15%,开放申购,-12.2599,12.5515,2.7472,8.6631,7.9682,10.0354,21.0959,-33.2967,-43.6824,-43.6824,2020,50.8859,-0.6500,2026-09-15,['024846'],2.7469,7.9682,10.6956,14.5100,,316.0000,47.4,1
006282,摩根欧洲动力策略股票(QDII)A,QDII/海外,2018-10-31,7.8741,6.3456,摩根基金(中国),QDII-普通股票,,张军,2018-10-31,7.8741,0,0.15%,限大额,7.3424,12.4624,6.9965,,,7.7368,14.0843,-23.7867,-34.8318,-34.8318,2025,28.9516,0.5505,2026-09-15,['019450'],6.9962,,7.7368,40.2300,,79.8200,46.9,1
165520,中信保诚有色指数A,QDII/海外,2013-08-30,13.0459,17.1248,中信保诚基金,指数型-股票,中证800有色,黄稚,2020-11-23,5.8125,0,0.12%,开放申购,13.8154,14.1546,3.4745,9.6686,7.1213,6.6136,19.1972,-29.7546,-32.9322,-40.2802,2025,55.8524,0.6573,2026-09-16,['013081'],4.9229,7.1213,9.0947,27.1600,,211.3000,42.4,1
009108,富国红利精选混合(QDII)人民币,QDII/海外,2020-04-23,6.3956,11.4701,富国基金,QDII-混合偏股,,王菀宜,2022-12-09,3.7673,1,0.15%,开放申购,3.5968,14.8102,0.5669,,,10.2755,17.9000,-39.7613,-44.0443,-44.0443,2020,56.7700,0.1472,2026-09-15,[],0.5675,,10.2755,2.8700,,86.9300,39.8,1
340006,兴全全球视野股票,QDII/海外,2006-09-20,19.9890,39.7775,兴证全球基金,股票型,,余明强,2025-12-24,0.7283,2,0.15%,开放申购,38.1053,18.8768,4.7940,14.1327,8.6299,14.4354,22.1875,-44.2914,-45.0321,-53.0587,2007,149.1642,1.1116,2026-09-16,[],4.7938,8.4817,14.4354,26.3800,125.7179,1381.0500,38.8,1
006308,汇添富全球消费混合(QDII)人民币A,QDII/海外,2018-09-21,7.9836,1.9961,汇添富基金,QDII-混合偏股,,郑慧莲,2020-06-30,6.2094,0,0.16%,限大额,-13.1219,3.9460,-1.7933,,,10.1165,18.2397,-37.7184,-55.1390,-55.1390,2020,90.8626,-0.8800,2026-09-15,['006309'],-1.7932,,10.1165,-8.6500,,115.8400,38.8,1
161715,招商大宗商品(LOF),QDII/海外,2012-06-28,14.2177,4.8304,招商基金,指数型-股票,中证大宗商品股票指数,"邓童,窦福成",2025-11-13,0.8405,2,0.12%,开放申购,16.8587,13.2254,2.8807,12.2019,8.0777,6.2372,19.6910,-32.8213,-39.2148,-49.3969,2025,42.6575,0.6181,2026-09-16,[],3.0768,8.7874,6.9229,16.3600,132.1596,159.0100,35.7,1
540012,汇丰晋信恒生龙头指数A,QDII/海外,2012-08-01,14.1246,1.8272,汇丰晋信基金,指数型-股票,恒生A股行业龙头指数,刘禹良,2024-09-28,1.9658,2,0.12%,开放申购,-2.3006,7.3208,2.1980,7.0290,8.6264,8.0780,15.4547,-26.0446,-38.5315,-44.5991,2014,48.5455,-0.3036,2026-09-16,['001149'],2.1973,8.5537,8.0780,11.4800,127.2192,199.5900,35.0,1
160221,国泰国证有色金属行业指数(LOF)A,QDII/海外,2015-03-30,11.4661,22.3207,国泰基金,指数型-股票,国证有色金属行业指数,吴中昊,2022-12-30,3.7125,1,0.00%,开放申购,18.5423,19.9182,4.3329,13.5590,7.8759,3.8868,26.5384,-41.5409,-47.1838,-59.3890,2025,82.7197,0.3953,2026-09-16,['015596'],4.6124,8.6770,4.6290,25.2900,129.8142,68.0100,30.0,1
008253,华宝致远混合(QDII)A,QDII/海外,2019-11-27,6.8036,11.0052,华宝基金,QDII-混合偏股,,"周晶,杨洋",2022-01-27,4.6352,1,0.15%,限大额,29.9718,26.9755,5.4092,,,7.7462,27.7356,-41.5447,-51.5599,-51.5599,2020,34.1004,0.6910,2026-09-16,['008254'],5.4085,5.2070,7.7462,30.1300,66.1300,66.1300,27.6,1
002891,华夏移动互联混合人民币,QDII/海外,2016-12-14,9.7522,40.6907,华夏基金,QDII-混合灵活,,"刘平,徐恒,郭琨研",2026-02-04,0.6105,3,0.15%,限大额,73.7271,18.9622,-0.0156,11.6335,,10.1143,30.1317,-58.6258,-66.1058,-66.1058,2020,88.7062,1.6196,2026-09-15,[],-0.0160,,10.1143,-0.0800,,155.9000,26.7,1
005534,华夏新时代混合人民币(QDII),QDII/海外,2018-05-30,8.2957,5.4650,华夏基金,QDII-混合灵活,,常亚桥,2019-07-15,7.1704,0,0.15%,限大额,16.6638,20.4514,-2.2206,9.8761,,9.0604,27.1493,-56.7946,-61.7466,-61.7466,2020,93.9627,0.3848,2026-09-15,[],-2.2204,,9.0604,-10.6200,,105.3400,24.3,1
000043,嘉实美国成长股票人民币,QDII/海外,2013-06-14,13.2539,49.8764,嘉实基金,QDII-普通股票,,陈俊杰,2026-05-13,0.3422,3,0.15%,限大额,9.2286,20.9626,13.7669,14.7460,16.4938,14.6618,21.3611,-24.9201,-28.6375,-28.6375,2023,40.3549,0.7347,2026-09-15,[],14.2004,16.4938,14.8587,94.2400,,527.2000,,
000929,博时黄金D,QDII/海外,2014-12-18,11.7426,0.1091,博时基金,指数型-其他,黄金9999,"赵云阳,王祥",2016-11-02,9.8700,0,--,暂停申购,10.9458,25.1160,19.6584,16.3367,12.1628,12.6028,17.9302,-30.2665,-30.2665,-30.2665,2025,55.7132,0.3993,2026-09-16,['000930'],19.8780,12.1628,12.7688,147.5700,,310.0500,,
162719,广发道琼斯石油指数人民币A,QDII/海外,2017-02-28,9.5441,6.7508,广发基金,指数型-海外股票,道琼斯美国石油开发与生产指数,姚曦,2023-02-22,3.5619,3,0.12%,暂停申购,46.2293,10.1675,23.4249,13.2762,,13.1437,28.8241,-29.1608,-65.6982,-65.6982,2021,67.5714,1.6983,2026-09-15,['004243'],24.3196,,12.8847,196.9600,,217.9500,,
160723,嘉实原油(QDII-LOF),QDII/海外,2017-04-20,9.4045,12.0099,嘉实基金,QDII-商品,,"蒋一茜,张琴",2024-10-25,1.8891,2,0.12%,暂停申购,70.2003,13.5673,19.8308,7.3028,,9.7809,29.0228,-32.5811,-74.3972,-74.3972,2026,84.9081,1.6027,2026-09-15,[],19.4076,,9.1448,142.7500,,127.7200,,
320013,诺安全球黄金(QDII-FOF)A,QDII/海外,2011-01-13,15.6715,7.6101,诺安基金,QDII-商品,,唐晨,2026-02-14,0.5832,1,0.08%,开放申购,8.6957,22.9952,16.3332,13.8757,9.7814,5.5159,16.3673,-25.7891,-25.7891,-46.0563,2025,52.9703,0.4317,2026-09-15,[],17.2619,9.7814,5.7908,121.7100,,141.6200,,
501018,南方原油A,QDII/海外,2016-06-15,10.2505,12.2422,南方基金,QDII-商品,,张其思,2021-11-19,4.8214,1,0.12%,暂停申购,76.7059,15.1051,19.9057,6.4177,8.8583,7.5846,30.4331,-31.3983,-76.4886,-76.4886,2026,91.1029,1.7352,2026-09-15,['006476'],19.6993,8.8583,6.9845,145.7300,,99.7800,,
161129,易方达原油A类人民币,QDII/海外,2016-12-19,9.7385,6.3534,易方达基金,QDII-商品,,殷春涛,2025-04-11,1.4292,5,0.12%,暂停申购,75.6982,14.3615,19.5004,5.7841,,7.6204,30.2562,-34.4814,-76.5430,-76.5430,2026,91.7112,1.6629,2026-09-15,[],19.1338,,6.9433,139.9800,,92.2700,,
003321,易方达原油C类人民币,QDII/海外,2016-12-19,9.7385,0.1161,易方达基金,QDII-商品,,殷春涛,2025-04-11,1.4292,5,0.00%,暂停申购,75.1858,14.1167,19.1161,5.2992,,7.1337,30.2458,-34.6837,-76.9236,-76.9236,2026,91.3252,1.6487,2026-09-15,[],18.7501,,6.4604,136.1400,,83.9800,,
160719,嘉实黄金,QDII/海外,2011-08-04,15.1157,3.5664,嘉实基金,QDII-商品,,张钟玉,2023-04-12,3.4278,2,0.08%,暂停申购,8.0068,23.6939,16.7194,13.8886,9.7673,4.3450,16.7142,-26.4887,-26.4887,-42.9833,2025,53.9104,0.3960,2026-09-15,[],17.3000,9.7673,4.5243,122.0700,,95.2000,,
486002,工银全球精选股票(QDII),QDII/海外,2010-05-25,16.3094,13.9584,工银瑞信基金,QDII-普通股票,,"林念,吕焱",2026-07-10,0.1834,4,0.16%,限大额,3.2192,14.0193,6.7325,9.1568,11.0155,9.6921,13.7124,-25.5428,-28.6861,-28.6861,2019,30.1868,0.4728,2026-09-15,[],6.9289,11.0155,9.7867,39.7900,,358.5000,,
000369,广发全球医疗保健指数人民币(QDII)A,QDII/海外,2013-12-10,12.7639,13.6983,广发基金,指数型-海外股票,标普全球1200医疗保健指数,刘杰,2023-02-22,3.5619,3,0.13%,限大额,11.1498,4.7710,5.7462,6.9666,7.9824,8.4249,12.6722,-15.1326,-24.0550,-24.0550,2019,24.6154,0.6156,2026-09-15,[],5.4667,7.9824,8.3916,30.4900,,179.6900,,
007937,华夏饲料豆粕期货ETF联接A,QDII/海外,2020-01-13,6.6749,1.6568,华夏基金,指数型-其他,大商所豆粕期货价格指数,华龙,2022-08-22,4.0684,1,0.06%,暂停申购,18.4425,-0.4367,10.5954,,,11.4789,14.6445,-27.2207,-27.2207,-27.2207,2022,53.1713,1.3705,2026-09-16,['007938'],10.5958,7.5228,11.4789,65.4600,106.5400,106.5400,,
007277,恒生前海消费升级混合,QDII/海外,2020-01-19,6.6585,0.4151,恒生前海基金,混合型-偏股,,胡启聪,2024-01-02,2.7050,4,0.15%,开放申购,40.7705,25.2071,3.9605,,,8.8052,27.7731,-52.3916,-54.8520,-54.8520,2025,42.1424,0.8860,2026-09-16,[],3.9597,5.7799,8.8052,21.4300,75.4000,75.4000,,
006555,浦银全球智能科技(QDII)A,QDII/海外,2019-01-29,7.6277,18.4968,浦银基金,QDII-普通股票,,"IKEDA KAE,俞瑾",2022-08-11,4.0958,1,0.15%,暂停申购,44.2097,32.6176,14.9666,,,17.5245,28.0862,-37.7385,-37.7385,-37.7385,2023,40.9262,1.0194,2026-09-15,['014002'],14.9662,,17.5245,100.8400,,242.7000,,
110011,易方达优质精选混合(QDII),QDII/海外,2008-06-19,18.2423,67.7700,易方达基金,QDII-混合偏股,,"张坤,彭珂",2026-06-27,0.2218,1,0.15%,限大额,-30.0365,-10.4356,-10.5105,2.8188,5.5533,9.3315,23.7675,-48.7040,-59.6937,-59.6937,2020,85.3125,-1.9705,2026-09-16,[],-10.5115,6.4994,9.9183,-42.6100,87.7023,461.3200,,
007455,富国蓝筹精选股票(QDII)人民币,QDII/海外,2019-08-02,7.1211,12.2782,富国基金,QDII-普通股票,,"汪孟海,宁君",2026-08-21,0.0684,4,0.15%,限大额,-17.0323,16.9448,4.8227,,,15.8083,22.7769,-36.6735,-45.8804,-45.8804,2020,93.2218,-0.7574,2026-09-15,[],4.8220,,15.8083,26.5500,,184.3800,,
004877,汇添富全球医疗混合(QDII)人民币,QDII/海外,2017-08-16,9.0815,4.3444,汇添富基金,QDII-混合偏股,,洪鹄,2026-07-17,0.1643,3,0.16%,限大额,4.0233,9.8205,-0.5204,10.7975,,10.5288,14.5359,-34.8109,-41.0109,-41.0109,2020,49.0942,0.2646,2026-09-15,[],-0.5194,,10.5288,-2.5700,,148.2100,,
000047,华夏双债债券A,债券/固收,2013-03-14,13.5086,32.6591,华夏基金,债券型-混合一级,,柳万军,2015-07-16,11.1704,0,0.08%,开放申购,11.3735,12.6922,6.1743,9.5274,7.6153,8.2016,7.7383,-9.2454,-10.4718,-10.4718,2020,22.9224,1.0444,2026-09-16,['000048'],5.6536,7.6153,8.1863,31.6500,,189.4800,82.2,1
000143,鹏华双债加利债券A,债券/固收,2013-05-27,13.3060,115.7614,鹏华基金,债券型-混合二级,,王石千,2018-03-28,8.4709,0,0.08%,开放申购,8.2845,11.3886,5.6770,7.7280,6.3071,7.1750,7.1054,-10.2530,-10.2530,-10.2530,2025,18.8522,0.9842,2026-09-16,['013149'],5.3598,6.3071,7.1354,29.8300,,150.2000,76.2,1
110017,易方达增强回报债券A,债券/固收,2008-03-19,18.4942,326.8462,易方达基金,债券型-混合一级,,王晓晨,2020-05-27,6.3053,0,0.08%,开放申购,3.4700,5.5130,4.2039,6.5873,5.5803,7.4445,2.7505,-3.1792,-3.9525,-6.9267,2014,26.4892,1.0337,2026-09-16,['110018'],4.0657,5.5803,7.6631,22.0500,,291.7900,75.9,1
005273,华商可转债债券A,债券/固收,2017-12-22,8.7337,25.1862,华商基金,债券型-混合二级,,张永志,2017-12-22,8.7337,0,0.08%,开放申购,34.8810,18.5876,6.1083,13.6526,,11.2002,16.6943,-27.2645,-30.9259,-30.9259,2025,32.2846,1.4570,2026-09-16,['005284'],6.1087,9.7154,11.2002,34.5100,152.7400,152.7400,75.6,1
005717,兴业机遇债券A,债券/固收,2018-11-13,7.8412,11.3262,兴业基金,债券型-混合二级,,丁进,2020-07-14,6.1739,0,0.80%,限大额,4.4871,7.9044,6.3571,,,8.0024,7.6279,-10.2154,-10.2154,-10.2154,2021,19.4655,0.4196,2026-09-16,['008222'],6.3568,6.2223,8.0027,36.0900,82.8770,82.8800,75.3,1
630007,华商稳健双利债券A,债券/固收,2010-08-09,16.1040,82.4885,华商基金,债券型-混合二级,,张永志,2013-02-06,13.6071,0,0.08%,开放申购,14.2947,8.0286,5.2781,7.4014,5.7872,6.0896,4.2958,-4.5693,-11.8490,-26.2341,2014,34.1979,2.0873,2026-09-16,['630107'],5.3030,5.7872,6.1185,29.4800,,160.2200,75.1,1
720003,财通收益增强债券A,债券/固收,2012-12-20,13.7385,24.5097,财通基金,债券型-混合二级,,"罗晓倩,匡恒",2023-02-10,3.5975,3,0.08%,限大额,23.1885,17.1674,7.4745,10.4575,7.8952,7.5357,9.9078,-15.8190,-19.6853,-19.6853,2025,26.6268,1.5955,2026-09-16,['003204'],6.3537,7.8952,7.7157,36.0700,,177.6300,74.9,1
001257,兴业收益增强债券A,债券/固收,2015-05-29,11.3018,184.8005,兴业基金,债券型-混合二级,,"周鸣,丁进",2015-05-29,11.3018,0,0.08%,限大额,4.5161,7.4552,5.5377,6.8787,5.8645,6.0026,5.8111,-6.5058,-6.5058,-6.5058,2021,14.4540,0.7881,2026-09-16,['001258'],5.3631,5.8645,6.0258,29.8500,,93.7300,72.8,1
630009,华商稳定增利债券A,债券/固收,2011-03-15,15.5072,37.2976,华商基金,债券型-混合二级,,张永志,2017-08-04,9.1170,0,0.08%,开放申购,21.5202,11.1896,4.2233,8.9186,7.6835,7.5515,8.2654,-13.8861,-15.7380,-19.3798,2014,25.5747,1.7377,2026-09-16,['630109'],4.0657,7.6835,7.5853,22.0500,,210.7400,71.8,1
001751,华商信用增强债券A,债券/固收,2015-09-08,11.0226,171.8526,华商基金,债券型-混合二级,,厉骞,2020-07-17,6.1656,0,0.08%,限大额,14.1499,13.0404,6.0021,11.3923,6.7711,6.6866,13.0235,-22.1639,-24.1534,-24.1534,2021,30.5505,1.2115,2026-09-16,['001752'],5.3987,6.7711,6.5865,30.0700,,102.0000,70.5,1
002405,光大中高等级债券A,债券/固收,2017-08-04,9.1170,5.8167,光大保德信基金,债券型-混合一级,,黄波,2021-05-10,5.3525,0,0.08%,限大额,5.7961,12.2839,7.2058,8.1139,,6.8651,9.9265,-17.1339,-17.1339,-17.1339,2024,20.1336,0.5265,2026-09-16,['002406'],7.2059,6.2405,6.8652,41.6100,83.1890,83.1900,68.8,1
004427,交银增利增强债券A,债券/固收,2017-06-02,9.2895,25.5079,交银施罗德基金,债券型-混合二级,,魏玉敏,2020-07-23,6.1492,0,0.08%,开放申购,5.2206,4.6813,3.6267,7.1688,,6.7027,3.5387,-4.6786,-9.0532,-9.0532,2020,16.7447,1.1106,2026-09-16,"['023844', '004428']",3.6272,6.2120,6.7028,19.5000,82.6984,82.7000,67.8,1
360013,光大信用添益债券A,债券/固收,2011-05-16,15.3374,47.7436,光大保德信基金,债券型-混合二级,,黄波,2019-11-05,6.8638,0,0.08%,开放申购,5.7397,9.3627,4.9710,8.8117,7.4423,7.0631,15.2651,-29.7116,-29.7116,-29.7116,2020,24.6481,0.5211,2026-09-16,['360014'],4.7573,7.4423,7.5858,26.1600,,206.9300,67.7,1
005121,富国兴利增强债券A,债券/固收,2017-09-20,8.9884,96.7597,富国基金,债券型-混合二级,,陈斯扬,2020-01-10,6.6831,0,0.08%,开放申购,5.1024,8.9619,4.1162,7.9510,,7.0025,9.2639,-17.1908,-17.1908,-17.1908,2020,23.3805,0.3704,2026-09-16,['022229'],4.1168,6.2724,7.0025,22.3500,83.7400,83.7400,66.6,1
000171,易方达裕丰回报债券A,债券/固收,2013-08-23,13.0650,292.6636,易方达基金,债券型-混合二级,,张清华,2025-09-30,0.9610,1,0.10%,开放申购,9.2910,7.2454,4.1437,6.3687,6.0695,7.7441,4.8473,-6.3470,-6.3470,-8.7535,2015,21.7133,0.9808,2026-09-16,[],3.9203,6.0695,7.7128,21.2000,,163.9800,65.6,1
519162,新华增怡债券A,债券/固收,2013-12-04,12.7830,36.5484,新华基金,债券型-混合二级,,王丹,2021-02-19,5.5715,0,0.08%,开放申购,10.2631,9.8119,5.8267,6.2962,5.6702,6.4708,6.9436,-10.8391,-10.8391,-10.8391,2014,18.3267,1.8639,2026-09-16,['519163'],5.3338,5.6702,6.4210,29.6700,,121.5600,65.5,1
000385,景顺长城景颐双利债券A,债券/固收,2013-11-13,12.8405,429.7965,景顺长城基金,债券型-混合二级,,"董晗,李怡文",2021-04-30,5.3799,0,0.08%,开放申购,3.9648,5.9599,3.9538,5.4374,4.7954,6.5748,4.2811,-3.9016,-3.9016,-4.9505,2015,21.5332,0.7771,2026-09-16,['000386'],3.8620,4.7954,6.5925,20.8600,,127.0000,64.2,1
162210,宏利集利债券A,债券/固收,2008-09-26,17.9713,39.5429,宏利基金,债券型-混合二级,,"李宇璐,石磊",2024-08-16,2.0835,5,0.08%,开放申购,10.5870,8.2168,5.8596,5.9202,5.0038,5.9483,4.9110,-4.0661,-4.0661,-11.0128,2014,30.4598,1.4005,2026-09-16,['162299'],5.6359,5.0038,5.9448,31.5400,,182.3000,64.0,1
000973,新华增盈回报债券,债券/固收,2015-01-16,11.6660,6.2843,新华基金,债券型-混合二级,,王丹,2023-07-19,3.1622,2,0.08%,开放申购,5.9845,7.6982,4.8301,6.1098,5.7552,5.8889,4.9204,-4.4627,-4.4627,-4.4627,2019,11.4342,1.1903,2026-09-16,[],4.8303,5.7363,5.8888,26.6000,74.6788,94.9400,63.3,1
110027,易方达安心回报债券A,债券/固收,2011-06-21,15.2389,144.0899,易方达基金,债券型-混合二级,,张清华,2014-01-18,12.6598,0,0.08%,限大额,7.2582,6.5903,3.1299,6.9376,5.7970,8.0885,6.0783,-9.0559,-11.6065,-27.5216,2014,77.3481,0.5337,2026-09-16,['110028'],3.1299,5.7830,10.0752,16.6600,75.4525,331.8200,62.9,1
002969,易方达丰和债券A,债券/固收,2016-11-23,9.8125,234.1436,易方达基金,债券型-混合二级,,"张清华,何一铖",2026-03-07,0.5284,1,0.10%,开放申购,13.9717,8.1148,4.5425,6.2330,,6.2338,5.1043,-7.0577,-7.0577,-7.0577,2026,13.4390,1.4390,2026-09-16,['016699'],4.5422,6.1134,6.2338,24.8700,81.0091,81.0100,62.6,
161115,易方达岁丰添利债券(LOF)A,债券/固收,2010-11-09,15.8522,93.4051,易方达基金,债券型-混合一级,,"胡剑,张凯頔",2022-07-06,4.1971,1,0.08%,开放申购,2.1716,3.3548,3.2276,6.2233,4.9107,7.7743,1.1173,-2.2279,-4.3179,-9.1573,2014,53.0021,1.1798,2026-09-16,['017156'],3.2269,4.9047,7.7743,17.2100,61.4177,227.6700,62.2,
217008,招商安本增利债券C,债券/固收,2006-07-11,20.1834,129.0089,招商基金,债券型-混合二级,,"滕越,王娟娟",2022-01-14,4.6708,1,0.00%,限大额,4.9337,8.0909,5.6948,6.8068,4.5003,6.4454,6.2175,-7.7714,-14.7386,-21.7408,2014,39.1639,0.8370,2026-09-16,[],5.6439,4.5003,6.4678,31.5900,,254.2900,62.2,
003401,工银可转债债券,债券/固收,2016-12-14,9.7550,22.5667,工银瑞信基金,债券型-混合二级,,黄诗原,2021-09-08,5.0212,0,0.08%,限大额,7.0062,8.2390,5.0194,8.7360,,6.6147,16.3084,-29.7683,-29.7683,-29.7683,2019,30.9209,0.2339,2026-09-16,[],5.0200,6.4475,6.6147,27.7500,86.7900,86.7900,61.9,
610008,信澳信用债债券A,债券/固收,2013-05-14,13.3415,23.7525,信达澳亚基金,债券型-混合二级,,张旻,2022-01-07,4.6899,1,0.08%,开放申购,8.3401,9.5244,6.0915,8.1315,6.2408,5.8058,10.0126,-21.4548,-21.4548,-23.7645,2025,23.1214,0.9302,2026-09-16,['610108'],5.6391,6.2408,5.8236,31.5600,,112.8000,60.9,
002459,华夏鼎利债券发起式A,债券/固收,2016-11-18,9.8261,124.7944,华夏基金,债券型-混合二级,,"刘明宇,孙蒙",2026-01-26,0.6379,2,0.08%,开放申购,7.3454,8.7548,3.6843,8.2255,,7.3246,6.3570,-11.5502,-12.5412,-12.5412,2020,22.2182,0.9299,2026-09-16,['002460'],3.6843,7.3700,7.5055,19.8300,103.6251,103.6300,60.9,
005908,华泰保兴尊利债券A,债券/固收,2018-06-25,8.2272,52.0027,华泰保兴基金,债券型-混合二级,,张挺,2021-03-31,5.4620,0,0.08%,开放申购,3.8703,7.1889,4.9072,6.0616,,5.9240,5.1912,-5.5895,-5.5895,-5.5895,2024,14.7058,0.6759,2026-09-16,['005909'],4.9080,4.8488,5.9241,27.0700,60.5595,60.5600,60.6,
202105,南方广利回报债券A/B,债券/固收,2010-11-03,15.8686,203.5266,南方基金,债券型-混合二级,,"刘文良,王润栋",2025-09-19,0.9911,1,0.08%,开放申购,18.8359,13.2871,6.0511,8.4946,5.8915,6.6122,13.1091,-22.4547,-22.4547,-29.4153,2014,44.0191,1.1127,2026-09-16,[],5.4473,5.8915,6.5418,30.3700,,173.3400,60.5,
005301,前海开源弘泽债券发起式A,债券/固收,2018-01-26,8.6379,8.2742,前海开源基金,债券型-混合二级,,林汉耀,2024-07-19,2.1602,2,0.08%,限大额,3.6275,4.2552,2.4112,8.2780,,8.6734,1.7899,-4.7726,-15.7272,-15.7272,2019,53.0983,1.1690,2026-09-16,['005302'],2.4109,7.4491,8.6734,12.6500,105.1296,105.1300,59.7,
003504,景顺长城景颐丰利债券A,债券/固收,2017-01-18,9.6591,235.9462,景顺长城基金,债券型-混合二级,,"徐栋,李怡文,江山",2024-07-10,2.1848,3,0.08%,开放申购,11.3717,14.2474,7.5586,6.3015,,5.7252,9.3722,-17.9099,-17.9099,-17.9099,2025,26.6611,0.9881,2026-09-16,"['023512', '003505']",7.5579,5.5248,5.7255,43.9500,71.2159,71.2200,59.7,
002276,中邮纯债恒利债券A,债券/固收,2017-04-13,9.4264,65.2248,中邮基金,债券型-混合一级,,"武志骁,闫宜乘",2023-07-28,3.1376,2,0.08%,开放申购,3.2056,5.8718,5.0073,5.5350,,5.4207,3.7333,-4.7735,-4.7735,-4.7735,2021,11.6541,0.4017,2026-09-16,['002277'],5.0069,5.1020,5.4208,27.6700,64.4787,64.4800,59.5,
675111,西部利得汇享债券A,债券/固收,2017-03-10,9.5195,117.5723,西部利得基金,债券型-混合一级,,"严志勇,李安然",2021-04-21,5.4045,0,0.05%,限大额,3.5507,4.5491,3.8620,5.2741,,5.1710,1.5872,-1.9764,-1.9764,-1.9764,2019,9.4964,1.4833,2026-09-16,['675113'],3.8620,4.9165,5.1711,20.8600,61.5994,61.6000,59.2,
002351,易方达裕祥回报债券A,债券/固收,2016-01-22,10.6502,241.5948,易方达基金,债券型-混合二级,,"王晓晨,王丹",2025-07-12,1.1800,4,0.10%,开放申购,1.9408,4.6679,3.2888,7.7075,6.7920,6.6406,3.9381,-7.8645,-7.8645,-7.8645,2019,23.2413,0.1794,2026-09-16,['017420'],3.2885,6.7713,6.6407,17.5600,92.5504,98.3300,59.2,
110035,易方达双债增强债券A,债券/固收,2011-12-01,14.7926,37.8295,易方达基金,债券型-混合一级,,田鑫,2025-07-12,1.1800,3,0.08%,开放申购,0.7419,3.7140,3.4664,7.9386,6.2936,6.8186,4.6531,-8.3991,-9.8370,-9.8370,2021,18.9723,-0.4175,2026-09-16,['110036'],3.4671,6.2936,6.8187,18.5800,84.1075,165.3200,58.6,
206018,鹏华产业债债券A,债券/固收,2013-02-06,13.6071,45.1854,鹏华基金,债券型-混合一级,,祝松,2014-03-14,12.5092,0,0.08%,限大额,2.8742,4.5250,3.8394,4.8938,4.5950,5.5529,1.9936,-2.2358,-4.7487,-4.7487,2014,18.6544,1.0446,2026-09-16,[],3.7690,4.5950,5.5543,20.3200,,108.6600,58.5,
100018,富国天利增长债券A,债券/固收,2003-12-02,22.7899,89.6263,富国基金,债券型-混合一级,,黄纪亮,2015-03-13,11.5127,0,0.12%,开放申购,2.9345,3.3965,3.2973,4.3941,3.9491,7.1670,1.1055,-2.0900,-3.6395,-9.3561,2007,38.3001,1.7345,2026-09-16,['017534'],3.2973,3.9467,7.1670,17.6100,47.2678,384.2700,57.9,
217024,招商安盈债券A,债券/固收,2012-08-20,14.0726,35.7734,招商基金,债券型-混合二级,,"尹晓红,蔡振",2021-08-05,5.1143,0,0.08%,开放申购,2.3805,4.5567,3.8877,5.9111,4.8221,3.6705,3.8161,-4.3451,-4.3451,-40.4052,2014,28.5291,0.4488,2026-09-16,['012233'],3.8482,4.8221,5.9521,20.7800,,125.6100,57.3,
110008,易方达稳健收益债券B,债券/固收,2005-09-19,20.9911,163.2665,易方达基金,债券型-混合二级,,胡剑,2012-02-29,14.5462,0,0.08%,开放申购,1.4525,4.1449,3.0659,5.5374,4.9012,6.4511,4.0452,-4.6801,-4.6801,-6.9371,2014,30.4771,-0.0126,2026-09-16,"['110007', '008008']",3.0661,4.8814,6.4752,16.3000,61.0586,273.2300,56.5,
000118,广发聚鑫债券A,债券/固收,2013-06-05,13.2813,78.4676,广发基金,债券型-混合二级,,张芊,2015-07-24,11.1485,0,0.08%,限大额,-3.0245,2.9303,2.2990,6.8555,5.2030,7.8517,5.0872,-6.7869,-11.1284,-16.3507,2014,39.1807,-0.9929,2026-09-16,['000119'],2.3271,5.1834,8.0369,12.1900,65.7566,179.1800,55.6,
121012,国投瑞银优化增强债券A/B,债券/固收,2010-09-08,16.0219,49.8750,国投瑞银基金,债券型-混合二级,,"杨枫,綦缚鹏",2023-06-15,3.2553,3,0.08%,开放申购,3.9152,4.0708,3.6069,5.0518,5.0483,6.2489,3.3743,-5.0527,-5.0527,-7.6999,2014,31.8313,0.9441,2026-09-16,[],3.5020,5.0483,6.2687,18.7800,,164.8900,55.3,
202107,南方广利回报债券C,债券/固收,2010-11-03,15.8686,44.4772,南方基金,债券型-混合二级,,"刘文良,王润栋",2025-09-19,0.9911,1,0.00%,开放申购,18.3691,12.8587,5.6233,8.0013,5.4236,6.2238,13.1097,-23.2882,-23.2882,-29.1869,2014,43.5688,1.0854,2026-09-16,[],5.0250,5.4236,6.1855,27.7800,,159.1900,53.6,
005159,华泰保兴尊合债券A,债券/固收,2017-11-21,8.8186,44.8314,华泰保兴基金,债券型-混合一级,,张挺,2017-11-21,8.8186,0,0.08%,开放申购,1.7118,4.2972,3.6878,4.9257,,5.0289,1.5561,-1.5461,-1.5461,-1.5461,2019,9.4769,0.1523,2026-09-16,['005160'],3.6878,4.4218,5.0289,19.8500,54.1392,54.1400,53.5,
000014,华夏聚利债券A,债券/固收,2013-03-19,13.4949,6.7803,华夏基金,债券型-混合一级,,"武文琦,陆晓天",2026-01-26,0.6379,1,0.06%,开放申购,9.5324,8.3093,4.2585,9.0965,6.5991,6.1566,9.1676,-20.1302,-20.1302,-20.1302,2020,25.6860,1.0452,2026-09-16,[],4.1848,6.5991,6.1762,22.7500,,124.5100,53.3,
320021,诺安双利债券发起A,债券/固收,2012-11-29,13.7960,32.8369,诺安基金,债券型-混合二级,,"潘飞,吕磊",2024-08-26,2.0561,7,0.08%,开放申购,5.2946,2.5700,1.3183,5.9911,7.0867,7.8154,3.5553,-7.8360,-7.8360,-19.0031,2018,35.7542,0.8353,2026-09-16,['026876'],1.3188,7.0642,7.8154,6.7700,97.8977,182.4000,53.3,
161908,万家添利债券(LOF)C,债券/固收,2011-06-02,15.2909,1.2182,万家基金,债券型-混合一级,,陈佳昀,2017-09-13,9.0075,0,0.00%,限大额,0.7580,4.0910,3.7623,6.4048,5.0595,4.8063,5.5852,-7.0982,-9.5274,-18.2071,2019,18.2578,-0.5268,2026-09-16,[],3.4129,5.0595,6.3529,18.2700,,156.4600,53.2,
000184,工银添福债券A,债券/固收,2013-10-31,12.8761,59.5603,工银瑞信基金,债券型-混合二级,,郭雪松,2021-02-25,5.5551,0,0.08%,开放申购,4.5253,6.4431,5.1138,4.6103,3.3459,6.8018,6.1900,-8.0264,-8.2493,-8.2493,2014,44.2672,1.5847,2026-09-16,['000185'],4.7988,3.3459,6.8215,26.4100,,133.8900,52.6,
002586,金鹰添利信用债债券A,债券/固收,2017-02-22,9.5633,2.2018,金鹰基金,债券型-混合一级,,周雅雯,2023-03-17,3.5017,3,0.08%,开放申购,6.4746,7.6046,5.0222,5.9764,,5.6172,8.8778,-15.0631,-15.0631,-15.0631,2025,21.3972,0.3165,2026-09-16,"['002587', '022105']",5.0217,5.3654,5.6173,27.7600,68.6476,68.6500,52.5,
004451,汇添富双鑫添利债券A,债券/固收,2017-04-20,9.4073,98.6162,汇添富基金,债券型-混合二级,,"徐一恒,吴江宏",2022-08-10,4.1013,1,0.08%,开放申购,2.0847,5.2577,3.7771,5.5686,,5.1225,3.5582,-3.7312,-7.7827,-7.7827,2020,14.1820,0.0680,2026-09-16,"['025178', '004452']",3.7776,4.8117,5.1224,20.3700,59.9917,59.9900,52.0,
360008,光大增利收益债券A,债券/固收,2008-10-29,17.8809,27.5257,光大保德信基金,债券型-混合一级,,黄波,2019-11-05,6.8638,0,0.10%,开放申购,0.7013,4.7604,4.5327,5.4519,4.6628,4.6895,3.5813,-5.4416,-5.4416,-13.2296,2014,11.6150,-0.3032,2026-09-16,['360009'],4.4197,4.6628,4.6953,24.1400,,127.1500,51.7,
470058,汇添富可转换债券A,债券/固收,2011-06-17,15.2498,15.8599,汇添富基金,债券型-混合二级,,"吴江宏,胡奕",2021-02-03,5.6153,0,0.08%,开放申购,3.3979,8.3354,2.8566,8.8165,7.0027,6.9762,12.0082,-25.0627,-25.0627,-52.1603,2014,82.1733,0.1056,2026-09-16,"['025413', '470059']",2.8561,6.9867,6.9763,15.1200,96.4714,179.6600,51.4,
000668,国寿安保尊享债券A,债券/固收,2014-07-24,12.1478,11.3920,国寿安保基金,债券型-混合一级,,高鑫,2022-12-15,3.7536,1,0.08%,限大额,3.5567,5.1932,4.2809,4.1673,3.8978,5.3366,1.8417,-1.3708,-1.8048,-6.2651,2015,11.0215,0.9901,2026-09-16,['000669'],4.2814,3.8897,5.3367,23.3200,46.4626,88.0600,51.1,
519669,银河领先债券A,债券/固收,2012-11-29,13.7960,15.0748,银河基金,债券型-混合一级,,蒋磊,2021-11-12,4.8433,1,0.04%,开放申购,2.0467,4.6607,3.8072,4.0692,4.1002,5.3636,1.6101,-1.8697,-1.9290,-1.9290,2014,14.1340,0.5738,2026-09-16,[],3.7759,4.1002,5.3585,20.3600,,105.4700,50.8,
100035,富国优化增强债券A/B,债券/固收,2009-06-10,17.2676,41.5888,富国基金,债券型-混合二级,,张育浩,2025-11-21,0.8186,4,0.08%,开放申购,5.3333,11.7511,5.0658,6.2842,5.1785,5.9665,10.3468,-20.1848,-20.9163,-20.9163,2014,23.2342,0.5918,2026-09-16,[],4.9262,5.1785,5.9721,27.1800,,172.2700,50.1,
240018,华宝可转债债券A,债券/固收,2011-04-27,15.3895,7.8515,华宝基金,债券型-混合一级,,李栋梁,2016-06-01,10.2916,0,0.08%,开放申购,4.4579,9.2370,4.0278,11.1673,6.9875,4.5548,14.2004,-26.9394,-26.9394,-64.2937,2014,62.5792,0.1337,2026-09-16,"['025259', '008817']",4.0281,6.9801,4.5548,21.8300,96.3494,98.4700,50.1,
000130,大成景兴信用债债券A,债券/固收,2013-06-04,13.2841,7.2688,大成基金,债券型-混合一级,,孙丹,2020-10-15,5.9192,0,0.08%,开放申购,2.3046,3.9760,3.5455,4.1890,4.0876,5.9078,1.6969,-2.7828,-3.7813,-11.9865,2014,28.2316,1.1850,2026-09-16,['000131'],3.3797,4.0876,5.9041,18.0800,,114.2600,48.7,
320004,诺安优化收益债券C,债券/固收,2006-07-17,20.1670,8.7804,诺安基金,债券型-混合一级,,张立,2021-11-13,4.8405,1,0.00%,开放申购,2.3981,3.8188,2.0692,8.4753,6.6647,6.6311,5.0979,-10.4599,-10.8749,-12.4276,2014,24.4974,0.7673,2026-09-16,['024765'],2.0686,6.6709,6.6310,10.7800,90.7485,265.0300,48.7,
217022,招商产业债券A,债券/固收,2012-03-21,14.4887,132.3603,招商基金,债券型-混合一级,,刘万锋,2025-03-22,1.4867,2,0.08%,限大额,1.6331,2.6719,3.1476,4.2427,4.2785,6.0391,0.6700,-2.0154,-2.0154,-6.6732,2014,21.4160,0.6974,2026-09-16,['001868'],3.1475,4.2785,6.0392,16.7600,52.0358,133.8700,48.3,
240012,华宝增强收益债券A,债券/固收,2009-02-17,17.5770,10.4504,华宝基金,债券型-混合二级,,曾健飞,2023-03-04,3.5373,1,0.08%,开放申购,8.8869,13.4793,6.8850,6.4450,5.0196,5.2582,14.0602,-23.7324,-23.7324,-23.7324,2025,31.0607,0.4240,2026-09-16,['240013'],6.3067,5.0196,5.1711,35.7700,,142.5900,47.3,
040022,华安可转债债券A,债券/固收,2011-06-22,15.2361,8.9268,华安基金,债券型-混合二级,,"周益鸣,卢维捷",2023-11-10,2.8501,1,0.08%,限大额,-1.6838,5.6397,4.6337,8.9475,5.8188,4.9967,10.2068,-16.4211,-19.6787,-59.1169,2014,77.1739,-0.4013,2026-09-16,['040023'],4.2526,5.8188,5.0294,23.1500,,111.2000,47.1,
050023,博时天颐债券A,债券/固收,2012-02-29,14.5462,4.9932,博时基金,债券型-混合二级,,"李重阳,罗霄",2024-02-02,2.6201,3,0.08%,开放申购,4.3574,7.7724,4.1062,5.2999,5.1601,5.7393,9.1422,-14.9320,-16.8109,-22.8286,2014,41.5650,0.2052,2026-09-16,"['023972', '050123']",4.1066,5.1412,5.7393,22.2900,65.0940,125.1900,47.0,
050011,博时信用债券A/B,债券/固收,2009-06-10,17.2676,39.5538,博时基金,债券型-混合二级,,过钧,2009-06-10,17.2676,0,0.08%,限大额,4.2337,7.9394,1.7250,6.8556,5.2952,8.5034,11.1059,-23.2505,-25.1949,-25.1949,2014,87.6192,0.1494,2026-09-16,[],1.7254,5.2528,8.5034,8.9300,66.8532,309.2800,46.9,
160513,博时稳健回报债券(LOF)A,债券/固收,2011-06-10,15.2690,24.6435,博时基金,债券型-混合一级,,"罗霄,高晖",2023-10-20,2.9076,2,0.08%,开放申购,2.8607,4.3088,3.5655,6.0063,4.1000,5.7291,2.3232,-2.8289,-10.8144,-10.8144,2014,31.5690,0.4897,2026-09-16,['160514'],3.3832,4.1000,5.7166,18.1000,,133.6900,46.6,
240003,华宝宝康债券A,债券/固收,2003-07-15,23.1732,33.1882,华宝基金,债券型-混合一级,,李栋梁,2012-02-29,14.5462,0,0.08%,开放申购,2.1469,3.3176,3.0839,3.8794,3.7341,5.4315,1.3256,-1.2730,-2.2263,-9.3025,2007,27.6379,0.4587,2026-09-16,"['025307', '007964']",3.0838,3.7317,5.4319,16.4000,44.2496,240.6700,46.5,
165517,中信保诚双盈债券(LOF)A,债券/固收,2012-04-13,14.4257,27.8586,中信保诚基金,债券型-混合一级,,"杨立春,韩海平",2019-08-27,7.0554,0,0.08%,开放申购,3.3241,3.5071,2.7323,3.6279,3.5427,3.3270,2.2492,-3.8217,-3.8217,-36.9483,2014,29.1339,0.5023,2026-09-16,"['020962', '023611']",2.7325,3.5519,7.2219,14.4300,41.7688,173.4400,46.0,
005138,前海开源弘丰债券A,债券/固收,2018-03-27,8.4736,3.5476,前海开源基金,债券型-混合二级,,"史延,田维",2024-01-09,2.6858,3,0.08%,开放申购,7.0701,5.7050,2.4417,6.4353,,6.6570,3.6706,-8.2320,-15.6712,-15.6712,2019,44.6687,1.7096,2026-09-16,['005139'],2.4418,5.6130,6.6568,12.8200,72.6522,72.6500,45.6,
000122,汇添富实业债债券A,债券/固收,2013-06-14,13.2567,50.9720,汇添富基金,债券型-混合一级,,"徐一恒,吴江宏,胡奕",2024-06-28,2.2177,2,0.10%,开放申购,4.1899,6.7630,4.7956,4.8747,3.8777,5.5555,3.7680,-7.1305,-7.1305,-7.1305,2014,21.2757,0.6853,2026-09-16,['000123'],4.7706,3.8777,5.5518,26.2400,,104.6800,45.5,
380009,中银添利债券发起A,债券/固收,2013-02-04,13.6126,33.4612,中银基金,债券型-混合二级,,陈玮,2014-12-31,11.7098,0,0.08%,开放申购,1.7055,3.4690,2.8748,3.8998,3.9979,5.5194,1.4597,-2.5828,-2.5828,-4.2636,2014,17.5403,0.1329,2026-09-16,"['005852', '007100']",2.8740,3.9905,5.5192,15.2200,47.8896,107.7800,45.2,
000406,汇添富双利增强债券A,债券/固收,2013-12-03,12.7858,59.7148,汇添富基金,债券型-混合二级,,"邵佳民,丁云波",2024-05-09,2.3546,5,0.10%,开放申购,11.4639,8.9863,3.8357,5.1084,4.6315,5.6243,4.7940,-9.8300,-10.9732,-10.9732,2025,16.0611,1.4862,2026-09-16,"['021772', '025414', '000407']",3.8362,4.6315,5.6244,20.7100,57.2630,101.3000,45.1,
420102,天弘永利债券B,债券/固收,2008-04-18,18.4120,105.4953,天弘基金,债券型-混合二级,,"张寓,杜广",2026-02-09,0.5996,5,0.08%,开放申购,1.9861,3.5711,2.6500,6.5990,5.1475,5.5778,3.2156,-3.4079,-5.4212,-5.9599,2015,15.1533,0.2459,2026-09-16,"['002794', '009610', '420002']",2.6678,5.1526,5.5912,14.0700,65.2723,172.2900,44.8,
040012,华安强化收益债券A,债券/固收,2009-04-13,17.4264,11.3427,华安基金,债券型-混合二级,,郑伟山,2022-09-16,4.0000,1,0.08%,开放申购,-4.6761,6.8562,3.7044,5.2078,4.5737,6.3669,9.3367,-12.6472,-12.6472,-12.6472,2014,33.0514,-0.4696,2026-09-16,['040013'],3.6930,4.5737,6.4491,19.8800,,197.1600,44.7,
161010,富国天丰强化债券(LOF)A,债券/固收,2008-10-24,17.8946,8.2978,富国基金,债券型-混合一级,,张明凯,2020-10-26,5.8891,0,0.08%,开放申购,-1.9028,6.1781,3.8118,5.8944,4.4798,6.1310,7.7914,-10.6624,-10.6624,-10.6624,2015,18.4798,-0.2814,2026-09-16,[],3.5699,4.4798,6.0835,19.1700,,187.7100,44.2,
128112,国投瑞银优化增强债券C,债券/固收,2010-09-08,16.0219,11.9802,国投瑞银基金,债券型-混合二级,,"杨枫,綦缚鹏",2023-06-15,3.2553,3,0.00%,开放申购,3.4994,3.6323,3.1828,4.6277,4.6714,5.8436,3.3748,-5.2007,-5.2007,-8.0040,2014,31.1483,0.7017,2026-09-16,"['023789', '023790']",3.1828,4.6579,5.8435,16.9600,57.6588,148.4100,43.0,
003275,国联安添利增长债A,债券/固收,2016-09-29,9.9630,6.9225,国联安基金,债券型-混合二级,,邹新进,2021-12-22,4.7337,1,0.07%,开放申购,-0.7209,4.2162,3.7944,4.7874,,4.9906,6.5027,-9.0533,-9.0533,-9.0533,2025,11.0488,-0.4246,2026-09-16,['003276'],3.7948,4.9717,4.9905,20.4700,62.4507,62.4500,43.0,
217023,招商信用增强债券A,债券/固收,2012-07-20,14.1574,207.4339,招商基金,债券型-混合二级,,"滕越,夏里鹏",2025-04-01,1.4593,1,0.08%,限大额,2.7166,5.1169,4.1654,4.6709,3.4130,5.0339,3.0606,-3.9527,-8.3840,-10.0506,2014,20.3245,0.6297,2026-09-16,['007951'],4.2102,3.4130,5.0887,22.9000,,101.9200,42.9,
003458,嘉实稳宏债券A,债券/固收,2017-06-02,9.2895,11.9133,嘉实基金,债券型-混合二级,,赖礼辉,2021-01-18,5.6591,0,0.08%,开放申购,9.7487,7.9441,2.2755,8.4399,,6.5542,14.5592,-26.3475,-26.3475,-26.3475,2025,28.2633,0.4296,2026-09-16,"['024213', '003459']",2.2760,6.0747,6.5542,11.9100,80.3500,80.3500,42.4,
485111,工银瑞信双利债券A,债券/固收,2010-08-16,16.0849,49.9776,工银瑞信基金,债券型-混合二级,,"徐博文,李昱",2026-02-11,0.5941,3,0.08%,限大额,4.3956,4.1676,3.1190,4.5575,4.0822,6.0686,2.8875,-3.5122,-5.0539,-5.0539,2014,21.1785,0.7562,2026-09-16,['485011'],3.1192,4.0822,6.0685,16.6000,49.1987,157.9600,41.5,
470018,汇添富双利债券A,债券/固收,2011-01-26,15.6386,90.1667,汇添富基金,债券型-混合二级,,"吴江宏,陈思行",2024-03-29,2.4668,1,0.08%,开放申购,3.4799,5.5465,3.0006,5.9416,4.7116,5.6385,3.8316,-6.3098,-6.5864,-16.9860,2014,22.2117,0.3646,2026-09-16,"['025354', '000692']",3.0005,4.6975,5.6385,15.9300,58.2571,135.8000,41.3,
050111,博时信用债券C,债券/固收,2009-06-10,17.2676,12.5584,博时基金,债券型-混合二级,,过钧,2009-06-10,17.2676,0,0.00%,限大额,3.8691,7.5499,1.3645,6.4817,4.9253,8.1133,11.0991,-23.8208,-25.8324,-25.8324,2014,86.9036,0.1143,2026-09-16,['960027'],1.3643,4.8824,8.1133,7.0100,61.0748,284.6000,41.0,
590009,中邮稳定收益债券A,债券/固收,2012-11-21,13.8179,114.6761,中邮基金,债券型-混合一级,,"闫宜乘,衣瑛杰,肖雨晨",2025-09-01,1.0404,4,0.08%,开放申购,2.3097,3.8727,3.7801,4.0194,3.6662,5.0467,1.3693,-2.4699,-2.7919,-2.7919,2014,13.9226,0.5651,2026-09-16,['590010'],3.7793,3.6574,5.0466,20.3800,43.2200,97.4500,40.9,
000189,易方达丰华债券A,债券/固收,2016-01-13,10.6749,92.3514,易方达基金,债券型-混合二级,,"王成,李中阳",2022-03-22,4.4873,1,0.08%,开放申购,4.7774,5.0784,2.6182,5.4455,4.9710,4.8823,4.8431,-8.2852,-8.2852,-8.2852,2020,17.2578,0.5869,2026-09-16,['006867'],2.6174,5.3219,5.2105,13.7900,67.9521,71.9800,40.5,
006618,长江可转债债券A,债券/固收,2018-12-25,7.7262,2.4621,长江证券(上海)资管,债券型-混合二级,,漆志伟,2018-12-25,7.7262,0,0.08%,开放申购,-1.2299,4.7453,2.0826,,,6.8097,11.2678,-21.2903,-21.2903,-21.2903,2021,22.4613,-0.2865,2026-09-16,['006619'],2.0834,5.2217,6.8096,10.8600,66.3611,66.3600,40.2,
519680,交银增利债券A/B,债券/固收,2008-03-31,18.4613,28.2831,交银施罗德基金,债券型-混合一级,,魏玉敏,2024-11-23,1.8125,2,0.08%,开放申购,3.7302,4.2975,3.4940,4.7434,3.9675,5.3658,1.8214,-4.3256,-5.0642,-14.1880,2014,19.5165,1.3148,2026-09-16,[],3.4933,3.9624,5.3653,18.7300,47.4899,162.4400,40.2,
161019,富国新天锋债券(LOF)A,债券/固收,2012-05-07,14.3600,14.4116,富国基金,债券型-混合一级,,"武磊,张文昭",2026-02-26,0.5530,1,0.08%,开放申购,3.4123,4.2077,3.6711,4.8954,4.0470,5.4277,2.2794,-3.1414,-3.1414,-3.1512,2015,11.1337,0.5723,2026-09-16,[],3.5612,4.0470,5.4131,19.1200,,113.1900,40.0,
100058,富国产业债券A,债券/固收,2011-12-05,14.7817,32.5551,富国基金,债券型-混合一级,,武磊,2024-08-07,2.1081,1,0.08%,开放申购,2.4605,3.3679,3.3412,4.2035,3.8114,5.0342,0.7320,-1.5419,-2.6820,-5.5973,2014,15.3870,1.8710,2026-09-16,['007075'],3.3411,3.8114,5.0341,17.8600,45.3612,106.6800,39.9,
165509,中信保诚增强收益债券(LOF)A,债券/固收,2010-09-29,15.9644,16.1155,中信保诚基金,债券型-混合二级,,吴秋君,2023-11-06,2.8611,2,0.08%,开放申购,3.5589,5.8763,2.0554,5.8609,5.0958,6.3699,8.6700,-16.5612,-16.5612,-16.5612,2014,24.6632,0.2709,2026-09-16,['022251'],2.1312,5.3662,6.5531,11.1200,68.6604,175.4700,39.3,
163005,长信利众债券(LOF)C,债券/固收,2013-02-04,13.6126,10.2708,长信基金,债券型-混合一级,,刘婧,2023-03-07,3.5291,1,0.00%,开放申购,2.1106,3.2654,3.1634,4.5130,3.7363,3.0079,1.6969,-2.2474,-5.2562,-24.5625,2014,16.7782,0.2819,2026-09-16,"['023574', '163007']",3.1634,3.7300,5.5237,16.8500,44.2263,107.9000,38.9,
004952,兴全恒益债券A,债券/固收,2017-09-20,8.9884,62.1266,兴证全球基金,债券型-混合二级,,"张睿,徐留明",2021-12-20,4.7392,1,0.08%,限大额,2.4701,4.7223,3.3288,5.6584,,5.2846,6.8341,-11.1667,-11.1667,-11.1667,2019,13.9138,0.1173,2026-09-16,['004953'],3.3289,4.7373,5.2844,17.7900,58.8603,58.8600,38.6,
530017,建信双息红利债券A,债券/固收,2011-12-13,14.7598,22.3607,建信基金,债券型-混合二级,,尹润泉,2021-11-10,4.8487,2,0.08%,限大额,4.1892,6.8619,4.6230,4.3008,3.0889,6.1431,12.6473,-23.5544,-23.5544,-23.5544,2014,28.7695,0.7266,2026-09-16,"['960029', '531017']",4.6391,3.0889,6.1940,25.4500,,142.7900,38.5,
164703,汇添富纯债(LOF)A,债券/固收,2013-11-06,12.8597,9.4157,汇添富基金,债券型-混合一级,,"晏建军,曾丽琼",2024-11-19,1.8234,2,0.08%,开放申购,3.4409,3.2187,3.0757,3.3897,-0.8106,2.4559,1.0680,-1.8888,-32.9530,-32.9530,2015,24.4288,3.0968,2026-09-16,['023406'],3.0750,3.3042,6.0943,16.3500,38.4143,113.9900,38.3,
001862,东方红收益增强债券A,债券/固收,2015-11-02,10.8720,19.0909,东方红资产管理,债券型-混合二级,,孔令超,2024-03-05,2.5325,1,0.08%,开放申购,-0.8994,8.3104,4.0254,5.9388,4.7119,4.7584,9.0093,-15.7132,-15.7132,-15.7132,2019,17.4383,-0.4106,2026-09-16,['001863'],4.0247,4.6919,4.7581,21.8100,58.1724,65.7600,37.9,
340009,兴全磐稳增利债券A,债券/固收,2009-07-23,17.1499,5.0948,兴证全球基金,债券型-混合一级,,张睿,2015-12-14,10.7570,0,0.08%,限大额,1.6138,3.8419,3.3436,4.3448,3.9312,5.3594,3.8763,-7.2905,-7.2905,-8.6069,2014,36.1414,0.0000,2026-09-16,['007398'],3.3429,3.9242,5.3594,17.8700,46.9487,144.8200,37.4,
006061,红土创新增强收益债券A,债券/固收,2018-07-25,8.1451,4.6163,红土创新基金,债券型-混合二级,,"陈若劲,艾雪晗",2025-07-15,1.1718,1,0.08%,开放申购,0.5823,3.4546,3.4554,5.3485,,5.3037,3.6150,-5.1999,-5.3956,-5.3956,2021,9.2449,-0.4442,2026-09-16,['006064'],3.4549,4.2991,5.3039,18.5100,52.3368,52.3400,36.7,
163819,中银信用增利债券(LOF)A,债券/固收,2012-03-12,14.5133,19.6946,中银基金,债券型-混合一级,,"白洁,武苇杭",2025-03-26,1.4757,2,0.08%,开放申购,2.7191,4.5702,3.1718,4.5659,3.8630,5.5193,1.9407,-4.0219,-4.0219,-7.7619,2014,17.0857,0.8587,2026-09-16,['010871'],3.1723,3.8630,5.5192,16.9000,46.0860,118.0800,36.2,
530020,建信转债增强债券A,债券/固收,2012-05-29,14.2998,4.1692,建信基金,债券型-混合二级,,"吕怡,赵荣杰",2025-09-05,1.0294,3,0.08%,开放申购,9.2943,9.6628,3.3901,7.5585,4.2245,9.8057,15.7118,-28.7101,-28.7101,-28.7101,2014,96.2782,0.3513,2026-09-16,['531020'],3.3902,4.1914,9.8057,18.1400,50.7717,281.0000,35.8,
164208,天弘丰利债券(LOF)E,债券/固收,2011-11-23,14.8145,14.3142,天弘基金,债券型-混合一级,,"胡东,曹渝",2025-12-27,0.7201,5,0.06%,开放申购,2.9961,3.2885,2.9103,4.4104,4.0821,3.5675,3.5460,-6.2101,-6.2101,-32.2092,2021,13.2631,1.4597,2026-09-16,"['015563', '022557']",2.9097,4.0775,6.3941,15.4200,49.1313,150.4800,35.7,
217018,招商安瑞进取债券A,债券/固收,2011-03-17,15.5017,19.4632,招商基金,债券型-混合二级,,"况冲,黄晓婷",2026-01-29,0.6297,2,0.08%,限大额,8.6606,8.6588,4.4957,5.4069,3.9480,6.1077,13.2010,-26.9369,-26.9369,-26.9369,2014,41.0359,0.7522,2026-09-16,[],4.3574,3.9480,6.1537,23.7700,,152.3700,35.3,
750002,安信目标收益债券A,债券/固收,2012-09-25,13.9740,12.2767,安信基金,债券型-混合一级,,黄琬舒,2025-07-15,1.1718,3,0.08%,开放申购,2.7248,6.1602,5.1198,4.2199,3.0247,3.1886,2.8842,-4.9558,-11.2322,-11.2322,2021,12.0471,-1.4015,2026-09-16,['750003'],3.8052,3.0247,5.4529,20.5300,,110.0000,35.2,
164210,天弘同利债券(LOF)C,债券/固收,2013-09-17,12.9966,4.7754,天弘基金,债券型-混合一级,,"赵鼎龙,程仕湘",2024-08-22,2.0671,3,0.00%,限大额,1.6018,2.2463,2.5887,3.5601,-0.4193,2.4475,0.4299,-0.5329,-2.4777,-31.2849,2015,22.6823,0.5933,2026-09-16,"['009510', '015661', '020920']",2.5885,3.1925,6.0492,13.6300,36.9243,114.5400,35.1,
090002,大成债券A/B,债券/固收,2003-06-12,23.2635,3.9002,大成基金,债券型-混合一级,,王立,2012-10-08,13.9384,0,0.08%,开放申购,3.0538,3.4316,2.3295,3.6851,3.7300,5.5176,2.9188,-5.0733,-5.0733,-13.9448,2014,32.2207,0.4511,2026-09-16,[],2.3290,3.7276,5.9258,12.2000,44.1924,281.6200,35.0,
160618,鹏华丰泽债券(LOF)C,债券/固收,2011-12-08,14.7734,26.3314,鹏华基金,债券型-混合一级,,"祝松,张静娴",2026-01-30,0.6270,2,0.00%,限大额,1.8929,2.3074,2.3848,3.0370,2.9794,4.7934,0.6642,-1.9501,-1.9501,-5.6164,2014,18.7392,1.0098,2026-09-16,['022188'],2.9667,3.7909,5.4132,15.7400,45.0756,117.8900,34.6,
003218,前海开源祥和债券A,债券/固收,2016-11-28,9.7988,3.4971,前海开源基金,债券型-混合二级,,章俊,2021-03-12,5.5140,0,0.08%,开放申购,-0.1187,4.6705,1.2629,6.1045,,5.4261,4.5815,-11.5519,-11.5576,-11.5576,2021,21.9352,-0.5765,2026-09-16,['003219'],1.2637,5.3141,5.4263,6.4800,67.8277,67.8300,33.0,
007262,东方红聚利债券A,债券/固收,2019-09-06,7.0281,17.3829,东方红资产管理,债券型-混合一级,,孔令超,2019-09-06,7.0281,0,0.08%,开放申购,0.6248,4.1700,3.1149,,,5.4224,4.9374,-8.8738,-8.8738,-8.8738,2021,14.3167,-0.7530,2026-09-16,['007263'],3.1157,3.7809,5.4229,16.5800,44.9355,44.9400,32.8,
001001,华夏债券A/B,债券/固收,2002-10-23,23.8987,11.2135,华夏基金,债券型-混合一级,,"武文琦,陆晓天",2026-01-29,0.6297,3,0.08%,开放申购,3.7451,4.1332,2.7115,5.3894,4.2973,5.3372,2.3501,-4.2424,-4.3822,-6.4700,2007,17.0024,1.0574,2026-09-16,[],2.7110,4.2877,5.3353,14.3100,52.1711,246.3300,32.2,
003254,前海开源鼎裕债券A,债券/固收,2016-09-23,9.9795,5.5732,前海开源基金,债券型-混合二级,,林汉耀,2024-11-29,1.7960,2,0.08%,限大额,4.3117,1.0133,-2.3481,6.9083,,6.1610,7.7537,-27.3719,-27.3719,-27.3719,2018,74.8873,1.0694,2026-09-16,"['003255', '023403']",-2.3477,6.1479,6.1610,-11.2000,81.6001,81.6000,31.9,
000107,富国稳健增强债券A/B,债券/固收,2013-05-21,13.3224,17.5155,富国基金,债券型-混合二级,,俞晓斌,2025-05-16,1.3361,2,0.08%,开放申购,2.1837,3.0511,2.8375,4.3516,3.9963,5.3173,3.0421,-4.4693,-4.4693,-5.4762,2014,17.5971,0.2762,2026-09-16,[],2.8382,3.9768,5.3172,15.0200,47.6945,99.4100,31.2,
163811,中银双利债券A,债券/固收,2010-11-24,15.8111,13.1936,中银基金,债券型-混合二级,,范锐,2025-04-23,1.3990,4,0.08%,开放申购,1.9547,8.0337,3.3090,3.8967,0.4169,2.9370,6.7685,-11.0938,-25.2446,-25.2446,2014,15.8217,0.1050,2026-09-16,['163812'],3.3096,4.0728,5.2960,17.6800,49.0639,126.1300,28.2,
161626,融通通福债券(LOF)A,债券/固收,2013-12-10,12.7666,1.4744,融通基金,债券型-混合一级,,"樊鑫,时慕蓉,李可",2025-09-26,0.9719,5,0.08%,开放申购,-2.5764,1.0099,2.0137,3.8599,3.6991,6.5436,3.5808,-5.8994,-5.8994,-5.8994,2015,23.0643,-0.9707,2026-09-16,"['021434', '161627']",2.0834,3.6013,6.4618,10.8600,42.4465,122.4200,26.6,
400027,东方双债添利债券A,债券/固收,2014-09-24,11.9781,1.7928,东方基金,债券型-混合二级,,杨贵宾,2020-05-11,6.3491,0,0.08%,开放申购,0.1527,5.1853,2.6158,4.4726,3.2626,6.2820,10.4041,-20.7309,-20.7309,-20.7370,2014,31.0900,-0.1515,2026-09-16,"['019095', '400029']",2.6156,3.2331,6.2819,13.7800,37.4643,107.4600,25.1,
675011,西部利得稳健双利债券A,债券/固收,2012-06-26,14.2231,3.1348,西部利得基金,债券型-混合二级,,"梁晓明,计旭",2025-11-05,0.8624,5,0.08%,开放申购,-2.7964,4.9616,0.8256,7.1723,6.2940,5.0261,12.4950,-25.7454,-25.7454,-25.7454,2020,25.0887,-0.7987,2026-09-16,['675013'],0.8262,6.2745,5.0261,4.2000,83.7771,100.8700,24.8,
070015,嘉实多元债券A,债券/固收,2008-09-10,18.0151,4.6836,嘉实基金,债券型-混合二级,,"董福焱,李宇昂,李卓锴",2025-03-22,1.4867,3,0.08%,限大额,-0.4066,3.0760,2.2244,4.9222,4.1742,5.2675,5.0574,-10.3202,-10.3202,-10.3202,2020,15.8531,-0.6097,2026-09-16,['070016'],2.2248,4.1475,5.3512,11.6300,50.1373,155.7700,23.1,
690002,民生增强收益债券A,债券/固收,2009-07-21,17.1554,19.0360,民生加银基金,债券型-混合二级,,谢志华,2022-06-01,4.2930,2,0.08%,开放申购,-2.0981,8.2601,2.1940,5.6312,3.3733,6.6540,17.1281,-28.9236,-30.2243,-30.2243,2014,49.5041,-0.2021,2026-09-16,['690202'],2.1936,3.3520,6.6541,11.4600,39.0555,201.9700,22.5,
121001,国投瑞银融华债券,债券/固收,2003-04-16,23.4196,2.0909,国投瑞银基金,混合型-偏债,,杨枫,2022-01-28,4.6324,1,0.065%,开放申购,4.4955,5.7156,4.5329,3.2656,1.6905,8.1079,4.7352,-7.7250,-18.6659,-30.2970,2006,60.0910,0.9444,2026-09-16,[],4.2712,1.6905,8.0998,23.2600,,519.6800,,
510080,长盛全债指数增强债券A,债券/固收,2003-10-25,22.8939,36.3600,长盛基金,指数型-固收,标普中国全债指数,王贵君,2023-10-30,2.8802,2,0.10%,开放申购,1.5007,2.4929,2.3668,3.4311,2.7206,5.1025,0.9352,-0.8473,-3.8947,-7.3149,2007,29.5388,0.5139,2026-09-16,[],4.1491,2.7206,7.6144,22.5400,,436.5800,,
217003,招商安泰债券A,债券/固收,2003-04-28,23.3867,9.5769,招商基金,债券型-混合一级,,"刘万锋,马海林",2026-04-30,0.3806,2,0.08%,开放申购,6.4960,4.3786,3.9892,4.4195,4.0217,5.4064,1.6223,-2.7061,-3.6297,-5.4017,2007,19.9443,1.5870,2026-09-16,"['013391', '217203']",3.9323,4.0217,5.3996,21.2700,,242.0800,,
470010,汇添富多元收益债券A,债券/固收,2012-09-18,13.9932,33.5580,汇添富基金,债券型-混合二级,,"马翔,朱凌昊,丁巍",2026-07-30,0.1314,5,0.08%,开放申购,12.2746,9.5446,4.4121,6.7576,5.6512,7.4381,4.8284,-8.0528,-8.1022,-11.1194,2014,28.5589,1.6282,2026-09-16,['470011'],4.3321,5.6512,7.4319,23.6200,,172.6800,,
100037,富国优化增强债券C,债券/固收,2009-06-10,17.2676,7.4450,富国基金,债券型-混合二级,,张育浩,2025-11-21,0.8186,4,0.00%,暂停申购,4.9616,11.3325,4.6519,5.8576,4.7565,5.5379,10.3536,-20.9647,-21.6849,-21.6849,2014,22.7488,0.5275,2026-09-16,[],4.5171,4.7565,5.5438,24.7200,,153.8800,,
020019,国泰双利债券A,债券/固收,2009-03-11,17.5168,22.9665,国泰基金,债券型-混合二级,,"陈志华,缪莹荟",2026-08-06,0.1123,1,0.10%,限大额,0.2884,4.4417,3.8861,4.8377,4.2642,5.4670,6.3083,-9.3498,-9.3498,-10.3448,2014,12.3134,-0.0670,2026-09-16,['020020'],3.8706,4.2642,5.4993,20.9100,,155.4200,,
161713,招商信用添利债券(LOF)A,债券/固收,2010-06-25,16.2272,12.8368,招商基金,债券型-混合一级,,"向霈,马海林",2026-04-30,0.3806,1,0.08%,开放申购,7.0560,4.0239,3.6759,4.2665,4.0857,5.8751,1.6558,-2.1603,-2.7344,-6.6927,2014,27.1706,1.7075,2026-09-16,['009637'],3.6757,4.0857,5.9039,19.7800,,153.6600,,
160718,嘉实多利收益债券A,债券/固收,2011-03-23,15.4853,162.3733,嘉实基金,债券型-混合二级,,"张庆平,雍大为",2026-04-18,0.4134,6,0.08%,开放申购,12.8316,10.3210,7.1045,5.5657,3.7066,2.5344,7.3617,-12.9139,-12.9139,-13.9107,2025,15.2645,1.2542,2026-09-16,[],6.7924,3.7066,5.3266,38.9000,,123.3600,,
002881,中加丰润纯债债券A,债券/固收,2016-06-17,10.2478,23.7817,中加基金,债券型-长债,,张楠,2023-12-11,2.7652,3,0.08%,开放申购,2.8336,3.0756,3.5928,3.5633,9.6396,9.4609,0.7641,-1.8915,-2.4109,-2.4109,2016,75.4100,2.9290,2026-09-16,['002882'],3.5855,9.6396,9.4553,19.2600,,152.4000,,
161014,富国汇利回报两年定期开放债券,债券/固收,2010-09-09,16.0192,3.7315,富国基金,债券型-混合一级,,吕春杰,2026-08-04,0.1177,3,0.08%,暂停申购,4.9095,4.4399,3.8096,5.0326,4.5858,4.3165,2.2448,-2.8400,-3.5316,-14.2459,2012,13.0648,1.0039,2026-09-16,[],3.7120,4.5858,5.6807,19.9900,,142.3200,,
160128,南方金利定开债券A,债券/固收,2012-05-17,14.3326,9.4915,南方基金,债券型-信用债,,李璇,2015-12-16,10.7515,0,0.08%,暂停申购,3.3227,3.0335,4.0105,5.0713,4.6477,5.6476,1.3711,-1.5385,-3.8797,-4.7818,2015,13.6995,2.1930,2026-09-16,['160129'],3.9700,4.6477,5.6475,21.4900,,119.7700,,
161618,融通岁岁添利定开债A,债券/固收,2012-11-06,13.8590,0.3410,融通基金,债券型-混合一级,,王超,2015-03-14,11.5099,0,0.06%,暂停申购,2.6906,3.7948,4.9845,4.9104,4.4404,5.4723,2.8713,-2.1789,-7.0807,-7.0807,2015,16.0652,1.4491,2026-09-16,['161619'],4.9806,4.4404,5.4710,27.5100,,109.2200,,
100072,富国强回报定开债A/B,债券/固收,2013-01-29,13.6290,10.1756,富国基金,债券型-信用债,,黄纪亮,2015-04-15,11.4223,0,0.08%,暂停申购,3.8558,3.8479,4.0234,4.9045,4.4737,5.7975,0.8562,-2.4644,-3.9387,-4.4273,2014,15.2235,4.1346,2026-09-16,[],3.9888,4.4737,5.7938,21.6000,,115.4600,,
000310,安信永利信用债券A,债券/固收,2013-11-08,12.8542,0.3983,安信基金,债券型-混合一级,,柴迪伊,2026-04-29,0.3833,4,0.70%,暂停申购,1.9618,4.5053,4.0819,5.0915,4.7794,6.0756,2.4896,-4.0758,-4.0758,-4.0758,2014,13.6620,0.7543,2026-09-16,['000335'],3.9974,4.7794,6.0680,21.6500,,113.2400,,
006210,东方臻宝纯债债券A,债券/固收,2018-08-08,8.1068,162.3228,东方基金,债券型-长债,,"郑雪莹,吴萍萍",2026-03-25,0.4791,3,0.08%,开放申购,2.7758,4.3704,4.7866,22.5646,,22.2456,0.8497,-1.6458,-2.7846,-2.7846,2019,278.1339,2.6946,2026-09-16,['006211'],4.7872,17.6842,22.2455,26.3400,409.5440,409.5400,,
004400,金信民兴债券A,债券/固收,2017-03-08,9.5250,9.4449,金信基金,债券型-长债,,"杨杰,刘雨卉",2024-05-20,2.3244,2,0.08%,限大额,4.2469,3.6676,13.3698,8.9030,,15.3148,22.2187,-1.5250,-4.2102,-4.2102,2018,104.3025,6.7863,2026-09-16,"['023910', '004401']",13.3700,14.5368,15.3146,87.2800,288.5521,288.5500,,
002521,永赢双利债券A,债券/固收,2016-05-25,10.3107,7.1158,永赢基金,债券型-混合二级,,"刘星宇,朱梦天",2026-03-24,0.4819,5,0.08%,开放申购,2.6883,4.4862,2.7622,5.0122,15.3194,15.0349,8.4929,-11.3881,-11.3881,-11.3881,2016,184.7836,0.0419,2026-09-16,['002522'],2.7630,15.3081,15.0350,14.6000,315.5272,323.8400,,
003384,金鹰添盈纯债债券A,债券/固收,2017-01-11,9.6783,3.7326,金鹰基金,债券型-长债,,"陈双双,邹卫",2024-06-15,2.2533,4,0.08%,开放申购,3.0484,2.3712,19.1275,11.4838,,10.4116,38.4244,-6.4236,-15.4994,-15.4994,2023,137.2263,3.1665,2026-09-16,"['021954', '012623', '021955']",19.1278,10.0603,10.4116,139.9200,160.8001,160.8000,,
003092,华商丰利增强定开债A,债券/固收,2016-09-20,9.9877,3.9539,华商基金,债券型-混合二级,,厉骞,2019-12-31,6.7105,0,0.08%,暂停申购,15.0408,15.7673,7.5485,14.5077,,10.3289,19.7690,-27.8791,-31.8059,-31.8059,2020,35.5769,0.6644,2026-09-16,['003093'],7.5489,11.4405,11.4553,43.8900,195.4131,195.4100,,
003793,宏利溢利债券A,债券/固收,2017-01-22,9.6482,6.7258,宏利基金,债券型-利率债,,高春梅,2024-07-04,2.2012,3,0.08%,开放申购,1.8423,1.7821,2.1736,14.0135,,12.3609,1.1168,-2.3622,-2.5616,-2.5616,2019,142.0894,0.4213,2026-09-16,['003794'],2.1734,11.9005,12.3604,11.3500,207.8369,207.8400,,
006761,银河家盈债券A,债券/固收,2018-12-14,7.7563,0.5793,银河基金,债券型-利率债,,蒋磊,2020-02-06,6.6092,0,0.08%,开放申购,2.5693,3.3041,3.0488,,,14.8640,1.0552,-1.8006,-3.8493,-3.8493,2019,138.3640,1.9357,2026-09-16,['024644'],3.0484,11.3475,14.8641,16.2000,192.9587,192.9600,,
003526,农银汇理金穗纯债3个月定开债,债券/固收,2016-11-07,9.8563,20.4584,农银汇理基金,债券型-长债,,周宇,2024-07-09,2.1875,4,0.08%,暂停申购,1.5271,1.7730,11.0902,7.8075,,6.9620,20.6486,-0.6994,-0.8867,-0.8867,2021,57.3362,,2026-09-16,[],12.3418,7.4648,7.5777,78.9400,105.4296,105.4300,,
007069,浦银普丰纯债债券C,债券/固收,2019-09-10,7.0171,12.9941,浦银基金,债券型-中短债,,章潇枫,2019-09-10,7.0171,0,0.00%,开放申购,2.2360,1.7632,11.6141,,,8.6673,20.4563,-1.2263,-1.2263,-1.2263,2022,60.0666,1.4940,2026-09-16,['007068'],11.6142,6.0061,8.6674,73.2200,79.1886,79.1900,,
006030,南方昌元可转债债券A,债券/固收,2018-12-25,7.7262,28.5163,南方基金,债券型-混合二级,,刘文良,2020-03-06,6.5298,0,0.08%,开放申购,17.0396,14.0606,3.7964,,,10.4121,21.7071,-40.7994,-40.7994,-40.7994,2025,51.9096,0.4854,2026-09-16,"['025400', '006031']",3.7966,7.9532,10.4122,20.4800,114.9592,114.9600,,
340001,兴全可转债混合,债券/固收,2004-05-11,22.3491,25.6403,兴证全球基金,混合型-偏债,,虞淼,2019-02-21,7.5674,0,0.10%,开放申购,4.4674,5.8089,1.6015,7.1591,5.9107,11.3209,10.4400,-24.7047,-24.7047,-37.4750,2007,111.6773,0.1972,2026-09-16,[],1.6019,5.8907,12.0187,8.2700,77.2474,1163.5600,,
005246,国泰可转债债券A,债券/固收,2017-12-28,8.7173,2.1103,国泰基金,债券型-混合二级,,"秦培栋,茅利伟",2025-09-26,0.9719,2,0.08%,开放申购,19.2379,12.9907,5.3934,9.6236,,7.8786,18.5886,-31.3664,-31.3664,-31.3664,2019,28.1503,0.5013,2026-09-16,['025464'],5.3939,6.8343,7.8786,30.0400,93.6900,93.6900,,
006482,广发可转债债券A,债券/固收,2018-11-02,7.8713,9.8929,广发基金,债券型-混合二级,,吴敌,2020-04-30,6.3792,0,0.10%,开放申购,8.9083,10.7642,0.2300,,,9.5403,17.7670,-38.9133,-38.9133,-38.9133,2021,39.2721,0.2246,2026-09-16,"['022744', '010629', '006483']",0.2309,7.4360,9.5403,1.1600,104.8795,104.8800,,
007316,交银可转债债券A,债券/固收,2019-07-11,7.1841,0.9232,交银施罗德基金,债券型-混合二级,,魏玉敏,2026-05-08,0.3587,2,0.08%,开放申购,5.0958,9.9479,3.9941,,,8.4779,15.4867,-29.7534,-29.7534,-29.7534,2025,32.7466,0.1688,2026-09-16,['007317'],3.9940,6.0204,8.4779,21.6300,79.4300,79.4300,,
005513,南华瑞恒中短债债券A,债券/固收,2019-01-29,7.6304,10.0216,南华基金,债券型-中短债,,"沈致远,何林泽",2025-07-04,1.2019,5,0.04%,开放申购,1.8426,2.5994,9.3195,,,6.4092,16.2455,-1.4458,-3.7890,-3.7890,2022,42.1498,1.5203,2026-09-16,['005514'],9.3194,4.8543,6.4089,56.1300,60.6426,60.6400,,
006145,前海开源鼎欣债券A,债券/固收,2018-08-16,8.0849,0.0373,前海开源基金,债券型-长债,,张科丰,2026-02-10,0.5969,1,0.08%,开放申购,2.5938,2.7760,2.8981,7.9988,,7.9209,0.8929,-2.2561,-2.7356,-2.7356,2019,51.6930,1.5385,2026-09-16,['006146'],2.8972,6.3568,7.9212,15.3500,85.2057,85.2100,,
202101,南方宝元债券A,债券/固收,2002-09-20,23.9890,100.4127,南方基金,债券型-混合二级,,"林乐峰,刘益成",2025-06-13,1.2594,1,0.08%,开放申购,5.5997,4.9454,2.7577,5.5790,5.0630,9.1159,5.2353,-7.5755,-7.5755,-20.8201,2006,54.1508,0.7298,2026-09-16,"['021883', '006585']",2.7738,5.0318,9.1678,14.6600,63.3841,720.0800,,
003449,招商招华纯债C,债券/固收,2016-12-21,9.7358,8.0933,招商基金,债券型-长债,,夏里鹏,2024-09-10,2.0151,3,0.00%,限大额,3.2364,3.5978,9.0409,6.8991,,5.6351,11.7702,-1.7660,-2.4777,-2.4777,2021,35.6664,3.0235,2026-09-16,"['023015', '003448']",9.0407,5.4822,5.6353,54.1500,70.5271,70.5300,,
519977,长信可转债债券A,债券/固收,2012-03-30,14.4641,2.1561,长信基金,债券型-混合二级,,肖文劲,2026-04-15,0.4216,4,0.08%,开放申购,2.9014,7.1933,1.8981,6.1879,4.8088,9.6774,14.6704,-29.2018,-29.2018,-35.3771,2014,95.1920,0.0579,2026-09-16,['519976'],1.8985,4.7569,9.6775,9.8600,59.1576,280.4200,,
000297,鹏华可转债债券A,债券/固收,2015-02-03,11.6167,17.5745,鹏华基金,债券型-混合二级,,王石千,2018-07-13,8.1780,0,0.08%,开放申购,7.5380,10.8473,1.9658,11.2873,8.3379,5.7974,16.6141,-33.8176,-33.8176,-33.8176,2020,37.7033,0.2639,2026-09-16,"['022156', '010964']",2.0299,8.4707,5.9197,10.5700,125.4876,95.0500,,
005024,南方兴利半年定开债券发起A,债券/固收,2017-09-12,9.0103,0.2235,南方基金,债券型-长债,,杜才超,2024-05-24,2.3135,1,0.08%,暂停申购,1.4048,10.0950,7.4039,6.1917,,6.0803,6.7521,-2.4200,-2.4200,-2.4200,2024,28.7084,-0.1220,2026-09-16,['025451'],7.4035,5.4623,6.0806,42.9200,70.2055,70.2100,,
006767,银河嘉裕债券,债券/固收,2018-12-25,7.7262,2.2113,银河基金,债券型-长债,,刘铭,2026-04-21,0.4052,1,0.08%,开放申购,1.8125,2.3622,2.4953,,,7.8873,0.9943,-1.4720,-2.9313,-2.9313,2019,57.1843,0.6949,2026-09-16,[],2.4962,6.0410,7.8875,13.1200,79.7782,79.7800,,
001045,华夏可转债增强债券A,债券/固收,2016-09-27,9.9685,16.5914,华夏基金,债券型-混合二级,,柳万军,2026-01-26,0.6379,1,0.08%,开放申购,17.6307,14.6644,2.5046,10.1216,,6.8969,20.3058,-40.8324,-41.6310,-41.6310,2020,38.8060,0.4960,2026-09-16,"['012887', '001046']",2.5053,6.8745,6.8969,13.1700,94.4200,94.4200,,
163816,中银转债增强债券A,债券/固收,2011-06-29,15.2170,5.9016,中银基金,债券型-混合二级,,"范锐,华旭桥",2026-08-28,0.0520,3,0.08%,限大额,-0.5086,7.6794,1.7323,8.3844,5.7546,8.3005,13.5277,-28.4705,-28.4705,-55.0982,2014,69.9468,-0.2683,2026-09-16,['163817'],1.7329,5.7491,8.3005,8.9700,74.8909,236.4900,,
164206,天弘添利债券(LOF)C,债券/固收,2010-12-03,15.7864,4.9581,天弘基金,债券型-混合一级,,"杜广,张韬",2026-07-31,0.1287,3,0.00%,开放申购,0.7461,5.8524,2.8449,6.6804,5.8724,3.9451,13.9462,-29.7763,-29.7763,-29.7763,2021,43.5724,-0.3261,2026-09-16,"['009512', '022583']",2.8454,5.8724,7.1286,15.0600,76.9405,196.5500,,
001296,长城悦享增利债券A,债券/固收,2017-04-26,9.3908,0.4068,长城基金,债券型-混合二级,,魏建,2021-06-04,5.2841,0,0.08%,开放申购,-4.2553,0.4369,0.2112,9.2435,,7.2135,2.1410,-6.5660,-25.5979,-25.5979,2020,53.8722,-1.7370,2026-09-16,['014035'],0.2111,6.7595,7.2136,1.0600,92.3385,92.3400,,
003741,鹏华丰盈债券A,债券/固收,2016-11-22,9.8152,4.9629,鹏华基金,债券型-中短债,,"王志飞,李政",2022-01-22,4.6489,1,0.08%,限大额,2.4687,3.0153,3.0799,6.7360,,6.2070,0.7449,-1.6366,-2.5647,-2.5647,2019,36.2486,2.0938,2026-09-16,['022220'],3.0803,6.0889,6.2069,16.3800,80.5924,80.5900,,
003869,长信稳势纯债,债券/固收,2017-08-18,9.0787,46.2238,长信基金,债券型-长债,,"王祎杰,徐昆",2026-09-08,0.0219,6,0.06%,限大额,3.1686,3.0276,3.1970,3.5139,,6.3885,0.6020,-1.3306,-2.1227,-2.1227,2017,28.5700,4.5343,2026-09-16,[],3.1970,5.7832,6.3887,17.0400,75.4561,75.4600,,
005461,南方希元可转债债券A,债券/固收,2018-03-14,8.5092,12.6086,南方基金,债券型-混合二级,,"刘文良,刘盈杏",2024-02-02,2.6201,1,0.08%,开放申购,8.9171,8.2046,-0.0778,9.0449,,7.4673,17.6658,-40.3573,-40.3573,-40.3573,2019,40.2716,0.3755,2026-09-16,['024077'],-0.0781,6.3197,7.4673,-0.3900,84.5600,84.5600,,
002274,中邮纯债聚利债券A,债券/固收,2016-02-03,10.6174,6.3463,中邮基金,债券型-利率债,,郭志红,2025-03-24,1.4812,4,0.08%,开放申购,2.9897,2.8501,6.2775,5.4346,5.3028,5.2698,7.5659,-0.8510,-3.4381,-3.4381,2023,21.4005,1.8696,2026-09-16,['002275'],6.2770,5.3028,5.2699,35.5800,67.6483,72.5100,,
006147,宝盈融源可转债债券A,债券/固收,2019-09-04,7.0335,0.5372,宝盈基金,债券型-混合二级,,王灏,2025-08-23,1.0650,2,0.08%,开放申购,9.2362,11.3508,4.0585,,,6.7091,21.3675,-33.8730,-33.8730,-33.8730,2025,31.3347,0.3076,2026-09-16,['006148'],4.0589,4.6732,6.7091,22.0100,57.8900,57.8900,,
002490,金鹰元祺债券A,债券/固收,2016-04-06,10.4449,5.1963,金鹰基金,债券型-混合一级,,"林龙军,吴海峰",2026-05-19,0.3285,2,0.08%,开放申购,3.6104,4.1727,3.4510,5.9670,5.6683,5.4809,4.9586,-6.0901,-6.0901,-6.0901,2020,12.2400,0.2018,2026-09-16,['022484'],3.4514,5.6578,5.4808,18.4900,73.3873,74.6000,,
003452,招商招盛纯债A,债券/固收,2016-10-26,9.8891,72.6632,招商基金,债券型-长债,,"张宜杰,李家辉",2025-05-23,1.3169,3,--,限大额,1.9541,2.5199,2.7071,2.9976,,5.7823,0.6004,-1.3933,-2.4362,-2.4362,2016,28.0000,1.1132,2026-09-16,['003453'],2.7074,5.7164,5.7823,14.2900,74.3502,74.3500,,
006140,广发集嘉债券A,债券/固收,2018-12-25,7.7262,7.3693,广发基金,债券型-混合二级,,"李晓博,王海涛,刘兴旺",2026-06-12,0.2628,4,0.08%,开放申购,7.3824,6.0811,3.7547,,,6.5446,9.3194,-12.8240,-12.8240,-12.8240,2020,13.6903,0.3011,2026-09-16,['006141'],3.7552,5.0199,6.5448,20.2400,63.1977,63.2000,,
003324,东方永兴18个月定开债A,债券/固收,2016-11-02,9.8700,2.3598,东方基金,债券型-信用债,,吴萍萍,2017-03-24,9.4812,0,0.06%,暂停申购,3.2141,4.0643,5.0366,4.9217,,5.1190,2.5980,-1.6468,-4.9930,-4.9930,2018,13.9443,3.9243,2026-09-16,['003325'],5.0365,5.0508,5.1191,27.8500,63.6796,63.6800,,
004596,中科沃土沃安中短利率A,债券/固收,2018-08-22,8.0684,0.1303,众盈基金,债券型-中短债,,高晓飞,2026-08-05,0.1150,6,0.04%,开放申购,1.3067,1.6583,6.0015,5.3136,,5.2765,9.9465,-0.4765,-1.1957,-1.1957,2022,24.7865,-1.3058,2026-09-16,['007034'],6.0012,4.2953,5.3505,33.8300,52.2820,52.2800,,
161216,国投瑞银双债债券(LOF)A,债券/固收,2011-03-29,15.4689,26.5845,国投瑞银基金,债券型-混合一级,,"李达夫,黄知诚",2026-08-13,0.0931,2,0.08%,开放申购,3.4303,4.4263,3.4540,4.8664,4.5732,6.2480,2.5325,-4.5418,-6.1587,-6.1587,2014,27.6548,0.6471,2026-09-16,"['023792', '023793', '161221']",3.4531,4.5819,6.3309,18.5000,56.5189,158.4600,,
050019,博时转债增强债券A,债券/固收,2010-11-24,15.8111,8.4189,博时基金,债券型-混合二级,,"过钧,高晖",2023-10-20,2.9076,2,0.08%,开放申购,12.2293,12.4723,2.2523,9.4389,5.7377,5.7766,17.9961,-39.2945,-39.2945,-49.2760,2014,91.6372,0.4238,2026-09-16,"['023165', '050119']",2.2522,5.7377,5.7972,11.7800,74.7017,143.7600,,
003809,招商招顺纯债A,债券/固收,2016-12-07,9.7741,0.0553,招商基金,债券型-长债,,王景绰,2025-05-23,1.3169,1,0.08%,开放申购,18.8308,7.8130,5.8775,5.3360,,4.8914,6.7971,-1.6112,-2.4261,-2.4261,2026,18.1700,1.0803,2026-09-16,"['003810', '012489']",5.8773,4.7783,4.8912,33.0500,59.4824,59.4800,,
005446,鑫元广利定开债发起式,债券/固收,2017-12-13,8.7584,10.0295,鑫元基金,债券型-信用债,,徐文祥,2024-09-27,1.9685,1,--,暂停申购,3.5615,5.0337,5.2050,3.3607,,3.4365,1.0758,-3.0199,-4.8088,-4.8088,2023,9.1697,3.6185,2026-09-16,[],5.2052,4.6407,5.3157,28.8800,57.4005,57.4000,,
164814,工银双债增强债券,债券/固收,2013-09-25,12.9747,0.8319,工银瑞信基金,债券型-混合二级,,焦文龙,2026-03-17,0.5010,3,0.04%,开放申购,2.7263,5.8327,2.4548,6.5215,4.5548,6.4041,11.7061,-16.0311,-16.0311,-16.0311,2019,24.5098,0.0258,2026-09-16,[],2.4545,4.5448,6.4042,12.8900,55.9647,123.7600,,
006212,东方臻选纯债债券A,债券/固收,2018-08-24,8.0630,118.6363,东方基金,债券型-长债,,吴萍萍,2025-12-17,0.7474,3,0.08%,限大额,3.1573,4.0805,4.4529,5.7086,,5.6759,0.5553,-0.7423,-3.1197,-3.1197,2021,15.8906,3.8860,2026-09-16,['006213'],4.4533,4.5518,5.6760,24.3400,56.0690,56.0700,,
003337,南方颐元定开债券发起,债券/固收,2016-09-26,9.9713,10.8873,南方基金,债券型-长债,,"陶铄,杨能",2025-03-28,1.4702,1,0.08%,暂停申购,2.6083,3.3422,4.6922,5.5644,,4.9139,3.3665,-1.0845,-2.8261,-2.8261,2021,12.3259,1.7710,2026-09-16,[],4.6925,4.8995,4.9142,25.7700,61.3367,61.3400,,
005388,兴业安弘3个月定开债,债券/固收,2017-12-29,8.7146,30.3645,兴业基金,债券型-长债,,冯小波,2024-01-16,2.6667,1,--,暂停申购,2.7155,7.1856,5.5742,3.9705,,3.7799,5.2610,-2.0106,-4.5637,-4.5637,2024,17.4396,4.0201,2026-09-16,[],5.5748,4.3479,5.0049,31.1600,53.0513,53.0500,,
006953,华安安业债券A,债券/固收,2019-07-31,7.1294,39.6918,华安基金,债券型-信用债,,康钊,2021-03-08,5.5250,0,--,限大额,2.6023,2.7640,3.1375,,,6.0563,0.6795,-2.6053,-2.6053,-2.6053,2019,22.9139,2.1845,2026-09-16,['006954'],3.1369,4.2803,6.0548,16.7000,52.0622,52.0600,,
002342,融通增益债券A/B,债券/固收,2016-05-11,10.3491,0.7811,融通基金,债券型-混合一级,,"王超,吴嫣睿紫",2025-04-02,1.4565,2,0.08%,开放申购,2.3938,2.2926,5.4612,4.7869,4.6554,4.5754,3.9534,-0.9039,-5.2770,-5.2770,2018,12.6195,1.7183,2026-09-16,[],5.4619,4.6554,4.5752,30.4600,57.6219,58.8800,,
004503,鹏华永泰定期开放债券,债券/固收,2017-05-25,9.3114,2.9715,鹏华基金,债券型-混合一级,,"祝松,应琛",2021-01-02,5.7029,0,0.06%,暂停申购,4.2529,4.8781,4.1833,5.0473,,5.0673,1.9338,-2.3202,-2.3202,-2.3202,2021,7.5665,1.4809,2026-09-16,[],4.1831,4.7103,5.0673,22.7400,58.4507,58.4500,,
004504,鹏华永泽18个月定开债,债券/固收,2018-01-24,8.6434,8.5074,鹏华基金,债券型-混合一级,,"王石千,林艺杰",2023-11-18,2.8282,5,0.06%,暂停申购,3.7771,6.0424,4.3013,5.1168,,5.2150,2.5406,-5.0307,-5.0307,-5.0307,2018,7.5658,0.9899,2026-09-16,[],4.3017,4.4919,5.2153,23.4400,55.1766,55.1800,,
003039,广发集富纯债A,债券/固收,2017-01-13,9.6728,32.3567,广发基金,债券型-利率债,,古渥,2025-05-07,1.3607,4,0.08%,限大额,3.8458,4.5734,3.7620,3.5956,,5.0376,1.1504,-1.2287,-1.7209,-1.7209,2017,15.8973,2.4658,2026-09-16,['003040'],3.7759,4.8760,5.0453,20.3600,60.9755,60.9800,,
003547,鹏华丰禄债券,债券/固收,2016-10-27,9.8864,94.5129,鹏华基金,债券型-信用债,,刘涛,2018-05-31,8.2957,0,0.08%,限大额,2.6985,3.5895,3.9915,4.9994,,4.9293,0.7734,-1.7312,-1.7312,-1.7312,2018,7.7115,2.0137,2026-09-16,[],3.9923,4.8719,4.9290,21.6200,60.9134,60.9100,,
002138,泓德裕泰债券A,债券/固收,2015-12-17,10.7488,4.6544,泓德基金,债券型-混合二级,,赵端端,2026-08-22,0.0684,2,0.08%,开放申购,2.4816,3.9790,4.2352,4.8680,4.7920,4.7857,2.3810,-2.6288,-6.1889,-6.1889,2019,11.8644,0.6969,2026-09-16,"['002139', '022506']",4.2357,4.7920,4.7857,23.0500,59.6917,65.2800,,
003407,景顺长城景泰丰利纯债债券A,债券/固收,2017-01-13,9.6728,29.1602,景顺长城基金,债券型-利率债,,陈静,2024-06-12,2.2615,6,0.08%,开放申购,3.4301,4.2118,3.6937,3.8126,,4.9580,1.4333,-1.8776,-2.4242,-2.4242,2018,17.1646,1.9087,2026-09-16,"['020825', '003408']",3.6930,4.7920,4.9579,19.8800,59.6910,59.6900,,
003269,招商招乾3个月定开债A,债券/固收,2016-10-26,9.8891,50.9304,招商基金,债券型-长债,,王梓林,2022-11-11,3.8467,1,--,暂停申购,2.1280,2.7187,3.0179,3.2222,,5.0928,0.7257,-1.8943,-2.6795,-2.6795,2016,19.2000,1.8415,2026-09-16,['003270'],3.0182,5.0349,5.0927,16.0300,63.4322,63.4300,,
004024,华泰保兴尊诚一年定开债,债券/固收,2017-02-23,9.5606,29.1761,华泰保兴基金,债券型-混合一级,,张挺,2017-02-23,9.5606,0,0.06%,暂停申购,1.6443,4.0323,3.4433,3.6324,,3.9316,2.7893,-1.4041,-7.8741,-7.8741,2018,8.1319,,2026-09-16,[],3.4427,4.7737,4.9983,18.4400,59.4134,59.4100,,
000045,工银产业债债券A,债券/固收,2013-03-29,13.4675,56.2816,工银瑞信基金,债券型-混合二级,,"谷青春,赵建",2026-08-17,0.0821,4,0.08%,开放申购,3.2988,4.4613,2.8494,4.7534,4.3663,5.7672,3.4161,-4.3726,-4.3726,-7.3571,2014,22.1878,0.4521,2026-09-16,['000046'],2.8490,4.3503,5.7673,15.0800,53.0859,112.7900,,
519061,海富通纯债债券A,债券/固收,2014-04-02,12.4572,7.3011,海富通基金,债券型-混合一级,,"陈轶平,赵莹洲",2026-07-07,0.1944,2,0.08%,开放申购,3.0954,3.8290,1.9506,1.7873,2.1936,8.3878,2.4539,-5.2247,-5.7870,-10.7893,2014,71.6000,0.9564,2026-09-16,['519060'],1.9504,2.1936,8.3879,10.1400,24.2332,172.7500,,
006961,南方中债7-10年国开行债券指数A,债券/固收,2019-03-15,7.5072,77.6755,南方基金,指数型-固收,中债7-10年国开行债券全价(总值)指数,朱佳,2020-11-06,5.8590,0,0.06%,开放申购,3.8431,5.3649,5.2343,,,5.1135,2.1790,-2.9607,-4.9214,-4.9214,2024,11.6530,1.8246,2026-09-16,"['022724', '021037', '006962', '013594']",5.2345,3.8148,5.1135,29.0600,45.4101,45.4100,,
410004,华富收益增强债券A,债券/固收,2008-05-28,18.3025,9.9240,华富基金,债券型-混合一级,,"胡耀澄,戴弘毅",2026-07-10,0.1862,3,0.08%,开放申购,0.7125,3.3443,2.4688,3.8887,3.5082,6.6423,2.7049,-3.8000,-3.8000,-13.5117,2014,34.3350,-0.5056,2026-09-16,['410005'],2.4690,3.5090,6.6458,12.9700,41.1820,224.6700,,
000536,前海开源可转债债券A,债券/固收,2014-03-25,12.4791,4.8652,前海开源基金,债券型-混合二级,,章俊,2024-07-19,2.1602,3,0.08%,开放申购,3.3513,2.1122,-0.2678,8.0256,5.9030,5.7073,12.4584,-32.2765,-32.2765,-45.2135,2014,51.4000,0.0944,2026-09-16,['023992'],-0.2674,5.8762,5.7074,-1.3300,77.0038,99.9000,,
003838,东方臻享纯债债券C,债券/固收,2016-11-28,9.7988,2.2051,东方基金,债券型-长债,,"车日楠,程旺",2024-09-25,1.9740,2,0.00%,开放申购,2.3688,2.9865,3.1224,5.0349,,4.9868,0.6293,-0.9593,-2.4447,-2.4447,2019,17.9658,2.9952,2026-09-16,['003837'],3.1210,4.8836,4.9862,16.6100,61.0932,61.0900,,
210014,金鹰元丰债券A,债券/固收,2013-01-30,13.6263,7.8221,金鹰基金,债券型-混合二级,,林龙军,2019-03-19,7.4962,0,0.06%,开放申购,2.3264,7.0781,-1.6679,7.5078,6.0852,6.1236,23.0765,-44.0979,-44.0979,-44.0979,2025,34.3746,-0.0352,2026-09-16,"['022568', '014336']",-1.6688,6.0754,6.1236,-8.0700,80.3635,124.7600,,
163827,中银产业债债券A,债券/固收,2014-09-04,12.0329,75.2534,中银基金,债券型-混合二级,,"范锐,段思淼,苗婷",2026-09-15,0.0027,3,0.08%,开放申购,1.3540,5.0323,3.4437,5.4481,4.7632,4.8244,4.7925,-6.8735,-6.8735,-8.9100,2019,13.6063,-0.0152,2026-09-16,['008936'],3.4444,4.7534,4.8245,18.4500,59.1042,76.2900,,
090017,大成可转债增强债券A,债券/固收,2011-11-30,14.7953,0.8878,大成基金,债券型-混合二级,,成琦,2025-04-07,1.4428,4,0.08%,开放申购,5.1626,9.6266,3.3266,8.5862,4.7405,4.7398,15.4633,-26.7875,-26.7875,-60.4040,2014,79.4297,0.1162,2026-09-16,['019152'],3.3271,4.7490,4.7399,17.7800,59.0372,98.4100,,
164105,华富强化回报债券(LOF),债券/固收,2010-09-08,16.0219,5.2076,华富基金,债券型-混合一级,,戴弘毅,2026-07-10,0.1862,2,0.08%,开放申购,-2.3979,2.5395,1.7472,4.6305,4.2448,6.0059,4.9432,-7.1019,-7.1019,-10.8359,2014,31.2195,-0.8813,2026-09-16,[],1.7478,4.2382,6.0060,9.0500,51.4492,154.5900,,
100073,富国强回报定开债C,债券/固收,2013-01-29,13.6290,0.2404,富国基金,债券型-信用债,,黄纪亮,2015-04-15,11.4223,0,0.00%,暂停申购,3.4433,3.4333,3.6077,4.4906,4.0295,5.2906,0.8551,-2.5331,-4.1106,-4.7252,2014,14.3902,3.8249,2026-09-16,[],3.6081,4.0217,5.2904,19.3900,48.3334,101.9000,,
002452,民生加银和鑫定开债,债券/固收,2016-03-23,10.4832,32.8289,民生加银基金,债券型-长债,,裴禹翔,2024-12-13,1.7577,3,0.08%,暂停申购,1.7698,3.2966,3.1715,4.0097,4.1660,4.3886,1.4985,-2.0112,-2.0875,-2.0875,2018,14.9800,0.4680,2026-09-16,[],3.1723,4.6460,4.8473,16.9000,57.4797,64.2500,,
003073,宏利汇利债券A,债券/固收,2016-08-30,10.0452,6.2352,宏利基金,债券型-长债,,高春梅,2021-12-30,4.7118,2,0.08%,限大额,2.8725,2.9535,3.4350,5.3226,4.6499,4.6379,0.9903,-1.7272,-3.3558,-3.3558,2021,21.0575,1.3062,2026-09-16,['003074'],3.4374,4.6505,4.6385,18.4100,57.5485,57.6900,,
003349,长信稳益纯债债券A,债券/固收,2016-10-26,9.8891,0.2052,长信基金,债券型-长债,,"蔡军华,王蔚杰",2026-08-26,0.0575,3,0.06%,限大额,2.4598,2.6364,2.7856,3.6046,,4.8236,0.6510,-1.4648,-5.4840,-5.4840,2018,24.2973,1.3868,2026-09-16,['021310'],2.7863,4.7688,4.8237,14.7300,59.3388,59.3400,,
164808,工银四季收益债券A,债券/固收,2011-02-10,15.5975,28.0473,工银瑞信基金,债券型-混合一级,,"黄杨荔,段玮",2026-08-17,0.0821,5,0.08%,开放申购,2.9097,3.5281,3.3289,4.2218,3.6373,5.7105,1.3588,-2.3251,-4.0315,-9.3101,2014,20.4146,1.3253,2026-09-16,['016901'],3.3289,3.6272,5.7104,17.7900,42.8027,137.7800,,
160515,博时安丰18个月定开债A,债券/固收,2013-08-22,13.0678,1.0291,博时基金,债券型-长债,,颜灵珊,2026-02-06,0.6078,3,0.06%,暂停申购,2.5194,3.2810,3.4000,4.2783,3.5466,5.5734,0.8694,-1.7161,-3.4615,-3.8530,2015,17.2830,1.6536,2026-09-16,['160523'],3.4007,3.5368,5.5732,18.2000,41.5620,103.1400,,
000254,长城增强收益定开债券A,债券/固收,2013-09-06,13.0267,3.8427,长城基金,债券型-混合一级,,张棪,2020-07-17,6.1656,0,0.06%,暂停申购,2.0762,5.0370,4.0476,4.0159,3.7299,5.0724,3.1407,-6.3741,-6.3741,-6.3741,2014,14.3470,0.3781,2026-09-16,['000255'],4.0469,3.7203,5.1645,21.9400,44.0919,92.7000,,
000069,国投瑞银中高等级债券A,债券/固收,2013-05-14,13.3415,14.0058,国投瑞银基金,债券型-混合一级,,王侃,2026-08-13,0.0931,4,0.08%,开放申购,3.3580,3.7963,3.2164,4.4519,4.0633,5.1179,1.4770,-3.2812,-3.2812,-3.2812,2014,16.2112,1.2942,2026-09-16,"['023768', '023490', '000070']",3.2163,4.0631,5.1177,17.1500,48.9247,94.6200,,
161117,易方达永旭定开债,债券/固收,2012-06-19,14.2423,8.2598,易方达基金,债券型-中短债,,李一硕,2015-03-14,11.5099,0,0.06%,暂停申购,2.8576,3.5455,3.2595,4.1028,3.8667,5.2835,0.8660,-1.7045,-2.8090,-3.2467,2015,14.0113,2.0476,2026-09-16,[],3.2604,3.8667,5.2835,17.4000,46.1385,108.1900,,
003510,长盛可转债债券A,债券/固收,2016-12-07,9.7741,0.2948,长盛基金,债券型-混合二级,,"杨哲,历剑",2024-09-20,1.9877,1,0.08%,开放申购,4.5325,7.5582,-0.3066,7.1343,,5.4455,16.1805,-38.5017,-38.5017,-38.5017,2019,33.8218,0.1518,2026-09-16,['003511'],-0.3059,5.3193,5.4454,-1.5200,67.9113,67.9100,,
519933,长信利发债券,债券/固收,2016-06-28,10.2177,0.7491,长信基金,债券型-混合二级,,"叶松,崔飞燕",2026-08-24,0.0630,3,0.08%,开放申购,3.9663,4.1119,2.3780,5.9810,4.6823,4.7328,3.1459,-5.3164,-6.7455,-6.7455,2019,21.6836,0.7791,2026-09-16,[],2.3782,4.6720,4.7329,12.4700,57.8720,60.4000,,
510300,沪深300ETF华泰柏瑞,参考基准,2012-05-04,14.3682,948.7218,华泰柏瑞基金,指数型-股票,沪深300指数,柳军,,,,--,场内交易,1.0332,8.8433,0.5814,6.0042,5.0825,12.8237,17.6451,-35.1638,-42.4220,-45.6225,2012,154.2347,0.2045,2026-09-16,[],0.5814,5.0825,12.8237,,,,,
000961,天弘沪深300ETF联接A,参考基准,2015-01-20,11.6550,25.5456,天弘基金,指数型-股票,沪深300指数,陈瑶,,,,0.10%,开放申购,1.6202,8.8072,0.9667,6.5254,5.4483,4.2161,16.6937,-33.1242,-39.8550,-46.3499,2019,38.6520,0.2366,2026-09-16,[],0.9667,5.4483,4.2161,,,,,
001437,易方达瑞享混合I,国内权益,2015-06-26,11.2252,102.3721,易方达基金,混合型-灵活,,武阳,2017-12-30,8.7118,0,0.06%,限大额,108.1729,58.9452,37.7298,33.8827,25.8474,25.0854,37.0413,-40.2456,-40.2456,-40.2456,2025,133.7498,2.2014,2026-09-16,['001438'],34.7453,25.8474,24.7019,344.1900,,1091.7700,91.4,1
519196,万家新兴蓝筹A,国内权益,2016-01-26,10.6393,29.7667,万家基金,混合型-灵活,,莫海波,2016-01-26,10.6393,0,0.12%,限大额,28.7968,37.5424,14.8950,24.5524,21.8251,21.1906,27.4485,-37.1651,-37.1651,-37.1651,2020,76.3285,1.8167,2026-09-16,[],14.3388,21.8251,21.1921,95.4200,,672.8700,90.6,1
001323,东吴移动互联混合A,国内权益,2015-05-27,11.3073,39.1461,东吴基金,混合型-灵活,,刘元海,2017-05-06,9.3634,0,0.15%,开放申购,14.5012,41.2851,23.2548,28.2276,20.7992,17.9990,36.5443,-39.5277,-39.5277,-39.5277,2025,91.0141,0.6283,2026-09-16,['002170'],22.4863,20.7992,18.0079,175.7000,,550.3100,89.7,1
002910,易方达供给改革混合,国内权益,2017-01-25,9.6400,140.7581,易方达基金,混合型-灵活,,杨宗昌,2020-08-22,6.0671,0,0.15%,限大额,163.7204,44.4664,24.8635,31.7260,,24.2827,29.0411,-40.1301,-40.1301,-40.1301,2026,114.8766,4.5028,2026-09-16,[],24.8632,23.3138,24.2827,203.5100,713.0500,713.0500,89.1,1
001856,易方达环保主题混合A,国内权益,2017-06-02,9.2895,85.9661,易方达基金,混合型-灵活,,祁禾,2018-06-07,8.2765,0,0.15%,限大额,74.5152,33.0748,11.9257,29.8045,,24.3286,25.5687,-39.3494,-39.3494,-39.3494,2020,102.0739,2.0734,2026-09-16,['019032'],11.9257,22.4199,24.3286,75.6500,656.0000,656.0000,88.8,1
005094,万家臻选混合A,国内权益,2017-12-20,8.7392,22.9307,万家基金,混合型-偏股,,莫海波,2017-12-20,8.7392,0,0.15%,限大额,29.9874,37.7160,16.2456,26.3472,,21.9940,28.1652,-40.2223,-40.2223,-40.2223,2020,89.9671,1.2270,2026-09-16,['022709'],16.2459,18.9743,21.9940,112.2700,468.2400,468.2400,88.3,1
003598,华商润丰灵活配置混合A,国内权益,2017-01-25,9.6400,39.5622,华商基金,混合型-灵活,,胡中原,2019-03-22,7.4880,0,0.15%,开放申购,-14.8004,27.3059,16.9894,18.8944,,15.3125,24.1770,-27.3077,-27.3077,-27.3077,2025,87.7600,-0.6991,2026-09-16,['007509'],16.9899,14.7225,15.3125,119.1500,294.9000,294.9000,88.1,1
000940,富国中小盘精选混合A,国内权益,2015-01-23,11.6468,54.2284,富国基金,混合型-偏股,,曹晋,2015-01-23,11.6468,0,0.15%,限大额,37.3883,39.9882,15.9418,25.8220,19.3559,17.8385,27.4275,-42.3306,-44.0600,-54.0498,2025,102.3419,1.2789,2026-09-16,[],15.3042,19.3559,17.7303,103.8100,,569.3000,87.9,1
001513,易方达信息产业混合A,国内权益,2016-09-27,9.9685,130.2416,易方达基金,混合型-偏股,,郑希,2016-09-27,9.9685,0,0.15%,限大额,62.6554,54.9014,23.4636,28.8416,,23.3642,33.0143,-46.2539,-46.3037,-46.3037,2025,114.1751,1.4104,2026-09-16,['019018'],23.9964,23.5484,23.6309,193.1200,728.6528,728.6500,87.7,1
519195,万家品质生活混合A,国内权益,2015-08-06,11.1129,27.4102,万家基金,混合型-灵活,,莫海波,2015-08-06,11.1129,0,0.15%,限大额,28.2475,35.1079,13.9801,23.7756,21.0610,20.2520,26.9773,-42.1894,-42.1894,-42.1894,2025,72.6258,1.7710,2026-09-16,[],13.6087,21.0610,20.2732,89.2600,,677.8800,87.5,1
005851,财通新视野灵活配置混合A,国内权益,2018-06-25,8.2272,37.3542,财通基金,混合型-灵活,,沈犁,2021-01-27,5.6345,0,0.15%,开放申购,55.8408,43.8298,28.4476,23.4977,,22.4681,34.1513,-41.5443,-41.5443,-41.5443,2025,72.6666,1.0411,2026-09-16,['005959'],28.4478,18.1459,22.4681,249.6500,429.8900,429.8900,86.3,1
002450,平安睿享文娱混合A,国内权益,2016-03-29,10.4668,26.5056,平安基金,混合型-灵活,,黄维,2016-08-31,10.0424,0,0.15%,开放申购,50.6740,30.6849,14.3909,22.0129,18.5711,17.2623,28.6056,-41.7062,-43.5360,-43.5360,2025,74.2895,1.6585,2026-09-16,['002451'],13.3325,18.5711,17.1741,86.9700,,425.3500,85.8,1
006533,易方达科融混合,国内权益,2019-03-26,7.4771,130.7617,易方达基金,混合型-偏股,,刘健维,2020-08-01,6.1246,0,0.15%,限大额,54.0527,53.5099,22.6325,,,33.1572,28.8132,-45.6313,-45.7962,-45.7962,2025,124.4706,1.4136,2026-09-16,[],22.6325,23.8763,33.1572,177.3500,750.9100,750.9100,85.8,1
001018,易方达新经济混合,国内权益,2015-02-12,11.5921,42.6241,易方达基金,混合型-灵活,,陈皓,2015-02-12,11.5921,0,0.15%,限大额,41.9727,28.4912,11.5519,22.5279,18.7964,18.2415,23.6946,-42.1457,-42.1457,-53.0127,2025,77.0715,1.7018,2026-09-16,[],10.3649,18.7964,18.2324,63.7400,,596.8900,85.5,1
001076,易方达改革红利混合,国内权益,2015-04-23,11.4004,28.7103,易方达基金,混合型-偏股,,陈皓,2022-01-12,4.6762,1,0.15%,限大额,57.8258,39.2270,20.4169,22.4873,19.8222,13.4513,25.1484,-34.2785,-45.9392,-53.4204,2025,96.6016,2.2098,2026-09-16,[],19.4430,19.8222,13.4340,143.1100,,320.8200,84.9,1
001564,东方红京东大数据混合A,国内权益,2015-07-31,11.1294,31.0465,东方红资产管理,混合型-灵活,,周云,2016-01-29,10.6311,0,0.15%,开放申购,11.1835,15.3445,11.6444,15.6047,13.3866,13.0779,17.0242,-25.8125,-26.2187,-26.2187,2020,34.5406,0.8802,2026-09-16,[],11.1831,13.3866,13.1989,69.9000,,297.4000,84.7,1
001194,景顺长城稳健回报混合A,国内权益,2015-04-10,11.4360,53.8946,景顺长城基金,混合型-灵活,,江山,2025-05-27,1.3060,4,0.10%,限大额,50.6442,63.9362,34.1774,23.9666,19.4292,17.5656,30.3350,-35.8673,-35.8673,-35.8673,2025,134.9347,1.4226,2026-09-16,['001407'],33.7847,19.4292,17.5029,328.5800,,532.5200,84.3,1
000480,东方红新动力混合A,国内权益,2014-01-28,12.6324,46.2190,东方红资产管理,混合型-灵活,,周云,2017-04-12,9.4292,0,0.15%,开放申购,8.1585,14.3744,10.9825,13.9078,12.0355,15.9398,17.0426,-26.9349,-26.9349,-32.5561,2014,43.0000,0.6887,2026-09-16,[],10.5181,12.0355,16.0597,64.8800,,556.2700,83.7,1
001678,英大国企改革A,国内权益,2018-11-22,7.8166,5.9615,英大基金,股票型,,张媛,2023-03-31,3.4634,1,0.15%,开放申购,44.9496,19.8847,16.8939,,,18.5562,27.9570,-31.9594,-32.4087,-32.4087,2025,41.8288,1.0143,2026-09-16,['022868'],16.8936,16.0536,20.9819,118.2500,343.1860,343.1900,83.7,1
000390,华商优势行业混合A,国内权益,2013-12-11,12.7639,161.0696,华商基金,混合型-灵活,,张明昕,2025-03-12,1.5140,1,0.15%,开放申购,42.0526,38.0572,19.2795,29.5857,22.5639,24.2653,32.2121,-41.8923,-41.8923,-41.8923,2025,86.4872,1.8847,2026-09-16,[],26.0682,22.5639,27.6902,218.4400,,2164.5400,83.7,1
000628,大成高鑫股票A,国内权益,2015-02-03,11.6167,89.1832,大成基金,股票型,,刘旭,2018-09-11,8.0137,0,0.15%,开放申购,-5.0738,9.1095,6.7227,16.7397,15.3456,14.6152,13.6938,-25.5178,-25.5178,-45.7674,2020,58.2626,-0.5059,2026-09-16,['011066'],6.7231,15.2377,14.6152,38.4500,312.9975,387.7500,83.6,1
001322,东吴新趋势价值线混合,国内权益,2015-07-01,11.2115,16.5475,东吴基金,混合型-灵活,,刘元海,2019-04-30,7.3812,0,0.15%,限大额,16.7550,44.3791,24.2788,29.5333,17.2989,12.8440,36.4034,-39.5016,-52.7675,-64.9315,2025,96.1056,0.7056,2026-09-16,[],23.8157,17.2989,12.8619,190.9900,,288.2700,83.3,1
007346,易方达科技创新混合A,国内权益,2019-04-29,7.3840,34.0239,易方达基金,混合型-偏股,,蔡荣成,2022-04-21,4.4052,1,0.15%,开放申购,39.5266,30.5195,15.1676,,,25.5983,30.6433,-43.0155,-43.0155,-43.0155,2025,82.4894,0.8265,2026-09-16,['025701'],15.1681,18.3285,25.5983,102.6100,438.1400,438.1400,83.2,1
000979,景顺长城沪港深精选股票A,国内权益,2015-04-15,11.4223,97.9607,景顺长城基金,股票型,,张仲维,2025-05-16,1.3361,2,0.15%,开放申购,38.5272,35.2094,25.6757,22.3222,18.5443,14.8702,24.0388,-35.8036,-35.8036,-36.9664,2025,73.2794,1.0410,2026-09-16,[],25.0773,18.5443,14.8350,206.1200,,385.5000,82.9,1
001917,招商量化精选股票A,国内权益,2016-03-15,10.5051,31.8298,招商基金,股票型,,王平,2016-03-15,10.5051,0,0.15%,限大额,0.2209,16.7084,9.9844,19.4776,12.6633,12.9222,21.3546,-25.1483,-35.3167,-35.3167,2019,45.2000,0.1086,2026-09-16,['007950'],10.2013,12.6633,13.4242,62.5300,,275.5700,82.9,1
100039,富国通胀通缩主题轮动混合A,国内权益,2010-05-12,16.3477,24.0100,富国基金,混合型-偏股,,曹晋,2019-08-12,7.0965,0,0.15%,开放申购,38.0101,39.7085,15.9720,26.0929,20.8459,14.7187,27.9585,-43.8754,-44.8637,-46.1263,2025,109.2942,1.3542,2026-09-16,[],15.3008,20.8459,14.8121,103.7800,,856.4400,82.7,1
000411,景顺长城优质成长股票A,国内权益,2014-01-02,12.7036,50.7481,景顺长城基金,股票型,,张仲维,2023-11-07,2.8583,3,0.15%,开放申购,75.3049,55.2792,24.5197,23.5312,18.0454,16.3469,32.2854,-40.2356,-45.8496,-50.1657,2025,93.2642,1.8655,2026-09-16,[],23.5696,18.0454,16.3151,188.1100,,582.0500,82.7,1
720001,财通价值动量混合A,国内权益,2011-12-01,14.7926,67.2200,财通基金,混合型-灵活,,金梓才,2015-07-16,11.1704,0,0.15%,开放申购,113.7343,72.9497,21.1614,34.4733,25.0082,22.4906,39.0797,-53.3482,-54.6302,-54.6302,2025,83.9857,2.6303,2026-09-16,[],20.0374,25.0082,22.1818,149.2200,,1836.6600,82.6,1
660015,农银行业轮动混合A,国内权益,2012-11-14,13.8371,8.9840,农银汇理基金,混合型-偏股,,邢军亮,2021-07-21,5.1554,0,0.15%,开放申购,38.3787,26.1036,12.2440,22.6968,17.3829,20.9394,29.5991,-39.0481,-39.0481,-49.4672,2015,80.9756,1.1064,2026-09-16,[],11.7287,17.3829,20.7748,74.1100,,1262.4300,82.6,1
006751,富国互联科技股票A,国内权益,2019-03-26,7.4771,57.5084,富国基金,股票型,,许炎,2019-03-26,7.4771,0,0.15%,限大额,58.8423,45.1201,15.7722,,,27.7388,33.7761,-49.2059,-50.0496,-50.0496,2025,85.6177,1.1409,2026-09-16,['011126'],15.7722,20.0876,27.7388,107.9800,523.7100,523.7100,82.5,1
166301,华商新趋势优选灵活配置混合,国内权益,2012-09-06,14.0260,63.8414,华商基金,混合型-灵活,,童立,2025-03-12,1.5140,1,0.15%,开放申购,20.7307,18.1262,10.3504,27.1956,22.0767,21.5990,24.5862,-34.1223,-34.1223,-42.0229,2020,73.7637,0.6713,2026-09-16,[],9.6465,22.0767,21.4442,58.4800,,1425.7000,82.5,1
002152,华宝核心优势混合A,国内权益,2016-01-21,10.6530,24.0323,华宝基金,混合型-灵活,,郑英亮,2025-08-16,1.0842,2,0.15%,开放申购,41.0591,49.1573,21.8539,24.8684,19.1387,18.2050,28.4029,-38.1274,-40.6313,-40.6313,2025,122.0420,1.7306,2026-09-16,[],21.1782,19.1387,18.3054,161.2900,,499.4000,82.2,1
007343,嘉实科技创新混合,国内权益,2019-05-07,7.3621,78.0168,嘉实基金,混合型-偏股,,王贵重,2022-01-22,4.6489,1,0.15%,限大额,72.4279,45.4063,17.4834,,,26.5318,31.1156,-46.4592,-46.4592,-46.4592,2020,80.9386,1.6658,2026-09-16,[],17.4832,18.9160,26.5318,123.8100,465.4600,465.4600,82.2,1
001672,国寿安保智慧生活股票A,国内权益,2015-09-01,11.0418,50.7421,国寿安保基金,股票型,,张琦,2017-10-26,8.8898,0,0.15%,开放申购,50.1885,33.7020,15.3477,21.6122,16.2748,15.6071,29.9265,-44.8209,-44.8209,-44.8209,2020,52.4067,1.3010,2026-09-16,[],14.6172,16.2748,15.3258,97.8100,,382.8100,82.2,1
006976,鹏华核心优势混合A,国内权益,2019-04-03,7.4552,5.0662,鹏华基金,混合型-偏股,,黄奕松,2021-12-18,4.7447,1,0.15%,开放申购,96.6108,38.9552,19.6407,,,24.5740,29.2225,-42.7186,-42.7186,-42.7186,2026,64.9939,2.3531,2026-09-16,['017732'],19.6408,17.7993,24.5740,145.1300,414.5500,414.5500,81.7,1
003304,前海开源沪港深核心资源混合A,国内权益,2016-10-17,9.9138,10.2372,前海开源基金,混合型-灵活,,吴国清,2019-08-07,7.1102,0,0.15%,开放申购,2.8754,19.9305,9.4369,23.4999,,17.5243,31.6303,-38.8984,-38.8984,-38.8984,2025,71.7487,-0.0425,2026-09-16,['003305'],9.4368,17.3607,17.5243,56.9700,395.7105,395.7100,81.7,1
519133,海富通改革驱动混合,国内权益,2016-04-28,10.3847,51.4541,海富通基金,混合型-灵活,,周雪军,2016-04-28,10.3847,0,0.15%,开放申购,29.3364,22.3071,6.6482,22.4816,16.9742,17.2970,24.0813,-41.4117,-41.4117,-41.4117,2020,85.4274,0.7924,2026-09-16,[],6.6475,16.8465,17.2970,37.9600,374.4147,424.2300,80.9,1
004206,华商元亨混合A,国内权益,2017-01-25,9.6400,18.8406,华商基金,混合型-灵活,,胡中原,2019-12-31,6.7105,0,0.15%,开放申购,-14.5800,27.2725,16.8351,18.0636,,12.6551,22.0015,-27.9446,-28.9736,-28.9736,2025,90.9598,-0.6886,2026-09-16,['019053'],16.8347,12.1728,12.6551,117.7000,215.4100,215.4100,80.7,1
110001,易方达平稳增长混合,国内权益,2002-08-23,24.0657,48.8682,易方达基金,混合型-平衡,,陈皓,2012-09-28,13.9658,0,0.15%,限大额,32.6551,22.3652,8.5109,15.7473,13.0418,13.1324,17.6684,-34.9010,-34.9010,-45.6737,2007,90.8864,1.2272,2026-09-16,[],8.7449,13.1061,13.5097,52.0700,242.6565,2010.6200,80.7,1
001480,财通成长优选混合A,国内权益,2015-06-29,11.2170,63.0772,财通基金,混合型-灵活,,金梓才,2015-06-29,11.2170,0,0.15%,开放申购,125.3168,79.3072,21.9874,34.7427,24.6915,20.1281,41.8150,-57.5069,-58.6738,-58.6738,2026,91.3182,2.5449,2026-09-16,[],20.6741,24.6915,19.6232,155.9000,,646.2000,80.4,1
005161,华商上游产业股票A,国内权益,2017-12-27,8.7201,11.7043,华商基金,股票型,,张文龙,2023-12-25,2.7269,2,0.15%,开放申购,19.1448,19.7512,11.1605,21.5082,,16.7112,23.9408,-29.9284,-29.9284,-29.9284,2025,84.5939,0.5058,2026-09-16,['018023'],11.1608,14.4254,16.7112,69.7300,284.7900,284.7900,80.1,1
163415,兴全商业模式混合(LOF)A,国内权益,2012-12-18,13.7440,165.6468,兴证全球基金,混合型-偏股,,乔迁,2018-07-10,8.1862,0,0.15%,开放申购,7.5114,16.2032,6.9923,17.3719,13.2666,16.8627,22.9244,-35.8865,-38.2139,-38.2139,2020,67.8603,0.1453,2026-09-16,['023881'],6.9916,13.1349,16.8627,40.2000,243.5321,751.4100,80.1,1
002289,华商改革创新股票A,国内权益,2018-03-02,8.5421,1.2464,华商基金,股票型,,刘力,2023-01-13,3.6742,2,0.15%,开放申购,109.5242,44.6674,18.2850,26.4909,,22.4491,30.0629,-41.0738,-41.8066,-41.8066,2026,79.5055,2.5357,2026-09-16,['016052'],18.2848,18.8865,22.4491,131.5500,464.0600,464.0600,80.1,1
001208,诺安低碳经济股票A,国内权益,2015-05-12,11.3484,7.2620,诺安基金,股票型,,"韩冬燕,李晓杰",2023-02-25,3.5565,2,0.15%,开放申购,20.4678,17.8008,12.2890,17.8731,16.9339,12.2311,18.7836,-25.7852,-25.7852,-39.6135,2025,41.9560,0.9890,2026-09-16,['010349'],12.0046,16.9339,12.2900,76.2700,,272.6400,80.0,1
519702,交银趋势混合A,国内权益,2010-12-22,15.7344,27.2429,交银施罗德基金,混合型-偏股,,杨金金,2020-05-27,6.3053,0,0.15%,限大额,4.6145,7.0657,4.5095,20.9072,17.1593,14.0623,16.0593,-22.3653,-29.3282,-45.1503,2021,78.3793,0.1843,2026-09-16,['013430'],4.5087,17.0345,14.0623,24.6700,382.1014,692.6800,79.9,1
519212,万家宏观择时多策略混合A,国内权益,2017-03-30,9.4648,3.6838,万家基金,混合型-灵活,,黄海,2020-11-17,5.8289,0,0.15%,限大额,48.5763,16.0164,21.3820,16.9019,,13.7736,28.1008,-31.3379,-36.5360,-36.5360,2026,46.6174,1.7171,2026-09-16,['017787'],21.3816,12.9905,13.7736,163.4900,239.1700,239.1700,79.9,1
110013,易方达科翔混合,国内权益,2008-11-13,17.7604,52.5438,易方达基金,混合型-偏股,,陈皓,2014-05-10,12.3532,0,0.15%,限大额,38.6162,27.5291,9.1151,19.8381,15.8620,15.4519,23.4083,-45.7686,-45.7686,-51.8845,2015,83.8051,1.7317,2026-09-16,[],9.2661,15.8620,16.7209,55.7500,,1458.0800,79.8,1
501079,大成科创主题混合(LOF)A,国内权益,2019-07-18,7.1650,12.6732,大成基金,混合型-偏股,,郭玮羚,2026-01-16,0.6653,4,0.15%,开放申购,66.8560,27.6097,13.3426,,,23.8945,28.7705,-34.9734,-34.9734,-34.9734,2020,85.1300,1.4612,2026-09-16,['016198'],13.3422,16.5927,23.8945,87.0500,364.2100,364.2100,79.8,1
006195,国金量化多因子股票A,国内权益,2018-10-31,7.8768,43.5309,国金基金,股票型,,"马芳,姚加红",2023-01-05,3.6961,1,0.15%,限大额,11.6719,16.0078,14.5606,,,15.9408,23.0069,-33.7869,-33.7869,-33.7869,2025,52.1416,0.3297,2026-09-16,['016858'],14.5603,12.3564,15.9408,97.3200,220.6100,220.6100,79.3,1
005660,嘉实资源精选股票A,国内权益,2018-10-22,7.9014,7.3547,嘉实基金,股票型,,刘杰,2024-03-23,2.4832,1,0.15%,开放申购,26.8123,23.2369,9.9006,,,22.3499,26.2267,-36.7755,-38.3068,-38.3068,2025,95.8985,0.5978,2026-09-16,['005661'],9.9000,17.2788,22.3499,60.3200,392.2600,392.2600,79.0,1
006502,财通集成电路产业股票A,国内权益,2018-11-29,7.7974,22.9576,财通基金,股票型,,金梓才,2022-11-30,3.7947,2,0.15%,开放申购,121.0009,74.4405,29.6710,,,29.9174,41.2903,-50.7503,-52.9106,-52.9106,2025,107.5176,2.0533,2026-09-16,['006503'],29.6711,22.6397,29.9174,266.6200,669.6800,669.6800,79.0,1
006551,中庚价值领航混合,国内权益,2018-12-19,7.7426,48.5033,中庚基金,混合型-偏股,,刘晟,2024-07-19,2.1602,2,0.15%,开放申购,14.9367,15.5211,9.5600,,,18.2645,22.5531,-32.7989,-32.7989,-32.7989,2025,57.2999,0.6287,2026-09-16,[],9.5606,13.8698,18.2645,57.8600,266.5100,266.5100,78.6,1
007355,汇添富科技创新混合A,国内权益,2019-05-06,7.3648,111.7916,汇添富基金,混合型-灵活,,马翔,2023-04-13,3.4278,1,0.15%,开放申购,32.0975,37.3120,14.3680,,,23.2169,29.3100,-47.0346,-47.0346,-47.0346,2025,90.9990,0.7529,2026-09-16,['007356'],14.3681,16.6211,23.2169,95.6700,365.3400,365.3400,78.3,1
002980,华夏创新前沿股票A,国内权益,2016-09-07,10.0233,40.2586,华夏基金,股票型,,屠环宇,2023-04-06,3.4470,1,0.15%,开放申购,45.7766,30.4504,12.0917,24.0982,17.0199,16.9772,26.2211,-43.6239,-44.5155,-44.5155,2020,83.6645,1.5481,2026-09-16,[],11.4319,17.0199,16.9043,71.8100,,378.5000,78.2,1
001832,易方达瑞恒灵活配置混合,国内权益,2018-01-10,8.6817,17.3637,易方达基金,混合型-灵活,,萧楠,2025-04-12,1.4292,1,0.06%,开放申购,32.6929,13.6731,9.9668,20.7581,,16.1954,22.5869,-27.0958,-31.8008,-31.8008,2020,89.5678,0.9328,2026-09-16,[],9.9671,13.9188,16.1954,60.8100,268.0900,268.0900,78.2,1
005903,宏利绩优混合A,国内权益,2018-06-13,8.2601,4.8677,宏利基金,混合型-灵活,,孙硕,2023-03-13,3.5127,2,0.15%,开放申购,94.2689,55.3160,24.2675,24.2605,,22.3244,38.4271,-47.1098,-54.7574,-54.7574,2025,98.9081,1.7713,2026-09-16,['015576'],24.2676,18.1100,22.3243,196.3400,428.2832,428.2800,77.8,1
001048,富国新兴产业股票A,国内权益,2015-03-12,11.5154,123.0285,富国基金,股票型,,孙权,2022-03-24,4.4819,2,0.15%,限大额,65.8099,51.3473,23.4636,24.9453,18.9217,16.9537,36.9475,-51.7935,-51.7935,-51.7935,2025,78.8129,1.7128,2026-09-16,[],22.3473,18.9217,16.7110,174.1400,,492.6800,77.3,1
005310,广发电子信息传媒股票A,国内权益,2017-12-11,8.7639,9.8411,广发基金,股票型,,冯骋,2022-08-05,4.1150,1,0.15%,开放申购,50.5126,30.4102,19.1473,25.9221,,19.3080,34.7613,-47.6823,-47.6823,-47.6823,2019,72.4049,1.0807,2026-09-16,['010236'],19.1477,16.7326,19.3080,140.1200,369.8100,369.8100,77.3,1
002833,华夏新锦绣混合A,国内权益,2016-08-24,10.0616,5.8834,华夏基金,混合型-灵活,,张城源,2021-05-26,5.3087,0,0.15%,限大额,-1.4281,19.9712,15.7774,18.0948,12.8716,12.7834,22.5513,-35.0706,-35.0706,-35.0706,2025,55.2260,0.2074,2026-09-16,[],15.8467,12.8716,13.1251,108.6500,,245.8500,77.2,1
166002,中欧新蓝筹混合A,国内权益,2008-07-25,18.1437,91.2759,中欧基金,混合型-偏股,,"周蔚文,冯炉丹",2021-10-14,4.9227,1,0.15%,开放申购,18.8529,23.0528,8.5000,15.8641,12.9516,14.0912,19.4815,-33.3065,-40.5851,-40.5851,2025,75.4859,0.6791,2026-09-16,"['001885', '004237']",8.5006,12.8695,14.0912,50.3700,235.5576,993.3700,77.2,1
090018,大成新锐产业混合A,国内权益,2012-03-20,14.4914,25.2846,大成基金,混合型-偏股,,韩创,2019-01-10,7.6824,0,0.15%,限大额,21.5375,15.0510,3.8031,23.9749,16.9182,18.0604,22.5314,-38.0153,-38.0153,-48.8862,2021,80.3984,0.6813,2026-09-16,['018460'],3.8035,16.8590,18.0604,20.5200,374.9207,1008.9100,77.0,1
006025,诺安优化配置混合A,国内权益,2018-09-20,7.9890,11.8174,诺安基金,混合型-偏股,,刘慧影,2023-07-22,3.1540,3,0.15%,开放申购,73.4979,35.1962,18.1452,,,18.1659,35.6665,-44.1556,-44.1556,-44.1556,2025,52.6891,1.6444,2026-09-16,['019571'],18.1455,14.2653,18.1659,130.1900,279.4400,279.4400,76.6,1
005729,南方人工智能混合,国内权益,2018-10-12,7.9288,7.3820,南方基金,混合型-偏股,,罗安安,2018-10-12,7.9288,0,0.15%,开放申购,17.1589,21.6215,7.9716,,,18.2615,28.0948,-42.4686,-42.4686,-42.4686,2020,56.5511,0.3326,2026-09-16,[],7.9716,14.2237,18.2615,46.7400,278.0600,278.0600,76.4,1
000242,景顺长城策略精选灵活配置混合A,国内权益,2013-08-07,13.1088,21.1929,景顺长城基金,混合型-灵活,,张靖,2019-04-29,7.3840,0,0.15%,开放申购,18.4060,12.8422,4.7549,19.5114,14.2724,14.9568,20.4929,-34.8127,-36.2377,-36.4834,2020,58.5821,0.6304,2026-09-16,['017167'],4.7556,14.1821,14.9568,26.1500,276.6879,521.6400,76.3,1
000534,长盛高端装备混合A,国内权益,2014-03-25,12.4791,13.5299,长盛基金,混合型-灵活,,郭堃,2025-11-21,0.8186,1,0.15%,开放申购,30.2762,30.0033,14.5029,22.7993,16.1532,16.7304,27.0776,-40.0323,-40.0323,-50.9685,2020,69.3539,1.0533,2026-09-16,[],13.4027,16.1532,16.5527,87.5500,,576.3000,76.2,1
002252,融通成长30灵活配置混合A,国内权益,2015-12-11,10.7652,1.0338,融通基金,混合型-灵活,,李文海,2025-04-30,1.3799,2,0.15%,开放申购,24.0766,17.2836,11.7533,20.3505,14.8801,13.8266,20.0845,-27.1502,-33.0236,-33.0236,2020,65.0221,1.1857,2026-09-16,[],12.1541,14.8801,14.3279,77.4500,,322.6900,75.7,1
470009,汇添富民营活力混合,国内权益,2010-05-05,16.3669,52.0806,汇添富基金,混合型-偏股,,马翔,2016-03-11,10.5161,0,0.15%,开放申购,36.9808,29.0581,10.2145,17.4643,12.3919,15.6085,25.8743,-44.9427,-50.7275,-52.6832,2015,108.5606,1.3427,2026-09-16,[],9.5287,12.3919,15.5942,57.6300,,971.6900,75.6,1
004320,前海开源沪港深乐享生活,国内权益,2017-05-12,9.3470,82.3434,前海开源基金,混合型-灵活,,"魏淳,梁策",2024-12-20,1.7385,4,0.15%,开放申购,155.5282,68.7255,37.3968,26.5094,,22.8462,39.4267,-53.5807,-53.5807,-53.5807,2025,124.6828,2.6076,2026-09-16,[],37.3970,21.2067,22.8462,389.6500,584.3300,584.3300,75.5,1
519003,海富通收益增长混合,国内权益,2004-03-12,22.5133,21.5524,海富通基金,混合型-灵活,,周雪军,2016-08-12,10.0945,0,0.15%,开放申购,25.5731,19.0480,6.1402,18.6372,13.9550,10.6864,20.2264,-35.1586,-35.1586,-59.6204,2006,77.2121,0.8035,2026-09-16,[],6.1402,13.9547,11.6991,34.7100,269.2515,1107.1500,75.5,1
260112,景顺长城能源基建混合A,国内权益,2009-10-20,16.9062,24.0232,景顺长城基金,混合型-偏股,,邹立虎,2025-05-16,1.3361,2,0.15%,开放申购,24.6154,15.4294,14.0503,14.2475,12.3807,11.3836,14.1686,-15.6510,-20.0465,-34.9148,2015,62.9928,1.4790,2026-09-16,[],14.7985,12.3807,11.7159,99.3800,,550.7900,75.4,1
003175,华泰柏瑞多策略混合A,国内权益,2016-09-29,9.9630,8.1766,华泰柏瑞基金,混合型-灵活,,董辰,2020-12-29,5.7139,0,0.15%,限大额,10.8760,10.8936,10.1120,14.4605,,11.9600,16.9522,-20.7294,-33.3730,-33.3730,2021,42.0673,0.6442,2026-09-16,['015450'],10.1117,11.9133,11.9601,61.8700,208.1892,208.1900,75.4,1
630002,华商盛世成长混合,国内权益,2008-09-23,17.9795,38.9912,华商基金,混合型-偏股,,"王毅文,孙蔚",2025-03-12,1.5140,2,0.15%,开放申购,18.5899,16.1890,9.8379,17.6338,12.0218,12.4623,22.6331,-26.6796,-29.6930,-67.9287,2009,66.3503,0.8543,2026-09-16,[],9.3502,12.0218,15.4329,56.3500,,1220.2500,75.3,1
002258,大成国企改革灵活配置混合A,国内权益,2017-09-21,8.9856,7.8436,大成基金,混合型-灵活,,"韩创,张家旺",2026-03-16,0.5038,1,0.15%,开放申购,22.0121,16.7708,6.9789,25.2700,,19.8159,23.5968,-33.5529,-33.5529,-33.5529,2021,92.4873,0.5538,2026-09-16,['019197'],6.9794,17.5392,19.7031,40.1200,403.3000,403.3000,75.2,1
001743,诺安优选回报混合A,国内权益,2016-09-22,9.9822,8.6051,诺安基金,混合型-灵活,,杨谷,2023-10-21,2.9049,1,0.15%,开放申购,25.0789,16.9860,12.6294,16.0380,,13.2235,23.6728,-34.4305,-34.4305,-34.4305,2021,67.1804,0.7559,2026-09-16,['025351'],12.6292,13.1985,13.2236,81.2400,245.4662,245.4700,75.1,1
004784,招商稳健优选股票A,国内权益,2017-09-20,8.9884,5.8805,招商基金,股票型,,陈西中,2021-09-28,4.9665,1,0.15%,开放申购,25.8335,29.4427,9.7619,27.7149,,20.3266,32.8935,-47.3672,-47.3672,-47.3672,2020,84.0638,0.5205,2026-09-16,['019863'],9.7625,18.0952,20.3266,59.3200,427.6200,427.6200,75.1,1
000404,易方达新兴成长灵活配置,国内权益,2013-11-28,12.7995,57.0246,易方达基金,混合型-灵活,,蔡荣成,2023-07-01,3.2115,2,0.15%,开放申购,45.2692,35.1338,12.4643,22.8315,16.0582,19.2796,32.6735,-47.6308,-47.6308,-64.5223,2015,172.9080,1.3454,2026-09-16,[],10.8764,16.0582,19.0246,67.5700,,829.2000,74.8,1
002770,安信新回报混合A,国内权益,2016-05-09,10.3546,5.5588,安信基金,混合型-灵活,,陈鹏,2021-01-25,5.6400,0,0.08%,开放申购,47.6265,48.4159,14.4890,25.8790,21.0973,20.7739,33.4688,-52.5044,-52.5044,-52.5044,2025,117.1301,1.1506,2026-09-16,['002771'],13.1403,21.0973,20.5507,85.3900,,592.5900,74.8,1
180031,银华中小盘混合A,国内权益,2012-06-20,14.2396,58.6941,银华基金,混合型-偏股,,"李晓星,张萍,杜宇",2019-12-11,6.7652,0,0.15%,开放申购,71.6662,35.0455,12.0964,18.6251,15.2455,19.8773,34.1796,-51.9333,-52.4825,-52.4825,2015,86.2688,1.7570,2026-09-16,[],10.6185,15.2455,20.9257,65.6300,,1396.3400,74.8,1
002292,诺安益鑫灵活配置混合A,国内权益,2016-01-22,10.6502,1.3699,诺安基金,混合型-灵活,,陈衍鹏,2020-07-10,6.1848,0,0.15%,开放申购,43.2037,35.0675,19.1944,16.8316,12.7984,12.1597,24.3651,-36.0017,-36.0017,-36.0017,2025,41.2114,1.9021,2026-09-16,[],18.8926,12.7984,12.0782,137.5600,,236.8300,74.8,1
090019,大成景恒混合A,国内权益,2012-06-15,14.2533,3.8763,大成基金,混合型-偏股,,苏秉毅,2018-06-27,8.2218,0,0.15%,限大额,-2.4958,14.0570,12.0012,16.7181,12.9881,11.2979,25.6364,-37.0146,-37.0146,-37.0146,2025,44.5273,0.0640,2026-09-16,['006038'],12.1996,12.9881,11.5025,77.8100,,372.0200,74.8,1
167002,平安鼎越混合(LOF)A,国内权益,2016-09-20,9.9877,35.3345,平安基金,混合型-灵活,,林清源,2023-12-25,2.7269,4,0.05%,开放申购,39.5458,37.2655,8.2684,25.6016,,17.7470,31.0975,-44.5424,-47.4393,-47.4393,2025,85.5856,1.0400,2026-09-16,['028357'],8.2687,17.7233,17.7470,48.7700,411.2400,411.2400,74.8,
040025,华安科技动力混合A,国内权益,2011-12-20,14.7406,32.6720,华安基金,混合型-偏股,,栾超,2025-05-06,1.3634,1,0.15%,开放申购,58.7134,40.1060,13.4360,20.2767,16.7926,20.0368,31.7122,-46.7661,-46.7661,-48.0957,2015,62.1522,1.7771,2026-09-16,[],12.4996,16.7926,19.8845,80.2000,,1348.8200,74.7,
110009,易方达价值精选混合,国内权益,2006-06-13,20.2601,60.9025,易方达基金,混合型-偏股,,包正钰,2022-09-14,4.0055,1,0.15%,开放申购,18.1693,15.3568,7.9792,15.7645,12.1315,9.6890,20.7240,-32.3628,-32.3628,-67.9610,2007,123.6972,0.6624,2026-09-16,[],7.9790,12.5036,13.2880,46.7900,224.8356,1152.4900,74.7,
671030,西部利得事件驱动股票A,国内权益,2018-09-26,7.9726,10.0081,西部利得基金,股票型,,张昌平,2021-07-14,5.1745,0,0.15%,开放申购,21.0114,32.1216,12.3592,,,21.0615,29.3487,-50.6704,-50.9328,-50.9328,2025,73.1589,0.5055,2026-09-16,['023532'],12.3594,16.4602,21.0615,79.0800,358.9600,358.9600,74.4,
005914,景顺长城智能生活混合A,国内权益,2019-01-31,7.6249,12.5384,景顺长城基金,混合型-偏股,,江山,2024-08-16,2.0835,1,0.15%,开放申购,36.2889,40.5356,15.6428,,,22.4196,32.2420,-48.8954,-51.8850,-51.8850,2025,104.2234,0.7426,2026-09-16,['023265'],15.6428,16.6771,22.4196,106.8200,367.5800,367.5800,74.3,
005819,国泰优势行业混合A,国内权益,2018-05-17,8.3340,4.5820,国泰基金,混合型-偏股,,彭凌志,2018-05-17,8.3340,0,0.15%,开放申购,81.3254,37.1556,11.9898,21.2779,,18.8747,38.3337,-51.3091,-54.9872,-54.9872,2020,86.2471,1.4552,2026-09-16,['015585'],11.9893,15.4994,18.8747,76.1500,322.4700,322.4700,73.9,
006904,泰康产业升级混合A,国内权益,2019-05-17,7.3347,7.4108,泰康基金,混合型-偏股,,薛小波,2019-05-17,7.3347,0,0.15%,开放申购,29.8872,23.2835,9.0868,,,16.8653,24.0202,-42.9091,-45.7336,-45.7336,2020,70.9820,0.8928,2026-09-16,['006905'],9.0874,12.6119,17.5790,54.4800,227.9759,227.9800,73.9,
003822,中信建投轮换混合A,国内权益,2019-01-17,7.6632,4.3737,中信建投基金,混合型-偏股,,栾江伟,2019-01-17,7.6632,0,0.15%,开放申购,3.9913,12.1067,4.3788,,,17.2335,18.6681,-33.3062,-34.3334,-34.3334,2020,54.3483,0.1168,2026-09-16,['003823'],4.3793,12.9578,17.2335,23.9000,238.1900,238.1900,73.8,
007497,中庚价值灵动灵活配置混合,国内权益,2019-07-16,7.1704,11.8647,中庚基金,混合型-灵活,,周汝昂,2026-01-23,0.6461,2,0.15%,开放申购,30.3123,19.3881,8.9173,,,18.8141,21.0230,-33.4218,-33.4218,-33.4218,2025,45.4463,1.4140,2026-09-16,[],8.9174,13.1576,18.8141,53.2800,244.2200,244.2200,73.7,
000742,国泰新经济灵活配置混合A,国内权益,2014-09-16,12.0000,9.6236,国泰基金,混合型-灵活,,彭凌志,2016-12-14,9.7550,0,0.15%,开放申购,79.9632,35.9295,10.3390,18.1015,15.9407,19.1852,38.1183,-53.7096,-57.0335,-57.0335,2020,73.4769,1.4339,2026-09-16,['014989'],10.3393,15.8728,19.1851,63.5500,336.3304,721.6100,73.6,
006567,中泰星元灵活配置混合A,国内权益,2018-12-05,7.7810,33.1902,中泰证券(上海)资管,混合型-灵活,,姜诚,2018-12-05,7.7810,0,0.15%,开放申购,-0.5891,5.0015,4.3900,,,14.3293,15.1550,-17.1751,-17.1751,-17.1751,2020,39.3961,-0.1420,2026-09-16,['012940'],4.3894,10.9819,14.3293,23.9600,183.4800,183.4800,73.6,
000969,前海开源大安全混合,国内权益,2015-02-06,11.6085,7.6275,前海开源基金,混合型-灵活,,刘宏,2022-08-08,4.1068,1,0.15%,开放申购,46.1445,43.7271,14.9034,22.6725,15.3980,14.4579,31.2199,-46.2681,-46.2681,-52.6756,2025,86.5385,1.2118,2026-09-16,[],14.1557,15.3980,14.2754,93.8600,,370.7000,73.6,
001144,大成互联网思维混合A,国内权益,2015-04-21,11.4059,12.9743,大成基金,混合型-灵活,,郭玮羚,2026-01-16,0.6653,4,0.12%,开放申购,67.0516,28.4452,16.3253,20.5088,16.1577,11.1144,28.3247,-34.2300,-34.2300,-52.6923,2020,58.2700,1.9263,2026-09-16,[],15.3946,16.1577,11.0542,104.6100,,230.6500,73.5,
001170,宏利复兴混合A,国内权益,2015-04-21,11.4059,39.8431,宏利基金,混合型-灵活,,孙硕,2023-03-13,3.5127,2,0.15%,开放申购,101.2981,65.0313,25.6389,24.8700,19.8308,14.4286,40.0070,-53.8698,-62.8034,-62.8034,2025,106.1574,2.4186,2026-09-16,[],24.6776,19.8308,14.1778,201.2600,,353.7000,73.5,
000006,西部利得量化成长混合A,国内权益,2019-03-19,7.4962,13.3023,西部利得基金,混合型-偏股,,盛丰衍,2019-03-19,7.4962,0,0.15%,开放申购,19.4519,13.5796,4.4098,,,17.7748,20.4817,-39.0965,-39.0965,-39.0965,2020,68.6861,0.9193,2026-09-16,['011228'],4.4096,13.0479,17.7749,24.0800,240.8988,240.9000,73.4,
006100,平安优势产业混合A,国内权益,2018-08-22,8.0684,1.8249,平安基金,混合型-灵活,,黄维,2018-08-22,8.0684,0,0.15%,开放申购,43.0615,26.3944,9.5079,20.5646,,20.3705,27.8177,-49.1268,-49.1268,-49.1268,2025,80.5212,1.1261,2026-09-16,['006101'],9.5078,16.1462,20.3837,57.4800,346.7353,346.7400,73.2,
004475,华泰柏瑞富利混合A,国内权益,2017-09-12,9.0103,30.3021,华泰柏瑞基金,混合型-灵活,,董辰,2020-07-29,6.1328,0,0.15%,限大额,9.3205,9.7410,9.5399,16.8472,,11.7083,17.0955,-20.7367,-34.9405,-34.9405,2021,43.7193,0.5344,2026-09-16,['014597'],9.5398,10.4908,11.7082,57.7100,171.1833,171.1800,73.2,
000513,富国高端制造行业股票A,国内权益,2014-06-20,12.2409,8.0958,富国基金,股票型,,毕天宇,2018-10-24,7.8960,0,0.15%,开放申购,33.5654,19.9331,7.6785,18.8325,13.9456,14.7221,25.9958,-44.1753,-44.5113,-58.1796,2019,81.8259,0.8831,2026-09-16,['014930'],7.6787,13.8443,14.7221,44.7600,265.6909,437.2000,73.1,
000308,建信创新中国混合,国内权益,2013-09-24,12.9774,5.2304,建信基金,混合型-偏股,,邵卓,2015-05-22,11.3210,0,0.15%,开放申购,41.3294,21.0384,5.3881,20.5250,14.5064,18.1357,26.5485,-45.5471,-45.5471,-45.5471,2015,69.2073,0.9814,2026-09-16,[],5.3874,14.4352,18.1357,30.0000,285.1196,769.6000,73.0,
001532,华安文体健康混合A,国内权益,2017-06-08,9.2731,24.3908,华安基金,混合型-灵活,,"刘畅畅,桑翔宇",2023-07-03,3.2060,1,0.15%,开放申购,22.7039,21.8248,6.1046,24.6357,,20.1609,24.6678,-45.9840,-45.9840,-45.9840,2020,85.9155,0.6461,2026-09-16,['013116'],6.1039,18.5674,20.1609,34.4800,449.1000,449.1000,73.0,
377240,摩根新兴动力混合A,国内权益,2011-07-13,15.1786,123.8530,摩根基金(中国),混合型-偏股,,杜猛,2011-07-13,15.1786,0,0.15%,开放申购,23.6830,33.8086,6.0345,22.1797,17.0995,16.8373,29.2003,-53.7807,-54.5992,-54.8144,2025,96.4124,0.5889,2026-09-16,"['960007', '014642']",6.0344,17.0355,16.8373,34.0400,382.1445,961.2000,72.9,
000598,长盛生态环境混合A,国内权益,2014-09-10,12.0164,5.5703,长盛基金,混合型-灵活,,滕光耀,2025-11-21,0.8186,1,0.15%,开放申购,36.3665,29.3270,13.4371,18.2909,14.9675,15.5995,26.5963,-40.5460,-40.5460,-44.9269,2025,50.0172,1.2435,2026-09-16,[],12.5931,14.9675,15.4751,80.9500,,463.4900,72.9,
519191,万家新利灵活配置混合,国内权益,2014-01-24,12.6434,2.9215,万家基金,混合型-灵活,,黄海,2020-11-17,5.8289,0,0.06%,限大额,40.9770,14.3723,19.5433,14.8921,11.8659,10.7342,27.4087,-32.4500,-36.4901,-36.4901,2022,41.1873,1.7881,2026-09-16,[],18.6574,11.8659,10.9357,135.2200,,271.4100,72.8,
007449,兴全多维价值混合A,国内权益,2019-06-12,7.2635,51.9508,兴证全球基金,混合型-偏股,,杨世进,2021-07-16,5.1691,0,0.15%,开放申购,18.7956,19.7772,10.1729,,,15.9693,22.8101,-41.4233,-41.4233,-41.4233,2025,51.4591,0.6498,2026-09-16,['007450'],10.1728,11.3616,15.9693,62.3200,193.3300,193.3300,72.8,
160613,鹏华盛世创新混合(LOF)A,国内权益,2008-10-10,17.9329,8.7621,鹏华基金,混合型-偏股,,伍旋,2011-12-28,14.7187,0,0.15%,开放申购,6.3490,10.6519,7.2452,13.5033,10.6310,11.2416,14.4838,-22.1679,-23.0943,-43.1655,2009,69.1278,0.4189,2026-09-16,['020254'],7.2453,10.5458,11.2415,41.8700,172.5347,575.6200,72.8,
001959,华商乐享互联灵活配置混合A,国内权益,2015-12-18,10.7461,8.5136,华商基金,混合型-灵活,,余懿,2022-09-21,3.9863,2,0.15%,限大额,42.6058,22.2976,10.6905,27.5433,15.7050,13.6538,24.9818,-42.7528,-49.6350,-52.1308,2019,86.3636,1.6982,2026-09-16,['013142'],9.8519,15.7050,13.4279,59.9700,,287.2800,72.8,
090007,大成策略回报混合A,国内权益,2008-11-26,17.8042,21.8496,大成基金,混合型-偏股,,徐彦,2020-03-23,6.4832,0,0.15%,开放申购,-0.1271,8.7082,6.4960,12.5624,10.3699,12.1762,12.0030,-16.6660,-31.2697,-42.2578,2009,64.9987,-0.1610,2026-09-16,['018225'],6.4955,10.2990,13.6184,36.9800,166.5108,871.0100,72.6,
005844,东方人工智能主题混合A,国内权益,2018-06-07,8.2765,37.9624,东方基金,混合型-偏股,,严凯,2020-10-16,5.9165,0,0.15%,限大额,158.9394,49.9784,20.6250,17.4860,,15.6244,42.9159,-51.3787,-55.0936,-55.0936,2026,95.3416,2.6305,2026-09-16,['017811'],20.6250,12.7673,15.6244,155.3800,232.5300,232.5300,72.6,
519674,银河创新成长混合A,国内权益,2010-12-29,15.7153,142.5582,银河基金,混合型-偏股,,郑巍山,2019-05-11,7.3511,0,0.15%,开放申购,34.2855,38.0599,10.2908,23.1539,19.0775,17.0616,37.6526,-60.8311,-63.8395,-63.8395,2019,98.3849,0.6059,2026-09-16,['014143'],10.2907,18.9718,17.0616,63.1900,468.1225,1088.9100,72.6,
007490,南方信息创新混合A,国内权益,2019-06-19,7.2444,71.3775,南方基金,混合型-偏股,,郑晓曦,2024-08-23,2.0643,1,0.15%,开放申购,131.5418,47.1331,18.0478,,,24.8086,38.4594,-56.4081,-57.6083,-57.6083,2026,77.3125,2.3563,2026-09-16,['007491'],18.0478,17.4148,24.8086,129.2400,398.0000,398.0000,72.5,
519778,交银经济新动力混合A,国内权益,2016-10-20,9.9055,19.9361,交银施罗德基金,混合型-灵活,,郭斐,2018-06-23,8.2327,0,0.15%,开放申购,19.8049,10.3201,2.1045,18.1381,,14.1887,17.9677,-33.5046,-34.9623,-34.9623,2019,100.5690,0.5806,2026-09-16,['014096'],2.1036,14.0457,14.1887,10.9700,272.2100,272.2100,72.4,
001072,华安智能装备主题股票A,国内权益,2015-04-24,11.3977,27.1968,华安基金,股票型,,刘畅畅,2025-05-06,1.3634,1,0.15%,开放申购,48.6486,35.9695,12.2639,23.3460,17.4829,14.7516,30.9576,-46.8282,-46.8282,-46.8282,2019,72.4967,1.6825,2026-09-16,[],11.2040,17.4829,14.6272,70.0600,,373.9600,72.3,
260111,景顺长城公司治理混合,国内权益,2008-10-22,17.9001,6.3989,景顺长城基金,混合型-偏股,,杨锐文,2020-07-25,6.1437,0,0.15%,限大额,2.0785,12.5675,6.0837,16.4598,14.8271,9.6486,26.6786,-40.9243,-40.9243,-62.2876,2020,52.3346,0.3950,2026-09-16,[],8.3501,15.9122,11.6806,49.3300,337.8140,622.4400,72.1,
005598,广发中小盘精选混合A,国内权益,2018-05-04,8.3696,44.9997,广发基金,混合型-偏股,,陈韫中,2022-09-26,3.9726,2,0.15%,开放申购,25.5490,23.4113,11.4955,17.2488,,14.3929,32.5351,-42.6969,-42.6969,-42.6969,2025,60.7132,0.5160,2026-09-16,['013955'],11.4954,11.9122,14.3929,72.3000,208.1600,208.1600,72.1,
003853,金鹰信息产业股票A,国内权益,2017-03-10,9.5195,12.7588,金鹰基金,股票型,,倪超,2022-03-14,4.5092,1,0.12%,开放申购,54.6498,26.8532,8.2778,27.8559,,22.8411,33.3901,-53.8497,-53.8497,-53.8497,2020,93.3598,1.0515,2026-09-16,['005885'],9.3320,22.2234,23.4677,56.2200,643.9498,643.9500,72.1,
002095,博时新收益A,国内权益,2016-02-04,10.6146,3.2092,博时基金,混合型-灵活,,过钧,2020-08-10,6.0999,0,0.08%,开放申购,34.8699,27.7624,9.7471,16.6795,13.2973,13.1091,25.7588,-41.6174,-45.5931,-45.5931,2025,74.0615,0.7383,2026-09-16,['002096'],9.7474,13.8192,13.6194,59.2100,264.8843,287.8000,72.1,
202213,南方核心竞争混合,国内权益,2012-12-21,13.7358,4.5382,南方基金,混合型-偏股,,卢玉珊,2017-05-05,9.3662,0,0.15%,开放申购,20.0405,14.5283,6.0960,14.2545,11.4988,11.5014,14.7367,-23.7437,-23.7437,-23.7437,2020,56.4527,0.9223,2026-09-16,[],6.0961,11.4769,11.8874,34.4300,196.3788,367.7900,72.0,
001892,长盛新兴成长混合A,国内权益,2015-11-06,10.8611,2.0558,长盛基金,混合型-灵活,,汤其勇,2025-11-21,0.8186,3,0.15%,开放申购,47.7140,34.1516,17.4298,19.2567,15.0622,14.1098,28.2515,-39.5955,-39.5955,-39.5955,2020,48.9744,1.4014,2026-09-16,[],16.4435,15.0622,13.8938,114.0800,,310.8200,71.8,
000418,景顺长城成长之星股票A,国内权益,2013-12-13,12.7584,23.4125,景顺长城基金,股票型,,周寒颖,2022-11-10,3.8494,1,0.15%,开放申购,-2.0157,10.0270,3.5695,17.3055,13.4077,13.9933,18.7941,-26.5730,-33.0256,-54.0140,2020,71.7927,-0.1594,2026-09-16,['021503'],3.5699,13.3329,13.9934,19.1700,249.5903,431.7300,71.8,
006265,红土创新新科技股票A,国内权益,2018-09-14,8.0055,21.9333,红土创新基金,股票型,,盖俊龙,2022-12-16,3.7509,1,0.15%,开放申购,83.7890,52.9528,13.2516,30.6391,,30.6152,39.4520,-63.3997,-65.5985,-65.5985,2025,109.4166,1.5099,2026-09-16,['026155'],13.2511,24.0264,30.8617,86.3000,761.2745,761.2700,71.6,
003857,前海开源周期优选混合A,国内权益,2017-01-25,9.6400,5.2656,前海开源基金,混合型-灵活,,刘宏,2021-06-01,5.2923,0,0.15%,开放申购,58.1207,41.4044,10.0482,24.8354,,18.3532,31.6281,-51.8477,-53.4424,-53.4424,2025,78.4749,1.1267,2026-09-16,['003858'],10.0476,17.6374,18.3532,61.4000,407.5200,407.5200,71.5,
700003,平安策略先锋混合,国内权益,2012-05-29,14.2998,41.3436,平安基金,混合型-偏股,,神爱前,2017-05-11,9.3498,0,0.08%,开放申购,6.7688,19.7043,5.2318,23.8036,15.8684,16.0007,32.7786,-49.6284,-49.6284,-53.5701,2019,76.8621,0.0662,2026-09-16,[],5.2313,15.6977,16.0007,29.0400,329.7804,735.1700,71.5,
005119,银华智荟内在价值灵活配置混合发起A,国内权益,2017-09-28,8.9665,3.2249,银华基金,混合型-灵活,,方建,2018-10-23,7.8987,0,0.15%,开放申购,134.9358,46.4200,13.6037,27.6028,,19.3436,38.2899,-59.4729,-59.4729,-59.4729,2026,81.5552,2.5920,2026-09-16,['016262'],13.6039,17.1822,19.3436,89.2200,388.2200,388.2200,71.4,
110005,易方达积极成长混合,国内权益,2004-09-09,22.0178,72.8456,易方达基金,混合型-偏股,,何崇恺,2021-05-29,5.3005,0,0.15%,开放申购,115.1585,37.4385,16.3094,20.3496,15.2432,8.1544,30.8833,-55.7013,-55.7013,-68.3985,2006,133.9266,2.9216,2026-09-16,[],14.0401,15.2432,15.2422,92.8800,,2172.7400,71.4,
519644,银河智联混合A,国内权益,2015-12-17,10.7488,7.5321,银河基金,混合型-灵活,,郑巍山,2022-03-17,4.5010,1,0.15%,开放申购,56.2403,23.2750,13.0597,24.8241,19.1476,16.2491,37.6927,-53.2802,-53.2802,-53.2802,2020,74.0741,1.4083,2026-09-16,[],11.4786,19.1476,15.9759,72.1700,,391.9000,71.4,
519181,万家和谐增长混合A,国内权益,2006-11-30,19.7947,13.4521,万家基金,混合型-灵活,,莫海波,2023-08-08,3.1075,2,0.15%,限大额,24.2584,34.0418,10.7332,21.2856,17.5225,8.7864,26.9791,-44.1161,-44.5093,-74.6982,2025,67.6657,1.5699,2026-09-16,[],10.1633,17.5225,11.8997,62.2500,,825.8800,71.3,
001287,安信优势增长混合A,国内权益,2015-05-20,11.3265,4.3763,安信基金,混合型-灵活,,聂世林,2016-07-13,10.1766,0,0.10%,开放申购,-4.8311,9.7880,4.2358,13.8952,13.3195,12.4977,19.9036,-34.0960,-34.0960,-34.0960,2020,60.2113,-0.3890,2026-09-16,['002036'],4.2357,13.3195,12.4978,23.0500,249.1783,279.5600,71.3,
501015,财通多策略升级混合(LOF)A,国内权益,2016-03-09,10.5216,5.4004,财通基金,混合型-灵活,,沈犁,2021-04-14,5.4237,0,0.15%,开放申购,58.6024,45.5187,28.8397,19.4506,12.3507,11.9872,34.2027,-42.0641,-42.0641,-42.0641,2025,77.7870,1.1748,2026-09-16,[],26.6604,12.3507,11.4749,225.9900,,213.6000,71.3,
002160,南方驱动混合,国内权益,2016-03-23,10.4832,4.8495,南方基金,混合型-灵活,,应帅,2016-03-23,10.4832,0,0.15%,开放申购,26.5938,16.0581,3.5060,16.3955,14.5520,14.1900,22.0274,-39.3115,-41.5976,-41.5976,2020,82.2654,0.7368,2026-09-16,[],3.5055,14.4857,14.1900,18.8000,286.8239,301.9100,71.2,
004814,中欧红利优享混合A,国内权益,2018-04-19,8.4107,66.3730,中欧基金,混合型-灵活,,蓝小康,2021-02-10,5.5962,0,0.15%,限大额,1.6576,14.2454,8.2016,15.4564,,12.0790,19.4307,-24.7544,-25.2575,-25.2575,2025,49.6198,-0.0278,2026-09-16,['004815'],8.2017,10.0660,12.0793,48.3100,160.9354,160.9400,71.2,
004616,中欧电子信息产业沪港深股票A,国内权益,2017-07-07,9.1937,18.1205,中欧基金,股票型,,刘金辉,2022-09-30,3.9617,1,0.15%,开放申购,28.6059,21.0854,9.8615,20.4243,,17.1341,33.1983,-49.8657,-49.8657,-49.8657,2019,54.8784,0.5758,2026-09-16,['005763'],9.8615,15.6499,17.1341,60.0400,328.0100,328.0100,71.1,
121010,国投瑞银瑞源灵活配置混合A,国内权益,2011-12-20,14.7406,3.0269,国投瑞银基金,混合型-灵活,,綦缚鹏,2020-07-18,6.1629,0,0.15%,开放申购,9.8416,8.6687,5.1495,15.8132,13.0459,11.3071,12.4643,-15.8931,-15.8931,-15.8931,2020,52.5199,0.6272,2026-09-16,['015572'],5.1496,13.0160,11.3395,28.5400,239.9384,387.1200,70.9,
003624,创金合信资源股票发起式A,国内权益,2016-11-02,9.8700,5.1791,创金合信基金,股票型,,"李游,黄超",2023-05-12,3.3484,1,0.15%,开放申购,23.7611,20.3056,5.5381,20.3805,,15.1183,27.5633,-37.8066,-43.3153,-43.3153,2025,87.7306,0.5178,2026-09-16,['003625'],5.5378,14.9077,15.1183,30.9300,301.3200,301.3200,70.9,
005299,万家成长优选混合A,国内权益,2018-02-01,8.6215,10.2164,万家基金,混合型-灵活,,耿嘉洲,2024-02-08,2.6037,1,0.15%,开放申购,19.3200,26.8078,8.0657,24.8216,,20.3382,35.3828,-48.4549,-48.4549,-48.4549,2020,77.3280,0.2917,2026-09-16,['005300'],8.0657,17.3059,20.3382,47.3800,393.4000,393.4000,70.9,
000574,宝盈新价值混合A,国内权益,2014-04-10,12.4353,5.1068,宝盈基金,混合型-灵活,,张戈,2025-08-02,1.1225,1,0.15%,开放申购,28.7442,13.7769,11.0181,18.9350,11.1243,15.8745,17.5983,-22.6908,-36.6775,-61.4439,2015,121.0534,1.1361,2026-09-16,['007574'],9.7046,11.1243,15.7957,58.9000,,519.4900,70.9,
007685,华商电子行业量化股票发起式A,国内权益,2019-09-17,6.9979,3.5963,华商基金,股票型,,艾定飞,2020-12-15,5.7522,0,0.15%,开放申购,65.1191,40.1701,14.5011,,,20.0146,33.5665,-51.4704,-51.7095,-51.7095,2025,50.5636,1.3312,2026-09-16,['022831'],14.5010,13.6181,20.0146,96.8100,258.4900,258.4900,70.8,
570008,诺德周期策略混合,国内权益,2012-03-21,14.4887,12.1949,诺德基金,混合型-偏股,,"罗世锋,陈国光",2025-07-18,1.1636,1,0.15%,开放申购,63.4807,29.4203,12.2412,21.2983,17.0406,17.5813,31.6924,-48.5811,-55.3496,-55.3496,2020,124.5294,1.4863,2026-09-16,[],10.9544,17.0406,17.7490,68.1600,,966.7900,70.8,
168401,红土精选混合(LOF)A,国内权益,2016-12-30,9.7112,3.5299,红土创新基金,混合型-灵活,,盖俊龙,2021-02-22,5.5633,0,0.15%,开放申购,71.5374,47.7685,14.4812,25.4463,,20.2454,38.0704,-60.2496,-60.2496,-60.2496,2025,105.9291,1.2728,2026-09-16,['026293'],14.4813,19.6068,20.2454,96.6400,499.1800,499.1800,70.8,
162201,宏利成长混合,国内权益,2003-04-25,23.3949,64.2679,宏利基金,混合型-灵活,,孙硕,2025-04-10,1.4346,2,0.15%,开放申购,91.5327,70.9796,21.3823,27.2584,17.8937,17.5877,42.0796,-59.1934,-59.1934,-65.8138,2025,112.2072,2.2691,2026-09-16,[],20.9408,17.8937,18.2700,158.7400,,4968.6700,70.7,
110029,易方达科讯混合,国内权益,2007-12-18,18.6995,127.5744,易方达基金,混合型-偏股,,刘健维,2022-01-12,4.6762,1,0.15%,开放申购,58.0558,52.6817,20.7925,25.7447,16.6164,9.8285,28.3642,-49.1873,-49.1873,-72.2605,2025,119.0636,1.9514,2026-09-16,[],19.1417,16.6164,10.2827,140.0600,,523.5500,70.5,
519185,万家精选混合A,国内权益,2009-05-18,17.3306,8.7809,万家基金,混合型-偏股,,黄海,2020-11-17,5.8289,0,0.15%,限大额,38.9852,14.4693,18.4408,13.3098,10.1339,10.6298,27.0155,-30.9397,-35.8516,-42.8052,2015,83.4903,1.7577,2026-09-16,[],17.5430,10.1339,10.7952,124.3800,,490.9800,70.4,
020018,国泰金鹿混合,国内权益,2008-06-12,18.2615,8.6415,国泰基金,混合型-偏股,,赵大震,2023-08-30,3.0472,2,0.15%,开放申购,72.1811,23.2121,13.3783,18.0238,14.5590,10.4200,27.7683,-36.0392,-37.0096,-37.0096,2026,56.7092,1.8560,2026-09-16,[],11.9524,14.5590,9.9211,75.8600,,462.6000,70.4,
001718,工银物流产业股票A,国内权益,2016-03-01,10.5435,6.7180,工银瑞信基金,股票型,,张姝丽,2025-11-24,0.8104,4,0.15%,开放申购,5.8312,14.4440,5.5375,19.4444,16.5683,16.1872,19.9379,-37.1272,-37.1272,-37.1272,2020,72.5457,0.2131,2026-09-16,['015001'],5.5378,16.5019,16.1872,30.9300,360.6061,386.4000,70.3,
003293,易方达科瑞混合,国内权益,2017-01-03,9.6920,15.4677,易方达基金,混合型-灵活,,杨嘉文,2017-12-27,8.7201,0,0.15%,开放申购,7.3078,3.7761,1.5103,4.0451,,3.3451,6.2893,-13.6284,-13.6284,-13.6284,2020,13.7225,0.8807,2026-09-16,[],3.8809,11.2484,11.6259,20.9700,190.3607,190.3600,70.2,
001725,汇添富高端制造股票A,国内权益,2017-03-20,9.4921,9.6755,汇添富基金,股票型,,赵鹏飞,2017-03-20,9.4921,0,0.15%,开放申购,22.0422,12.6298,3.9939,13.4051,,13.1806,17.4211,-36.7084,-36.7084,-36.7084,2020,60.1356,1.4877,2026-09-16,"['015115', '015114']",3.9940,12.4711,13.1806,21.6300,223.9000,223.9000,70.2,
257070,国联安优选行业混合A,国内权益,2011-05-23,15.3183,81.6594,国联安基金,混合型-偏股,,潘明,2015-04-17,11.4168,0,0.15%,开放申购,79.1574,46.4011,12.5099,23.9562,15.3798,14.5030,42.4588,-63.8300,-63.8300,-71.0781,2015,90.3646,1.6683,2026-09-16,[],10.2623,15.3798,14.6108,62.9800,,707.6700,70.1,
000688,景顺长城研究精选股票A,国内权益,2014-08-12,12.0958,41.5651,景顺长城基金,股票型,,江山,2025-08-09,1.1034,4,0.15%,开放申购,51.7623,48.7094,18.2516,16.2244,13.3401,12.9275,32.1684,-45.5564,-52.0338,-52.0338,2025,81.9683,1.5007,2026-09-16,[],17.1198,13.3401,13.0517,120.3700,,340.9900,70.0,
004448,博时汇智回报灵活配置混合,国内权益,2017-04-12,9.4292,1.2283,博时基金,混合型-灵活,,吴渭,2017-04-12,9.4292,0,0.15%,开放申购,6.0928,15.8624,5.0796,13.6825,,13.3508,22.5169,-35.7373,-45.0061,-45.0061,2020,60.2288,0.1165,2026-09-16,[],5.0792,12.5428,13.3508,28.1100,225.9700,225.9700,69.9,
020009,国泰金鹏蓝筹混合,国内权益,2006-09-29,19.9644,21.0608,国泰基金,混合型-灵活,,胡松,2020-10-16,5.9165,0,0.15%,限大额,5.9621,14.9025,4.7414,12.5916,9.5956,11.1379,22.2268,-30.6335,-37.2896,-63.2972,2007,104.3423,0.1055,2026-09-16,[],4.7407,11.8370,12.3964,26.0600,206.0954,930.9600,69.9,
002446,广发利鑫灵活配置混合A,国内权益,2016-03-21,10.4887,7.6951,广发基金,混合型-灵活,,段涛,2021-04-14,5.4237,0,0.10%,开放申购,31.9829,17.5653,4.8977,17.6668,14.5597,13.9338,29.2641,-40.8634,-40.9010,-40.9010,2020,97.0234,0.5970,2026-09-16,['011172'],4.8981,14.5597,13.9339,27.0100,289.3314,292.8400,69.9,
050010,博时特许价值混合A,国内权益,2008-05-28,18.3025,10.0072,博时基金,混合型-偏股,,曾鹏,2021-04-13,5.4264,0,0.15%,开放申购,35.1018,37.4006,13.7173,24.8250,17.7617,12.4651,34.7536,-54.0777,-54.0777,-54.0777,2025,86.8019,1.0404,2026-09-16,[],12.0908,17.7617,13.3774,76.9500,,895.3500,69.8,
004958,圆信永丰优享生活,国内权益,2017-08-30,9.0459,3.9950,圆信永丰基金,混合型-灵活,,汪萍,2024-04-03,2.4531,1,0.15%,开放申购,24.3949,15.7226,6.5566,17.8486,,14.1363,25.1674,-33.0885,-33.0885,-33.0885,2020,88.8340,0.5567,2026-09-16,[],6.5561,12.7054,14.1363,37.3700,230.7114,230.7100,69.5,
110012,易方达科汇灵活配置混合,国内权益,2008-10-09,17.8563,13.0440,易方达基金,混合型-灵活,,胡天乐,2025-12-13,0.7584,2,0.15%,开放申购,32.3186,15.1305,7.4210,16.1880,12.6531,11.4010,17.5880,-30.6127,-30.6127,-54.5006,2009,69.3135,1.5004,2026-09-16,[],8.0437,12.9519,12.3034,47.2300,238.0145,694.0100,69.5,
006624,中泰玉衡价值优选混合A,国内权益,2019-03-20,7.4935,10.7353,中泰证券(上海)资管,混合型-灵活,,姜诚,2021-03-23,5.4839,0,0.15%,开放申购,1.6766,6.4157,5.5100,,,13.7849,14.6569,-15.7081,-17.1346,-17.1346,2020,41.6402,0.0552,2026-09-16,['016090'],5.5103,10.1608,13.7849,30.7600,163.1900,163.1900,69.5,
000259,农银区间收益混合,国内权益,2013-08-21,13.0705,4.1225,农银汇理基金,混合型-灵活,,魏刚,2020-02-25,6.5572,0,0.15%,开放申购,18.1937,11.7527,4.3376,15.0558,12.2329,14.6641,18.9668,-33.5293,-33.5293,-33.5293,2015,74.8822,0.7272,2026-09-16,[],4.3371,12.1281,14.6641,23.6500,214.1566,498.0600,69.5,
001071,华安媒体互联网混合A,国内权益,2015-05-15,11.3402,38.3826,华安基金,混合型-灵活,,胡宜斌,2016-09-21,9.9849,0,0.15%,开放申购,-7.6772,10.3526,5.2213,17.2279,12.8709,12.3672,26.0104,-43.9284,-43.9284,-43.9284,2019,103.9434,-0.3920,2026-09-16,['013620'],5.2215,12.7206,12.3672,28.9800,231.1562,275.2000,69.5,
001216,易方达新收益混合A,国内权益,2015-04-17,11.4168,24.0304,易方达基金,混合型-灵活,,张清华,2019-01-08,7.6879,0,0.12%,限大额,30.2246,11.8967,2.2370,17.3749,14.8768,14.0963,24.3828,-41.2994,-44.3473,-44.3473,2020,79.6456,0.5973,2026-09-16,['001217'],2.2376,14.8666,14.0963,11.7000,299.8858,350.6700,69.1,
001410,信澳新能源产业股票A,国内权益,2015-07-31,11.1294,86.0923,信达澳亚基金,股票型,,冯明远,2016-10-27,9.8864,0,0.15%,开放申购,41.8590,26.2353,4.3213,23.3443,20.4137,18.7349,31.8939,-59.6157,-59.6157,-59.6157,2019,93.4619,0.8980,2026-09-16,['024170'],4.3219,20.7963,19.2251,23.5600,561.5106,607.8200,69.1,
001753,红土创新新兴产业混合A,国内权益,2015-09-23,10.9815,57.4740,红土创新基金,混合型-灵活,,廖星昊,2022-12-16,3.7509,1,0.15%,开放申购,87.3211,62.5684,16.3500,25.4630,18.0280,14.8629,39.6023,-64.1073,-66.2902,-66.2902,2025,151.3787,2.1283,2026-09-16,[],15.4036,18.0280,14.6718,104.6900,,349.7000,69.0,
270028,广发制造业精选混合A,国内权益,2011-09-20,14.9897,17.2013,广发基金,混合型-偏股,,李巍,2013-02-05,13.6099,0,0.15%,开放申购,27.1607,22.3227,6.5289,21.1342,14.1319,15.6612,30.5982,-54.6573,-54.6573,-58.0219,2020,84.5794,0.5872,2026-09-16,['010023'],6.5282,14.0357,15.6612,37.1900,271.8836,785.4500,68.9,
481001,工银核心价值混合A,国内权益,2005-08-31,21.0431,72.3656,工银瑞信基金,混合型-偏股,,何肖颉,2017-05-27,9.3060,0,0.15%,开放申购,49.0792,22.7820,5.1796,14.8791,11.8481,5.1831,23.1499,-45.2950,-48.8025,-86.4206,2006,139.9018,1.2219,2026-09-16,['960010'],5.1790,11.7240,14.7305,28.7200,203.0145,1702.3100,68.8,
002229,华夏经济转型股票,国内权益,2016-03-15,10.5051,9.1928,华夏基金,股票型,,张帆,2018-07-24,8.1478,0,0.15%,限大额,43.9448,22.7266,7.0939,13.7165,12.7014,12.7793,25.2857,-47.3026,-49.4374,-49.4374,2020,63.8661,1.1064,2026-09-16,[],7.0936,13.1309,13.2787,40.8700,243.4087,270.5400,68.8,
004423,华商研究精选灵活配置A,国内权益,2017-05-24,9.3142,4.1920,华商基金,混合型-灵活,,童立,2017-12-25,8.7255,0,0.15%,开放申购,19.7685,16.5008,4.2969,18.2689,,16.4718,24.9820,-47.2717,-47.2717,-47.2717,2025,55.8074,0.4656,2026-09-16,['016069'],4.2966,15.2601,16.4718,23.4100,313.8000,313.8000,68.6,
519773,交银数据产业灵活配置混合A,国内权益,2016-08-16,10.0835,10.5632,交银施罗德基金,混合型-灵活,,高扬,2024-06-29,2.2149,2,0.15%,开放申购,89.5843,33.2813,12.7755,24.0543,15.5570,15.0824,31.1734,-49.2122,-49.2323,-49.2323,2019,95.1863,2.1960,2026-09-16,[],10.7863,15.5570,14.7298,66.8900,,299.7100,68.6,
006522,财通新兴蓝筹混合A,国内权益,2019-02-28,7.5483,2.0187,财通基金,混合型-偏股,,唐家伟,2022-11-30,3.7947,2,0.15%,开放申购,64.1914,52.1508,14.5048,,,20.1684,36.1090,-53.4087,-54.7622,-54.7622,2025,61.3736,1.2145,2026-09-16,['006523'],14.5045,14.8756,20.1684,96.8400,300.2000,300.2000,68.5,
240022,华宝资源优选混合A,国内权益,2012-08-21,14.0698,13.3761,华宝基金,混合型-偏股,,"丁靖斐,杨奇",2025-09-02,1.0376,1,0.15%,开放申购,16.5555,16.7538,4.4827,19.3650,16.5464,12.8233,25.4420,-34.6170,-34.6170,-41.5912,2025,79.3125,0.3437,2026-09-16,['011068'],4.4818,16.4286,12.8233,24.5100,357.7185,446.0600,68.5,
519704,交银先进制造混合A,国内权益,2011-06-22,15.2361,41.4149,交银施罗德基金,混合型-偏股,,郭若,2025-09-20,0.9884,2,0.15%,开放申购,25.3228,18.0177,6.6969,19.6867,16.1491,17.3545,21.3939,-47.0845,-47.0845,-47.0845,2015,98.4211,1.0337,2026-09-16,['014963'],6.6969,16.0319,17.3545,38.2800,342.3585,1045.2700,68.4,
310358,申万菱信新经济混合A,国内权益,2006-12-06,19.7782,24.2337,申万菱信基金,混合型-灵活,,付娟,2021-07-05,5.1992,0,0.15%,开放申购,88.2236,31.5269,10.6347,20.2995,16.1046,11.3015,29.8171,-49.6334,-49.6334,-59.6076,2007,123.7508,2.4364,2026-09-16,[],10.4363,16.1046,11.3375,64.2700,,736.5400,68.3,
460007,华泰柏瑞行业领先混合,国内权益,2009-08-03,17.1198,8.0446,华泰柏瑞基金,混合型-偏股,,吕慧建,2018-05-30,8.2984,0,0.15%,开放申购,89.3925,35.3619,12.1198,22.1128,17.0446,11.0517,32.1126,-52.8817,-52.8817,-53.0603,2025,83.1175,1.9005,2026-09-16,[],11.1674,17.0446,10.9408,69.7800,,491.5000,68.2,
004390,平安转型创新混合A,国内权益,2017-04-14,9.4237,3.5272,平安基金,混合型-灵活,,神爱前,2020-01-06,6.6940,0,0.15%,开放申购,6.3670,20.5974,5.5326,23.0187,,18.0825,33.8589,-50.0051,-50.0051,-50.0051,2025,68.6419,0.0534,2026-09-16,['004391'],5.5329,16.9567,18.0825,30.9000,378.9079,378.9100,68.2,
005550,汇安成长优选混合A,国内权益,2018-02-13,8.5886,21.8028,汇安基金,混合型-灵活,,单柏霖,2023-06-19,3.2444,2,0.15%,限大额,67.2162,60.7848,19.1780,21.2182,,16.5738,36.5186,-59.2658,-62.9850,-62.9850,2025,144.1005,1.3038,2026-09-16,['005551'],19.1784,14.0778,16.5738,140.4300,273.2600,273.2600,67.9,
002692,富国创新科技混合A,国内权益,2016-06-16,10.2505,151.5583,富国基金,混合型-偏股,,罗擎,2025-07-15,1.1718,1,0.15%,限大额,85.8167,52.0798,15.3891,22.8670,17.5860,16.2095,35.6170,-59.2503,-66.9716,-66.9716,2025,141.9136,2.0322,2026-09-16,['011120'],13.8383,17.5860,15.9342,91.1800,,355.2000,67.7,
000020,景顺长城品质投资混合A,国内权益,2013-03-19,13.4949,5.7217,景顺长城基金,混合型-偏股,,詹成,2017-01-05,9.6947,0,0.15%,开放申购,34.4871,19.6214,5.8424,15.9619,13.0743,13.8506,21.9851,-46.8354,-50.5988,-50.5988,2019,68.3290,1.1849,2026-09-16,['016906'],5.8423,12.9808,13.8507,32.8300,238.8795,475.7600,67.7,
166001,中欧新趋势混合A,国内权益,2007-01-29,19.6304,27.6713,中欧基金,混合型-偏股,,周蔚文,2016-06-17,10.2478,0,0.15%,开放申购,18.6808,18.4550,5.9067,13.3167,10.9111,7.3678,19.3736,-34.5509,-44.0362,-64.5009,2007,83.2200,0.7140,2026-09-16,"['011264', '001881', '005787']",5.9489,11.9403,9.0560,33.5000,208.9338,448.3700,67.4,
005962,宝盈人工智能股票A,国内权益,2018-08-15,8.0876,9.5054,宝盈基金,股票型,,叶秀贤,2025-12-13,0.7584,3,0.15%,开放申购,37.4978,37.7799,11.9077,23.7440,,23.4572,31.4934,-56.6709,-56.6709,-56.6709,2019,83.9644,0.8688,2026-09-16,['005963'],11.9078,18.5810,23.4572,75.5100,449.7300,449.7300,67.4,
002281,建信裕利灵活配置混合,国内权益,2016-01-04,10.6995,2.0577,建信基金,混合型-灵活,,江映德,2021-09-29,4.9637,1,0.15%,开放申购,34.8958,33.2421,11.0020,21.6885,14.8541,13.8719,31.7889,-49.5416,-49.5416,-49.5416,2020,59.5004,1.0497,2026-09-16,[],10.6399,14.8541,13.8952,65.7900,,302.3300,67.3,
006081,海富通电子传媒股票A,国内权益,2018-12-26,7.7235,1.2951,海富通基金,股票型,,吴昊,2024-10-14,1.9220,3,0.15%,开放申购,72.5602,41.0701,14.0241,,,26.6920,39.4668,-57.9177,-57.9177,-57.9177,2025,93.1485,1.3624,2026-09-16,['006080'],14.0247,20.0489,26.6920,92.7500,521.7000,521.7000,67.3,
000165,国投瑞银策略精选混合,国内权益,2013-09-27,12.9692,7.1651,国投瑞银基金,混合型-灵活,,吉莉,2019-10-19,6.9103,0,0.15%,开放申购,5.1421,11.4331,2.6307,13.5744,11.0936,14.6339,16.3659,-28.5477,-29.4139,-29.4139,2015,65.3650,0.1448,2026-09-16,[],2.6300,11.0462,15.1173,13.8600,185.1254,520.7900,67.2,
000663,国投瑞银美丽中国混合A,国内权益,2014-06-24,12.2300,2.4282,国投瑞银基金,混合型-灵活,,周思捷,2023-06-15,3.2553,2,0.15%,开放申购,6.9656,7.7115,4.8588,16.5110,12.1969,14.8932,18.0044,-32.3996,-32.3996,-33.9557,2015,102.6920,0.3340,2026-09-16,['018544'],4.8584,12.1400,14.9044,26.7700,214.4899,446.9100,67.2,
001528,诺安先进制造股票A,国内权益,2015-08-21,11.0719,3.1872,诺安基金,股票型,,韩冬燕,2015-11-21,10.8200,0,0.15%,开放申购,3.9703,5.8231,4.1533,11.6593,11.7659,11.1428,15.6097,-29.2536,-29.2536,-29.2536,2020,43.5741,0.1585,2026-09-16,['019607'],4.1525,11.6505,11.1428,22.5600,201.0280,222.1000,67.1,
202023,南方优选成长混合A,国内权益,2011-01-30,15.6277,22.8378,南方基金,混合型-灵活,,骆帅,2015-07-10,11.1869,0,0.15%,开放申购,30.2773,19.7296,4.2060,12.8208,11.2923,11.8089,16.6509,-37.6525,-47.0147,-47.0147,2020,58.7873,1.2107,2026-09-16,['005206'],4.2068,11.1907,11.8089,22.8800,188.8592,472.2300,67.1,
166020,中欧成长优选混合A,国内权益,2013-08-21,13.0705,3.3826,中欧基金,混合型-灵活,,柳世庆,2025-09-30,0.9610,4,0.15%,开放申购,15.4976,15.9957,10.4505,14.7563,11.7385,10.9349,18.9210,-24.0181,-24.3362,-24.3362,2025,51.8055,1.2502,2026-09-16,['001891'],10.5101,11.7385,11.1905,64.8200,,300.0600,67.0,
003961,易方达瑞程灵活配置混合A,国内权益,2016-12-15,9.7522,4.7914,易方达基金,混合型-灵活,,贾健,2022-05-07,4.3614,1,0.06%,限大额,56.5590,28.5105,7.6487,24.1203,,18.2979,31.3395,-54.8053,-54.8053,-54.8053,2019,92.7920,1.2913,2026-09-16,['003962'],7.6489,17.8064,18.2979,44.5600,414.8600,414.8600,67.0,
002563,泓德泓汇混合,国内权益,2016-11-16,9.8316,3.3204,泓德基金,混合型-灵活,,于浩成,2021-02-10,5.5962,0,0.15%,开放申购,40.2486,22.6124,7.1590,17.6982,,14.2714,23.0741,-47.6500,-49.8299,-49.8299,2020,76.2433,1.3744,2026-09-16,[],7.1589,14.0150,14.2714,41.3000,271.2100,271.2100,66.9,
320003,诺安先锋混合A,国内权益,2005-12-19,20.7420,46.0173,诺安基金,混合型-偏股,,杨谷,2023-09-16,3.0007,1,0.15%,开放申购,19.0550,12.9135,7.4160,15.7013,11.0074,13.6121,23.0456,-38.6098,-38.6098,-60.3369,2007,143.7345,0.5718,2026-09-16,['012621'],7.4156,10.8895,13.6121,43.0000,181.1277,1311.2800,66.9,
001536,南方君选,国内权益,2016-02-03,10.6174,2.9800,南方基金,混合型-灵活,,卢玉珊,2020-05-15,6.3381,0,0.15%,开放申购,20.2628,15.8263,6.6378,13.3133,11.0435,10.7877,15.9606,-25.3288,-25.3288,-25.3288,2020,38.5714,0.8578,2026-09-16,[],6.6382,11.0047,10.7910,37.9000,184.0612,196.8400,66.7,
519688,交银精选混合,国内权益,2005-09-29,20.9637,58.3404,交银施罗德基金,混合型-偏股,,张雪蓉,2026-01-01,0.7064,4,0.15%,开放申购,34.6124,18.5170,5.6731,15.0169,13.2438,7.4403,23.4019,-41.8011,-49.6686,-65.3674,2006,120.3338,0.8505,2026-09-16,[],5.6728,13.1260,14.8526,31.7700,243.2605,1722.9700,66.4,
257020,国联安精选混合,国内权益,2005-12-28,20.7173,12.0902,国联安基金,混合型-偏股,,魏东,2015-12-31,10.7105,0,0.15%,开放申购,31.4329,20.1368,7.3058,13.6496,10.5816,11.9138,25.6789,-47.7584,-49.5075,-71.1413,2006,93.0091,0.9413,2026-09-16,[],7.3629,10.4913,14.9889,42.6500,171.1956,1705.6400,66.2,
001603,易方达安盈回报混合A,国内权益,2017-02-16,9.5797,8.2945,易方达基金,混合型-偏债,,张清华,2017-02-16,9.5797,0,0.10%,开放申购,10.9512,7.5589,2.2066,13.5025,,11.7574,13.4275,-25.8915,-25.8915,-25.8915,2020,52.8515,0.3486,2026-09-16,['017414'],2.2065,11.2365,11.7574,11.5300,190.0501,190.0500,66.1,
003396,东方红优享红利混合A,国内权益,2016-10-31,9.8754,9.1356,东方红资产管理,混合型-灵活,,周云,2022-07-16,4.1697,1,0.15%,开放申购,10.9601,13.0310,5.9683,11.2361,,11.1877,17.1342,-27.0822,-37.4054,-37.4054,2019,53.3820,0.6990,2026-09-16,['017536'],5.9679,11.0409,11.1877,33.6200,184.9900,184.9900,66.1,
000828,宏利转型机遇股票A,国内权益,2014-11-18,11.8275,30.0190,宏利基金,股票型,,孟杰,2025-01-23,1.6454,1,0.12%,开放申购,37.5787,46.7304,9.3404,31.4658,21.4608,18.0068,36.9994,-61.5687,-61.5687,-61.8899,2020,99.4695,1.5552,2026-09-16,['012800'],9.3907,21.4608,17.9475,56.6400,,604.5300,66.1,
007639,汇添富竞争优势灵活配置混合,国内权益,2019-09-04,7.0335,55.9663,汇添富基金,混合型-灵活,,马磊,2025-10-14,0.9227,1,0.15%,开放申购,91.5894,31.2957,12.9220,,,13.5041,28.2873,-33.8288,-37.1444,-37.1444,2026,68.7950,1.5866,2026-09-16,[],12.9222,9.3183,13.5041,83.6100,143.7400,143.7400,66.1,
165516,中信保诚周期轮动混合(LOF)A,国内权益,2012-05-07,14.3600,6.9031,中信保诚基金,混合型-偏股,,孙浩中,2023-09-08,3.0226,1,0.15%,开放申购,25.0128,21.6927,3.9051,24.5497,17.4135,18.5845,29.2773,-47.2346,-49.8553,-52.8533,2020,107.7451,0.6018,2026-09-16,['014335'],3.9049,17.3279,18.5845,21.1100,394.3243,1056.2200,66.0,
519091,新华泛资源优势混合,国内权益,2009-07-13,17.1773,7.5965,新华基金,混合型-灵活,,赖庆鑫,2023-11-28,2.8008,2,0.15%,开放申购,43.5179,19.0293,5.1468,17.7996,16.6985,13.9546,24.8652,-45.6799,-45.6799,-46.7451,2020,64.1531,1.1259,2026-09-16,[],5.1463,16.5890,13.9546,28.5200,364.0600,842.9700,65.9,
001538,摩根科技前沿混合A,国内权益,2015-07-09,11.1896,25.9458,摩根基金(中国),混合型-灵活,,李德辉,2016-11-18,9.8261,0,0.15%,开放申购,33.1942,23.7633,3.5698,19.6419,15.0295,12.7477,22.8339,-48.9021,-49.3054,-49.3054,2020,99.8791,0.9483,2026-09-16,['014964'],3.5699,14.9566,12.7477,19.1700,303.0316,282.8800,65.7,
001956,国联安科技动力股票A,国内权益,2016-01-26,10.6393,22.2076,国联安基金,股票型,,潘明,2016-01-26,10.6393,0,0.15%,开放申购,66.3403,43.2826,10.8514,22.5471,14.8434,13.6654,42.8865,-63.9873,-63.9873,-63.9873,2019,79.1981,1.4134,2026-09-16,[],8.5237,14.8434,13.3303,50.5300,,278.6200,65.7,
001975,景顺长城环保优势股票,国内权益,2016-03-15,10.5051,33.0340,景顺长城基金,股票型,,杨锐文,2016-03-15,10.5051,0,0.15%,限大额,11.9848,13.9549,2.9488,16.5701,14.1897,15.2187,26.5662,-50.9754,-50.9754,-50.9754,2020,67.5986,0.3435,2026-09-16,[],2.9489,14.1219,15.2187,15.6400,274.7039,342.9000,65.6,
001606,农银工业4.0混合,国内权益,2015-08-13,11.0938,29.5820,农银汇理基金,混合型-灵活,,邢军亮,2026-02-04,0.6133,3,0.15%,开放申购,27.1432,23.6095,5.8507,25.4275,20.1874,18.1045,27.9611,-51.0914,-51.0914,-51.0914,2020,160.8358,0.6721,2026-09-16,[],5.8503,20.0475,18.1045,32.8800,521.6290,533.4400,65.5,
006281,万家人工智能混合A,国内权益,2019-01-25,7.6413,13.2158,万家基金,混合型-偏股,,耿嘉洲,2020-08-03,6.1191,0,0.15%,开放申购,18.2630,31.1754,4.6241,,,20.9522,38.7684,-54.8829,-57.0320,-57.0320,2020,82.1157,0.2740,2026-09-16,['014162'],4.6241,15.6453,20.9522,25.3600,327.8400,327.8400,65.4,
001370,中银新趋势灵活配置混合A,国内权益,2015-05-29,11.3018,2.0430,中银基金,混合型-灵活,,杨成,2018-02-23,8.5613,0,0.15%,开放申购,56.4226,28.2139,11.9086,13.5521,11.1734,10.1788,27.0712,-39.9179,-41.4286,-41.4286,2025,62.9658,1.9001,2026-09-16,[],11.0598,11.1734,9.9838,68.9600,,193.1500,65.3,
001985,富国低碳新经济混合A,国内权益,2015-12-18,10.7461,15.5778,富国基金,混合型-偏股,,杨栋,2015-12-18,10.7461,0,0.15%,开放申购,8.1206,24.0696,3.8508,19.0706,15.6630,15.4322,29.5217,-54.7347,-55.8431,-55.8431,2025,87.0043,0.1385,2026-09-16,['011306'],3.8499,15.5786,15.4323,20.7900,325.3762,367.4900,65.3,
481015,工银主题策略混合A,国内权益,2011-10-24,14.8966,38.0164,工银瑞信基金,混合型-偏股,,林念,2022-08-26,4.0575,2,0.15%,开放申购,130.3351,41.6715,9.3235,24.5628,15.8514,15.8385,36.5329,-62.0247,-63.7133,-67.7723,2020,122.7126,2.3476,2026-09-16,['013312'],9.3236,15.7895,15.8385,56.1600,333.2041,793.7000,65.2,
161222,国投瑞银瑞利混合(LOF)A,国内权益,2015-02-05,11.6112,5.3748,国投瑞银基金,混合型-灵活,,綦缚鹏,2016-12-17,9.7467,0,0.15%,开放申购,8.8203,7.7285,3.9391,13.3929,11.2394,9.8961,12.9261,-20.1635,-21.2291,-32.4685,2019,38.8164,0.5185,2026-09-16,['015652'],3.9392,11.2064,9.8962,21.3100,189.2655,199.1300,65.2,
121006,国投瑞银稳健增长混合,国内权益,2008-06-11,18.2642,7.3773,国投瑞银基金,混合型-偏股,,吉莉,2021-12-31,4.7091,2,0.15%,开放申购,9.4794,12.3685,5.1050,13.9948,10.5569,11.9054,15.8354,-27.4274,-29.6572,-38.9515,2020,56.7224,0.3788,2026-09-16,[],5.1054,10.5177,11.9054,28.2700,171.8423,680.2400,65.2,
006887,诺德新生活混合A,国内权益,2019-03-28,7.4716,15.5043,诺德基金,混合型-偏股,,周建胜,2023-04-21,3.4059,2,0.12%,开放申购,68.3880,51.1642,16.8312,,,17.6954,45.0882,-61.9008,-61.9008,-61.9008,2025,116.9392,1.2261,2026-09-16,['006888'],16.8314,12.9454,17.6954,117.6700,237.8200,237.8200,65.1,
487016,工银瑞信灵活配置混合A,国内权益,2011-12-27,14.7214,3.9859,工银瑞信基金,混合型-灵活,,李昱,2018-03-07,8.5284,0,0.12%,限大额,16.1224,11.1426,4.3527,16.1471,11.6898,10.0136,17.2607,-28.4019,-28.4019,-28.4019,2020,70.9951,0.5954,2026-09-16,['001428'],4.3523,11.6876,10.0136,23.7400,202.0304,307.5200,65.1,
000756,建信潜力新蓝筹股票A,国内权益,2014-09-10,12.0164,4.6136,建信基金,股票型,,江映德,2025-01-22,1.6482,2,0.15%,开放申购,24.8524,16.5325,6.9276,19.3905,14.0590,14.0680,29.4646,-44.3759,-44.3759,-46.0163,2020,61.4562,0.4968,2026-09-16,['014967'],6.9274,13.9459,14.0680,39.7800,268.9681,386.3000,65.1,
001184,易方达新常态混合A,国内权益,2015-04-30,11.3812,110.7895,易方达基金,混合型-灵活,,何一铖,2024-08-17,2.0808,1,0.15%,开放申购,106.2022,52.9712,24.4808,25.2019,13.9756,6.7415,29.1945,-42.4623,-48.1900,-74.7088,2025,113.0037,2.7648,2026-09-16,[],22.9378,13.9756,6.5359,180.8200,,105.5600,65.0,
000354,长盛城镇化主题混合A,国内权益,2013-11-12,12.8433,5.5523,长盛基金,混合型-偏股,,代毅,2018-09-14,8.0055,0,0.15%,开放申购,45.3421,49.9214,16.4494,19.0116,11.9210,15.0446,43.2474,-59.2587,-59.2587,-59.2587,2025,110.3229,1.0431,2026-09-16,[],14.6172,11.9210,14.8551,97.8100,,492.2800,65.0,
090013,大成竞争优势混合A,国内权益,2011-04-20,15.4086,24.9385,大成基金,混合型-偏股,,徐彦,2020-01-13,6.6749,0,0.15%,开放申购,-0.7681,9.6360,7.8101,10.0085,8.7672,10.4102,12.1533,-17.1535,-35.7955,-39.5302,2015,41.8039,-0.2627,2026-09-16,['018413'],7.8108,8.6846,10.4102,45.6500,129.9740,359.9500,65.0,
000577,安信价值精选股票A,国内权益,2014-04-21,12.4052,14.7742,安信基金,股票型,,陈一峰,2014-04-21,12.4052,0,0.15%,开放申购,27.9861,12.7153,3.5416,11.2886,10.4411,14.8158,21.3387,-42.5151,-45.4562,-45.4562,2020,50.0619,0.9072,2026-09-16,['023178'],3.5420,10.3449,14.8158,19.0100,167.6230,455.0500,64.7,
001677,中银战略新兴产业股票A,国内权益,2015-11-26,10.8063,5.5933,中银基金,股票型,,李思佳,2024-07-26,2.1410,5,0.15%,开放申购,25.1537,24.1780,4.5425,18.9902,15.7913,14.7831,21.6635,-44.8072,-49.1574,-49.1574,2020,65.2256,0.9760,2026-09-16,['010812'],4.5422,15.6788,14.7831,24.8700,329.0812,343.6700,64.6,
519712,交银阿尔法核心混合A,国内权益,2012-08-03,14.1191,27.0986,交银施罗德基金,混合型-偏股,,何帅,2015-09-26,10.9733,0,0.15%,开放申购,19.7953,12.5376,2.1043,11.4756,12.1294,14.3511,21.2682,-45.0340,-45.0340,-47.8110,2014,62.3402,0.6497,2026-09-16,['013885'],2.1036,11.9767,14.3511,10.9700,209.9405,564.2000,64.5,
160916,大成优选混合(LOF)A,国内权益,2012-07-27,14.0479,6.0235,大成基金,混合型-偏股,,戴军,2016-05-25,10.3107,0,0.15%,开放申购,3.6288,8.0681,3.4509,10.3361,9.4802,12.7699,15.3799,-25.1456,-34.2991,-40.8762,2015,53.9799,0.1342,2026-09-16,['018008'],3.4514,9.3756,12.7699,18.4900,145.0222,441.0100,64.5,
070027,嘉实周期优选混合,国内权益,2011-12-08,14.7734,6.6487,嘉实基金,混合型-偏股,,肖觅,2020-06-05,6.2806,0,0.15%,开放申购,21.8266,15.3477,5.8858,15.1103,9.7724,11.7819,19.0606,-29.0508,-42.0709,-54.7308,2019,53.6082,0.7677,2026-09-16,[],5.8853,9.6479,11.7819,33.1000,151.1901,418.3400,64.4,
162204,宏利行业精选混合A,国内权益,2004-07-09,22.1875,7.6616,宏利基金,混合型-偏股,,孟杰,2022-07-06,4.1971,2,0.15%,开放申购,10.0787,9.7210,2.9401,16.6813,12.7975,13.4509,18.4503,-37.2186,-37.4882,-61.6678,2006,156.4701,0.5379,2026-09-16,['015601'],2.9400,12.6563,13.4509,15.5900,229.2712,1544.5700,64.4,
161225,国投瑞银瑞盈混合(LOF)A,国内权益,2015-05-19,11.3292,1.1822,国投瑞银基金,混合型-灵活,,周思捷,2023-06-15,3.2553,2,0.15%,开放申购,1.8844,8.1022,5.6054,16.2053,12.5551,11.2270,18.2331,-29.9521,-32.6236,-32.6236,2019,69.8997,0.0375,2026-09-16,['018546'],5.6054,12.4893,11.2270,31.3500,224.4229,233.8300,64.4,
007146,鹏华研究智选混合,国内权益,2019-05-06,7.3648,9.6941,鹏华基金,混合型-偏股,,包兵华,2021-01-02,5.7029,0,0.15%,开放申购,20.5810,18.2036,3.9974,,,15.4498,21.8610,-41.0989,-41.7811,-41.7811,2020,76.2258,0.5172,2026-09-16,[],3.9974,11.1607,15.4498,21.6500,188.0800,188.0800,64.3,
673141,西部利得景程混合A,国内权益,2018-06-20,8.2409,5.6632,西部利得基金,混合型-灵活,,董伟炜,2025-09-06,1.0267,3,0.08%,限大额,68.1211,28.0255,14.4694,12.3909,,12.0539,24.1178,-32.9891,-32.9891,-32.9891,2026,49.0693,1.8827,2026-09-16,['673143'],14.4696,9.8329,12.0539,96.5400,155.4600,155.4600,64.3,
001103,前海开源工业革命4.0混合,国内权益,2015-03-27,11.4743,4.5967,前海开源基金,混合型-灵活,,邱杰,2021-04-09,5.4374,0,0.15%,开放申购,29.1862,18.6327,7.5506,13.9038,12.6748,11.1993,28.6543,-43.7709,-43.7709,-43.7709,2019,70.5015,0.7171,2026-09-16,[],7.5504,12.5546,11.1994,43.9000,226.3106,238.0600,64.2,
164205,天弘文化新兴产业股票A,国内权益,2010-08-12,16.0958,3.7407,天弘基金,股票型,,张磊,2026-01-09,0.6845,2,0.15%,开放申购,36.4725,25.1314,11.4373,19.6541,13.8265,10.0534,25.2466,-36.3609,-43.0857,-46.1983,2019,90.7022,0.9236,2026-09-16,[],10.4457,13.8265,9.9372,64.3400,,359.4700,64.2,
000717,融通转型三动力灵活配置混合A,国内权益,2015-01-16,11.6660,3.8963,融通基金,混合型-灵活,,刘申奥,2025-11-14,0.8378,3,0.15%,开放申购,39.4456,25.9371,7.8187,17.9387,14.9151,13.9286,31.6298,-45.5362,-46.2221,-46.6926,2019,78.4197,0.7974,2026-09-16,['009828'],7.8182,14.7352,13.9286,45.7000,295.3368,357.8000,64.1,
163822,中银主题策略混合A,国内权益,2012-07-25,14.1437,15.1604,中银基金,混合型-偏股,,黄珺,2019-11-06,6.8611,0,0.15%,开放申购,12.3180,11.1390,4.6446,18.3893,10.9110,12.3841,24.6695,-40.7080,-44.1840,-68.9850,2015,71.7250,0.3418,2026-09-16,['015386'],4.6441,10.8513,12.7005,25.4800,180.1612,442.5300,64.1,
519700,交银主题优选混合A,国内权益,2010-06-30,16.2136,6.8282,交银施罗德基金,混合型-灵活,,沈楠,2015-06-01,11.2936,0,0.15%,开放申购,16.6921,9.3688,3.6647,12.9455,11.3519,11.0247,16.4191,-36.9991,-36.9991,-41.3133,2019,65.4922,1.0357,2026-09-16,['013884'],3.6653,11.2672,11.0247,19.7200,190.8529,445.0200,64.0,
288001,华夏经典混合,国内权益,2004-03-15,22.5051,13.8381,华夏基金,混合型-偏股,,刘心任,2023-11-13,2.8419,3,0.15%,开放申购,11.6756,12.0570,3.5229,16.5431,11.5577,12.2784,17.8615,-29.3010,-30.7279,-61.1476,2007,109.5964,0.6513,2026-09-16,[],3.5229,11.5358,12.3883,18.9000,197.9494,1285.1000,63.9,
519697,交银优势行业混合,国内权益,2009-01-21,17.6509,27.8089,交银施罗德基金,混合型-灵活,,何帅,2015-07-11,11.1841,0,0.15%,开放申购,19.8470,11.2938,2.2270,10.6175,10.5505,11.7988,19.6597,-41.1312,-41.1312,-41.1312,2015,72.6577,0.6855,2026-09-16,[],2.2266,11.2306,12.8326,11.6400,189.8957,742.4000,63.9,
002244,景顺长城低碳科技主题混合,国内权益,2016-03-11,10.5161,1.0494,景顺长城基金,混合型-灵活,,孟棋,2023-11-07,2.8583,2,0.15%,开放申购,57.2300,30.2383,13.5514,17.8349,11.3394,12.1800,26.0605,-42.1025,-42.1025,-42.1025,2025,72.5385,2.0581,2026-09-16,[],12.5744,11.3394,12.4828,80.8000,,244.5300,63.9,
000652,博时裕隆灵活配置混合A,国内权益,2014-06-03,12.2026,13.2910,博时基金,混合型-灵活,,陈鹏扬,2015-08-24,11.0637,0,0.15%,开放申购,19.1807,14.3504,3.7542,13.5819,10.3780,14.2045,19.0777,-42.4114,-42.4114,-54.0627,2015,56.7637,0.8813,2026-09-16,['013410'],3.7535,10.2901,14.2045,20.2300,166.2963,405.6900,63.8,
005576,华泰柏瑞新金融地产混合A,国内权益,2018-03-08,8.5257,12.3551,华泰柏瑞基金,混合型-灵活,,杨景涵,2018-03-08,8.5257,0,0.15%,开放申购,6.1743,17.5515,13.5335,11.6428,,9.1889,18.8909,-18.2381,-20.4347,-20.4347,2024,42.6025,0.2803,2026-09-16,['016374'],13.5330,7.7828,9.1888,88.6300,111.5904,111.5900,63.7,
000739,平安新鑫先锋A,国内权益,2015-01-29,11.6304,13.5355,平安基金,混合型-灵活,,张晓泉,2020-09-25,5.9740,0,0.12%,开放申购,7.1106,18.1385,2.9518,18.8018,12.1096,11.6194,27.1522,-41.9551,-41.9551,-59.6386,2015,85.0000,0.1898,2026-09-16,['001515'],3.8671,12.4700,12.0449,20.8900,223.8676,275.3600,63.7,
161706,招商优质成长混合(LOF),国内权益,2005-11-17,20.8296,16.5120,招商基金,混合型-偏股,,吴潇,2024-06-15,2.2533,2,0.15%,开放申购,-4.8627,14.0145,2.9420,16.0713,11.7583,9.1798,16.9319,-31.4343,-41.3189,-69.0766,2006,155.9768,-0.5201,2026-09-16,[],2.9418,11.6400,13.7357,15.6000,200.7460,1359.8400,63.6,
005809,前海开源裕源(FOF),国内权益,2018-05-16,8.3340,2.1038,前海开源基金,FOF-均衡型,,"李赫,刘田",2024-12-20,1.7358,2,0.15%,开放申购,10.7645,14.8603,6.0933,12.0900,,11.6185,17.4586,-26.8674,-28.7712,-28.7712,2019,44.6501,0.4113,2026-09-15,[],6.0929,,11.6185,34.4100,,149.9400,63.6,
004604,富国新活力灵活配置混合A,国内权益,2017-06-01,9.2923,3.4946,富国基金,混合型-灵活,,吴栋栋,2023-02-23,3.5619,1,0.15%,限大额,3.8362,19.0668,5.7546,17.1851,,14.4988,29.4691,-46.6612,-46.6612,-46.6612,2020,59.0298,0.0279,2026-09-16,['004605'],5.7545,13.4069,14.4988,32.2800,251.8800,251.8800,63.5,
001198,东方惠新灵活配置混合A,国内权益,2015-04-21,11.4059,11.0427,东方基金,混合型-灵活,,严凯,2021-08-11,5.0979,0,0.08%,开放申购,123.3356,60.8231,21.3057,16.2460,12.6855,11.8413,38.4494,-56.1690,-56.1690,-56.1690,2026,76.3788,2.4376,2026-09-16,['002163'],20.4222,12.6855,11.4992,153.2400,,246.0800,63.4,
007777,中邮研究精选混合,国内权益,2019-09-11,7.0144,3.7418,中邮基金,混合型-偏股,,江刘玮,2024-06-06,2.2779,2,0.15%,开放申购,24.2701,14.4875,6.1225,,,14.6680,23.1041,-31.7816,-31.7816,-31.7816,2020,53.0303,0.5448,2026-09-16,[],6.1229,10.0766,14.6682,34.6000,161.1862,161.1900,63.3,
000327,南方潜力新蓝筹混合A,国内权益,2015-05-29,11.3018,5.7265,南方基金,混合型-偏股,,钟贇,2022-01-05,4.6954,1,0.15%,开放申购,27.7380,23.4287,5.6010,15.0971,12.3957,11.3068,30.1623,-48.0531,-48.0531,-48.0531,2025,62.9596,0.6136,2026-09-16,['015396'],7.1711,13.2174,12.0360,41.3800,246.0445,261.2700,63.2,
210002,金鹰红利价值混合A,国内权益,2008-12-04,17.7823,9.8956,金鹰基金,混合型-灵活,,陈颖,2026-01-31,0.6242,3,0.15%,开放申购,-10.7080,8.4136,11.6333,14.3274,9.5947,11.7995,22.8415,-28.2945,-28.8872,-39.7345,2009,48.6489,-0.5136,2026-09-16,[],10.9148,9.5947,11.6856,67.8600,,613.6800,63.2,
202027,南方高端装备混合A,国内权益,2012-09-25,13.9740,13.0339,南方基金,混合型-偏股,,张磊,2021-06-18,5.2457,0,0.15%,开放申购,71.3166,34.5527,2.6840,19.1241,14.7337,15.0440,34.7552,-66.8352,-67.3241,-67.3241,2025,69.6198,1.4056,2026-09-16,['005207'],6.2095,16.6260,16.4419,35.1500,365.5380,739.0900,63.1,
580001,东吴嘉禾优势精选混合A,国内权益,2005-02-01,21.6208,9.2229,东吴基金,混合型-灵活,,刘元海,2023-08-15,3.0883,1,0.15%,开放申购,14.6174,42.6330,17.5302,16.0112,10.2752,9.6732,33.4569,-41.4669,-51.9546,-60.3119,2006,98.9288,0.6234,2026-09-16,[],17.4391,10.2752,10.6407,123.3900,,790.1800,63.0,
001667,南方转型增长混合A,国内权益,2016-08-17,10.0808,9.8723,南方基金,混合型-灵活,,林乐峰,2019-03-15,7.5072,0,0.15%,开放申购,26.8348,13.0071,4.8711,18.0481,10.3072,10.1548,16.9222,-31.3820,-37.9942,-37.9942,2020,78.9116,1.3726,2026-09-16,['014499'],4.8716,10.3072,10.1548,26.8500,,165.1100,62.9,
004890,中邮健康文娱灵活配置混合A,国内权益,2017-12-13,8.7584,1.2250,中邮基金,混合型-灵活,,宫正,2025-04-01,1.4593,4,0.15%,开放申购,13.0607,39.2043,10.2058,22.9066,,18.4955,34.0317,-55.6188,-56.8081,-56.8081,2025,87.2310,0.2450,2026-09-16,['022252'],10.2054,16.0249,18.4955,62.5600,342.0900,342.0900,62.9,
001167,金鹰科技创新股票A,国内权益,2015-04-30,11.3812,17.6597,金鹰基金,股票型,,陈颖,2021-05-18,5.3306,0,0.15%,开放申购,-9.9705,14.2664,10.1331,19.1133,12.7354,7.5157,30.0834,-41.4286,-41.4286,-62.3817,2020,56.3815,-0.4302,2026-09-16,['019093'],10.1334,12.6213,7.5156,62.0300,228.2515,128.1300,62.7,
004818,国寿安保目标策略混合发起A,国内权益,2017-10-24,8.8953,1.0546,国寿安保基金,混合型-灵活,,张琦,2017-10-24,8.8953,0,0.15%,开放申购,45.6464,26.8923,14.2717,16.1832,,10.3875,25.9060,-38.1578,-38.1578,-38.1578,2025,46.3574,1.2379,2026-09-16,['004819'],14.2721,9.1888,10.3875,94.8500,140.8700,140.8700,62.7,
260117,景顺长城支柱产业混合A,国内权益,2012-11-20,13.8207,4.2170,景顺长城基金,混合型-偏股,,邹立虎,2022-03-25,4.4791,1,0.15%,开放申购,18.2674,15.9744,8.0104,10.8234,9.2107,8.6314,18.4315,-26.2090,-30.2449,-55.2345,2025,40.1887,1.1265,2026-09-16,[],10.2284,9.2107,10.3449,62.7300,,289.8200,62.7,
260101,景顺长城优选混合,国内权益,2003-10-24,22.8966,32.7031,景顺长城基金,混合型-偏股,,杨锐文,2015-04-03,11.4552,0,0.15%,限大额,6.2905,11.0564,1.9906,13.4915,11.0567,9.8925,21.9341,-45.0674,-45.0674,-71.5996,2006,128.5590,0.1933,2026-09-16,[],2.0317,11.0360,14.7133,10.5800,184.8651,2217.1600,62.7,
005821,万家新机遇龙头企业混合A,国内权益,2018-05-25,8.3121,1.8730,万家基金,混合型-灵活,,束金伟,2020-04-13,6.4257,0,0.15%,开放申购,12.1219,9.7760,0.0539,17.4543,,15.5998,23.1995,-36.1362,-37.6065,-37.6065,2021,64.7124,0.2462,2026-09-16,['014260'],0.0539,12.8056,15.5997,0.2700,233.6615,233.6600,62.7,
163804,中银收益混合A,国内权益,2006-10-11,19.9316,23.2269,中银基金,混合型-灵活,,黄珺,2020-02-24,6.5599,0,0.15%,开放申购,10.4889,7.5092,2.1752,13.4933,11.0815,12.1042,24.3967,-44.4124,-45.1410,-55.1644,2007,104.6037,0.2913,2026-09-16,"['960012', '014505']",3.5368,11.6892,13.5278,18.9800,202.0717,1153.9200,62.6,
002125,广发新兴成长混合A,国内权益,2017-09-15,9.0021,14.1438,广发基金,混合型-灵活,,刘玉,2020-02-10,6.5982,0,0.15%,开放申购,97.0262,35.5786,11.5383,17.5032,,11.6492,32.0879,-48.7753,-55.4959,-55.4959,2025,76.9032,1.6854,2026-09-16,['018291'],11.5381,10.4282,11.6492,72.6300,169.6500,169.6500,62.5,
006314,国联策略优选混合A,国内权益,2019-05-08,7.3593,10.7772,国联基金,混合型-偏股,,"王喆,叶天垚",2025-09-08,1.0212,2,0.15%,开放申购,16.0158,17.3148,3.7545,,,19.0940,25.7969,-45.0923,-45.5738,-45.5738,2020,71.9578,0.4892,2026-09-16,['006315'],3.7552,13.7235,19.0942,20.2400,261.8268,261.8300,62.5,
001664,平安鑫安混合A,国内权益,2015-12-11,10.7652,2.9351,平安基金,混合型-灵活,,林清源,2024-11-18,1.8261,3,0.12%,开放申购,43.0187,28.7390,15.2822,11.9022,9.8834,9.2002,25.6761,-25.2235,-25.2235,-25.2235,2025,76.7827,1.5722,2026-09-16,"['007049', '001665']",15.5711,9.8834,9.4745,106.1800,,164.9800,62.4,
000805,中银新经济灵活配置混合A,国内权益,2014-09-30,11.9617,3.4715,中银基金,混合型-灵活,,杨成,2025-04-24,1.3963,1,0.15%,开放申购,62.5781,26.8142,11.8073,19.2936,10.2798,11.5467,22.0515,-33.5222,-45.5268,-73.4153,2015,100.5660,2.0580,2026-09-16,[],10.7065,10.2798,11.3549,66.2900,,262.0100,62.4,
000462,农银主题轮动混合A,国内权益,2015-04-10,11.4360,8.3604,农银汇理基金,混合型-灵活,,高晗,2026-02-04,0.6133,2,0.15%,开放申购,12.2752,22.8319,7.0166,21.5343,16.0211,13.7772,31.2080,-49.0552,-49.0552,-49.0552,2020,90.4844,0.2097,2026-09-16,['019485'],7.0160,15.8860,13.7772,40.3600,336.8274,337.5700,62.2,
001070,建信信息产业股票A,国内权益,2015-03-24,11.4825,7.6669,建信基金,股票型,,江映德,2025-09-25,0.9747,1,0.15%,开放申购,44.3593,26.5227,6.3274,21.9605,15.3720,14.4470,29.9258,-49.2260,-49.2260,-49.2260,2020,65.6977,0.8406,2026-09-16,['014863'],6.3271,15.2904,14.4470,35.9000,314.8899,370.9000,62.1,
002407,前海开源恒远灵活配置混合,国内权益,2016-03-28,10.4695,2.6697,前海开源基金,混合型-灵活,,邱杰,2026-01-13,0.6735,2,0.15%,开放申购,5.8345,20.1297,9.1564,14.9627,11.9690,11.6554,28.4322,-39.5028,-39.5028,-39.5028,2019,70.1614,0.6227,2026-09-16,[],9.2830,11.9690,12.1895,55.8700,,233.4100,62.1,
002256,金信行业优选混合发起式A,国内权益,2016-04-01,10.4586,1.9615,金信基金,混合型-灵活,,孔学兵,2020-09-30,5.9603,0,0.15%,开放申购,89.1198,34.3472,12.6677,24.8553,14.9596,14.7198,42.3808,-60.4903,-60.4903,-60.4903,2020,78.7255,1.6296,2026-09-16,[],9.6161,14.9596,14.0414,58.2600,,295.1800,62.1,
110023,易方达医疗保健行业混合A,国内权益,2011-01-28,15.6331,31.1944,易方达基金,混合型-偏股,,杨桢霄,2017-02-17,9.5770,0,0.15%,开放申购,-11.2921,8.9872,2.2994,12.8880,12.1351,9.3250,29.3228,-35.3395,-45.8306,-58.3803,2020,73.4962,-0.3999,2026-09-16,['019020'],2.2998,11.9789,9.3250,12.0400,210.0000,303.0000,62.1,
000586,景顺长城中小创精选股票A,国内权益,2014-04-30,12.3806,2.7232,景顺长城基金,股票型,,"张靖,刘力思",2024-11-15,1.8344,2,0.15%,开放申购,36.1815,19.7537,10.9692,17.1116,10.0655,12.9405,25.8389,-37.7340,-39.5274,-58.5843,2015,92.4152,1.2294,2026-09-16,[],10.3757,10.0655,12.9177,63.8200,,350.0100,62.1,
501073,华安智联混合(LOF)A,国内权益,2019-06-11,7.2663,13.7066,华安基金,混合型-偏债,,"朱才敏,许瀚天",2025-05-12,1.3470,3,0.12%,开放申购,44.1069,30.5730,13.5569,,,11.4671,17.2047,-25.4659,-25.8736,-25.8736,2025,46.1642,1.6788,2026-09-16,['016071'],13.5571,8.2077,11.4671,88.8300,120.0800,120.0800,62.1,
501075,万家科创主题灵活配置混合(LOF)A,国内权益,2019-06-12,7.2635,5.7223,万家基金,混合型-灵活,,武玉迪,2025-03-25,1.4784,4,1.50%,开放申购,37.5571,29.4204,8.2943,,,17.9247,26.7900,-50.9883,-50.9883,-50.9883,2020,48.1551,1.2351,2026-09-16,['007501'],8.2949,12.7224,17.9247,48.9500,231.2100,231.2100,62.0,
001736,圆信永丰优加生活,国内权益,2015-10-28,10.8857,15.4771,圆信永丰基金,股票型,,陈臣,2024-04-03,2.4531,1,0.15%,开放申购,11.7082,7.1004,1.7350,13.9907,11.9061,12.9222,18.7291,-31.5269,-31.5269,-31.5269,2020,85.2941,0.4995,2026-09-16,[],1.7348,11.8603,12.9222,8.9800,206.7320,275.4400,61.5,
002291,诺安安鑫灵活配置混合,国内权益,2016-02-16,10.5818,1.1608,诺安基金,混合型-灵活,,赵森,2024-08-17,2.0808,1,0.15%,开放申购,8.6041,14.7459,4.2942,18.2108,12.7001,12.0670,20.0479,-34.4988,-34.4988,-34.4988,2020,78.3328,0.3089,2026-09-16,[],4.2949,12.7001,12.0670,23.4000,230.5545,233.8600,61.5,
240011,华宝大盘精选混合,国内权益,2008-10-07,17.9411,10.8291,华宝基金,混合型-偏股,,郑英亮,2023-02-21,3.5674,2,0.15%,开放申购,41.1835,48.0540,11.1356,22.2276,15.0693,11.6335,28.2528,-60.6964,-64.7343,-64.7343,2025,120.8025,1.7152,2026-09-16,[],10.4295,15.0693,12.3987,64.2200,,714.1700,61.4,
110015,易方达行业领先混合,国内权益,2009-03-26,17.4757,17.9425,易方达基金,混合型-偏股,,彭珂,2025-04-12,1.4292,1,0.15%,开放申购,65.7143,23.4675,7.3629,17.0103,15.3110,12.3279,23.8461,-52.3165,-55.5217,-56.5352,2020,76.5448,1.8648,2026-09-16,[],7.3629,15.1811,12.7955,42.6500,310.9737,720.0400,61.3,
004138,上银鑫达灵活配置混合A,国内权益,2017-03-09,9.5222,5.5493,上银基金,混合型-灵活,,"赵治烨,陈博",2020-02-03,6.6174,0,0.12%,开放申购,13.2254,9.7078,4.7455,13.4281,,10.5065,16.4980,-29.5313,-30.4645,-30.4645,2019,62.9477,0.6530,2026-09-16,['015753'],4.7457,9.9803,10.5065,26.0900,158.9109,158.9100,61.3,
000011,华夏大盘精选混合A,国内权益,2004-08-11,22.0972,49.5896,华夏基金,混合型-灵活,,屠环宇,2024-03-26,2.4750,1,0.15%,开放申购,24.5400,15.9106,4.0098,11.6575,10.6379,19.0727,21.2072,-44.4225,-47.7941,-50.3227,2007,222.0705,0.8525,2026-09-16,['012628'],4.0623,10.7095,19.2397,22.0300,176.5986,4782.9700,61.1,
375010,摩根中国优势混合A,国内权益,2004-09-15,22.0014,43.4688,摩根基金(中国),混合型-灵活,,杜猛,2019-03-29,7.4689,0,0.15%,开放申购,20.2369,31.1721,-0.3019,15.7573,10.6534,12.6644,31.8720,-63.5337,-64.2944,-65.8077,2006,164.8684,0.4991,2026-09-16,['015709'],5.4570,13.7076,14.0988,30.4300,261.3240,1720.8000,61.1,
160603,鹏华普天收益混合,国内权益,2003-07-12,23.1814,4.7356,鹏华基金,混合型-偏股,,蒋鑫,2019-05-19,7.3292,0,0.14%,开放申购,13.5541,12.5687,2.7977,13.6513,9.6597,12.4729,18.0864,-33.6449,-40.2156,-59.3890,2007,122.3766,0.3910,2026-09-16,[],2.7971,9.9156,13.2254,14.7900,157.3912,1680.3100,61.0,
519089,新华优选成长混合,国内权益,2008-07-25,18.1437,6.2985,新华基金,混合型-偏股,,赖庆鑫,2024-11-12,1.8426,4,0.15%,开放申购,45.2996,20.6653,5.8629,19.1778,13.9345,13.6959,27.9057,-48.7058,-48.7058,-53.7723,2009,98.5818,1.0049,2026-09-16,[],5.8630,13.8376,13.9686,32.9600,265.4752,972.2500,61.0,
002597,兴业成长动力混合A,国内权益,2016-06-03,10.2861,2.3116,兴业基金,混合型-灵活,,高圣,2020-12-23,5.7303,0,0.15%,开放申购,15.1792,18.1824,7.8856,13.3598,9.9039,9.5943,16.2458,-29.5867,-32.7050,-32.7050,2025,46.8692,0.9102,2026-09-16,['020106'],7.8862,9.8709,9.5941,46.1600,156.3470,156.6000,60.8,
007353,工银科技创新混合,国内权益,2019-05-06,7.3648,7.3474,工银瑞信基金,混合型-偏股,,胡志利,2022-11-18,3.8275,1,0.15%,开放申购,32.3407,28.3567,6.3163,,,16.3406,28.7775,-50.3103,-53.2950,-53.2950,2025,68.4720,0.7075,2026-09-16,[],6.3161,11.7918,16.3406,35.8300,204.8600,204.8600,60.8,
519766,交银荣鑫灵活配置混合A,国内权益,2016-03-25,10.4778,2.4871,交银施罗德基金,混合型-灵活,,刘庆祥,2026-02-13,0.5886,3,0.08%,开放申购,-2.7663,27.5457,15.1344,12.4855,10.4214,10.0487,21.3280,-31.0346,-31.0346,-31.0346,2025,113.6617,0.1449,2026-09-16,[],14.6600,10.4214,9.9096,98.1800,,169.1300,60.8,
006879,华安智能生活混合A,国内权益,2019-05-08,7.3593,9.0030,华安基金,混合型-偏股,,胡宜斌,2019-05-08,7.3593,0,0.15%,开放申购,-12.5789,7.5960,2.8859,,,14.6091,24.0665,-42.9982,-42.9982,-42.9982,2019,62.0600,-0.7045,2026-09-16,['013621'],2.8865,10.5557,14.6091,15.2900,172.7800,172.7800,60.8,
001302,前海开源金银珠宝混合A,国内权益,2015-07-09,11.1896,13.0393,前海开源基金,混合型-灵活,,吴国清,2021-06-01,5.2923,0,0.15%,开放申购,28.9961,26.3022,17.9227,18.1026,9.3393,10.2966,32.2981,-44.8854,-45.1111,-49.0371,2025,84.1499,0.6506,2026-09-16,['002207'],17.5189,9.3393,10.3720,124.1500,,201.7000,60.7,
001898,易方达大健康混合,国内权益,2017-09-27,8.9692,4.2293,易方达基金,混合型-灵活,,许征,2023-10-14,2.9240,2,0.15%,开放申购,12.7536,15.8124,5.9042,14.3722,,11.8162,21.2658,-35.5251,-47.2938,-47.2938,2019,69.9513,0.5613,2026-09-16,[],5.9044,10.5363,11.8162,33.2200,172.3000,172.3000,60.7,
004450,嘉实前沿科技沪港深股票A,国内权益,2017-05-19,9.3279,45.9595,嘉实基金,股票型,,"王贵重,赵钰",2024-08-29,2.0479,3,0.15%,限大额,41.0121,26.6376,8.0377,15.5095,,13.6513,32.7300,-53.3037,-56.1045,-56.1045,2020,71.2888,0.9486,2026-09-16,['020315'],8.0378,12.6780,13.6514,47.1900,229.9070,229.9100,60.6,
540010,汇丰晋信科技先锋股票,国内权益,2011-07-27,15.1403,21.2398,汇丰晋信基金,股票型,,陈平,2015-07-25,11.1458,0,0.15%,开放申购,89.6816,48.3293,13.2004,19.1491,10.8011,12.5245,37.2140,-64.4245,-66.5422,-66.5422,2025,99.8580,1.9479,2026-09-16,[],11.6825,10.8011,12.4955,73.7500,,494.5700,60.6,
001008,工银国企改革股票,国内权益,2015-01-27,11.6359,7.4323,工银瑞信基金,股票型,,董明斌,2025-12-16,0.7502,2,0.15%,开放申购,34.3499,16.9116,4.5607,16.0833,13.9022,10.4295,22.2755,-36.0400,-37.6356,-52.4199,2020,80.6147,0.8363,2026-09-16,[],4.5606,13.7451,10.4295,24.9800,262.5143,217.2000,60.5,
002542,长城久鼎混合A,国内权益,2016-07-21,10.1547,2.4020,长城基金,混合型-灵活,,廖瀚博,2019-07-26,7.1431,0,0.15%,开放申购,27.2364,15.4017,4.3365,15.1865,12.5029,12.3122,26.2178,-46.3187,-46.3187,-46.3187,2020,99.4175,0.5276,2026-09-16,['016059'],4.3371,12.4916,12.3122,23.6500,224.4910,225.1400,60.5,
001801,汇添富达欣混合A,国内权益,2015-12-02,10.7899,8.3229,汇添富基金,混合型-灵活,,张韡,2022-10-21,3.9042,1,0.15%,限大额,-10.0901,13.3542,8.3864,11.9242,9.6593,9.3475,24.9082,-29.8132,-29.8132,-29.8132,2025,45.0450,-0.3627,2026-09-16,['002165'],8.3864,9.6488,9.3476,49.5800,151.2118,162.2700,60.5,
166005,中欧价值发现混合A,国内权益,2009-07-24,17.1472,18.4462,中欧基金,混合型-偏股,,柳世庆,2025-08-22,1.0678,3,0.15%,开放申购,13.6577,12.6109,7.2146,11.0719,10.1856,10.6717,19.4620,-31.3981,-31.3981,-39.8374,2025,49.5811,0.7610,2026-09-16,"['001882', '004232']",7.2150,10.1042,10.6716,41.6700,161.8426,468.9800,60.5,
161810,银华内需精选混合(LOF)A,国内权益,2009-07-01,17.1143,14.2295,银华基金,混合型-偏股,,王利刚,2026-01-09,0.6845,1,0.15%,开放申购,31.8441,20.9570,11.3296,19.0400,11.1416,9.6870,27.9622,-40.1969,-47.9670,-53.4415,2019,100.3839,0.9184,2026-09-16,[],12.1781,11.1416,9.8886,77.6400,,402.2000,60.3,
005875,易方达中盘成长混合,国内权益,2018-07-04,8.2026,56.3000,易方达基金,混合型-偏股,,欧阳良琦,2025-04-12,1.4292,1,0.15%,开放申购,75.9810,29.5907,6.4169,18.0116,,17.2757,27.7514,-59.2693,-64.2088,-64.2088,2025,79.6396,1.6659,2026-09-16,[],6.4161,13.9642,17.2757,36.4700,269.5600,269.5600,60.3,
000263,工银信息产业混合A,国内权益,2013-11-11,12.8460,12.9899,工银瑞信基金,混合型-偏股,,单文,2017-08-22,9.0678,0,0.15%,开放申购,34.9475,16.4919,2.6645,18.9444,11.0792,13.3756,23.6295,-47.2280,-48.1399,-73.9360,2020,116.0599,0.8154,2026-09-16,['011474'],2.6642,10.9909,14.7630,14.0500,183.7104,486.4300,60.2,
001244,华泰柏瑞量化智慧混合A,国内权益,2015-06-03,11.2882,6.1252,华泰柏瑞基金,混合型-灵活,,笪篁,2021-11-02,4.8706,2,0.15%,开放申购,14.9417,18.1413,6.7213,13.4754,10.4718,9.1076,20.4869,-31.2564,-32.8907,-32.8907,2025,45.2233,0.5220,2026-09-16,['006104'],6.7216,10.3187,9.1075,38.4400,166.9872,167.4900,60.2,
001990,中欧数据挖掘多因子混合A,国内权益,2016-01-13,10.6749,17.9007,中欧基金,混合型-灵活,,曲径,2021-09-30,4.9610,1,0.15%,开放申购,10.0306,17.9468,3.7749,16.5416,11.4400,11.4059,20.9454,-40.8089,-41.4183,-41.4183,2020,54.5440,0.3258,2026-09-16,['004234'],3.7742,11.3526,11.4060,20.3500,193.0916,216.7700,60.2,
001694,华安沪港深外延增长灵活配置混合A,国内权益,2016-03-09,10.5216,15.4898,华安基金,混合型-灵活,,胡宜斌,2022-01-26,4.6379,1,0.15%,开放申购,-12.4152,8.3290,-0.0687,18.8728,15.3803,16.2778,24.1976,-47.3833,-47.3833,-47.3833,2020,89.4213,-0.6945,2026-09-16,['014972'],-0.0681,15.1921,16.2756,-0.3400,311.3639,388.7000,60.1,
519909,华安安顺灵活配置混合A,国内权益,2014-05-12,12.2710,12.6611,华安基金,混合型-灵活,,高钥群,2022-01-26,4.6379,1,0.15%,开放申购,15.7654,16.0370,0.9893,16.1204,13.6023,13.8055,22.5545,-44.4094,-45.1757,-50.7910,2020,79.8522,0.4798,2026-09-16,['016564'],0.9902,13.5462,13.8101,5.0500,256.2272,389.1000,60.1,
200015,长城优化升级混合A,国内权益,2012-04-20,14.4066,1.8392,长城基金,混合型-偏股,,陈子扬,2026-02-06,0.6078,1,0.15%,开放申购,63.6164,25.6020,8.4326,21.2343,16.5726,15.2620,28.0260,-53.9253,-53.9253,-53.9253,2021,58.5713,1.5187,2026-09-16,['013274'],8.4327,16.4572,15.8558,49.9000,358.8417,733.3700,60.1,
002560,诺安和鑫混合A,国内权益,2016-04-28,10.3847,29.6664,诺安基金,混合型-灵活,,陈衍鹏,2025-07-19,1.1608,3,0.15%,开放申购,34.2543,31.3694,12.2116,17.1343,11.3815,11.0122,30.6128,-45.6511,-50.5841,-50.5841,2019,48.3099,1.2671,2026-09-16,[],10.4457,11.3815,10.8034,64.3400,,190.1800,60.1,
630008,华商策略精选混合,国内权益,2010-11-09,15.8522,7.7703,华商基金,混合型-灵活,,王毅文,2023-01-05,3.6961,3,0.15%,开放申购,21.7925,14.2726,5.1559,15.5545,11.9555,9.5680,22.7130,-36.9837,-39.3435,-47.5875,2025,56.3567,0.7434,2026-09-16,[],5.1562,11.8584,9.5680,28.5800,206.6794,325.6700,59.8,
000697,汇添富移动互联股票A,国内权益,2014-08-26,12.0575,63.5827,汇添富基金,股票型,,沈若雨,2024-05-08,2.3573,1,0.15%,开放申购,64.7345,38.0411,14.8359,18.6027,10.1546,12.3322,31.5256,-49.3639,-49.5777,-78.0552,2025,87.1760,1.7024,2026-09-16,[],13.2073,10.1546,12.0745,85.9400,,295.3000,59.5,
001808,银华互联网主题灵活配置混合A,国内权益,2015-11-18,10.8282,2.4796,银华基金,混合型-灵活,,王浩,2015-11-18,10.8282,0,0.15%,开放申购,60.8023,36.2623,6.4502,22.2020,14.8802,11.7409,34.3886,-61.3594,-61.3594,-61.3594,2020,91.1368,1.0757,2026-09-16,['015772'],6.4504,14.7429,11.7409,36.6900,295.6005,232.7000,59.4,
952004,国泰海通君得明混合A,国内权益,2019-08-30,7.0472,17.3100,国泰海通资管,混合型-偏股,,"李子波,陈思靖",2023-04-18,3.4141,2,0.10%,开放申购,24.4575,18.1372,6.2844,,,15.2080,17.3380,-33.4330,-34.7417,-34.7417,2019,59.2011,0.8520,2026-09-16,['026153'],8.1608,8.1823,11.8070,48.0300,119.5652,119.5700,59.4,
370027,摩根智选30混合A,国内权益,2013-03-06,13.5305,8.3238,摩根基金(中国),混合型-偏股,,李德辉,2019-03-29,7.4689,0,0.15%,开放申购,32.1479,22.5428,2.6161,17.9858,13.0574,13.0558,22.2901,-49.2106,-51.3633,-55.8280,2020,98.9897,0.9382,2026-09-16,['016400'],2.6156,12.9553,13.0558,13.7800,238.1155,426.1100,59.3,
004357,南方智慧混合,国内权益,2017-03-27,9.4730,2.1453,南方基金,混合型-灵活,,李锦文,2020-07-24,6.1465,0,0.15%,开放申购,2.7205,5.6715,2.0894,13.4939,,11.1022,16.0035,-23.8541,-36.6988,-36.6988,2020,71.5989,0.1252,2026-09-16,[],2.0889,10.4875,11.1022,10.8900,171.1000,171.1000,59.2,
004674,富国新机遇灵活配置混合A,国内权益,2017-11-14,8.8378,22.8548,富国基金,混合型-灵活,,张弘,2024-05-30,2.2971,2,0.15%,限大额,17.5890,19.3958,6.5895,14.1556,,11.5755,24.0884,-40.8898,-40.8898,-40.8898,2020,47.7539,0.4193,2026-09-16,['004675'],6.5902,10.1641,11.5755,37.5900,163.2700,163.2700,59.0,
519698,交银先锋混合A,国内权益,2009-04-10,17.4346,10.7406,交银施罗德基金,混合型-偏股,,封晴,2020-07-15,6.1711,0,0.15%,开放申购,52.0505,29.5157,8.4635,17.6520,11.4778,9.0248,27.5147,-49.9218,-49.9218,-64.0923,2020,70.1574,1.0781,2026-09-16,['013950'],8.4631,11.6119,10.5443,50.1100,199.9896,474.1700,59.0,
002179,华安事件驱动量化混合A,国内权益,2016-12-14,9.7550,26.0242,华安基金,混合型-灵活,,张序,2021-01-18,5.6591,0,0.15%,开放申购,8.1026,24.3137,6.5753,17.2756,,10.5278,25.9479,-44.3823,-44.3823,-44.3823,2020,56.8586,0.2144,2026-09-16,['016491'],6.5747,10.2571,10.5278,37.4900,165.5000,165.5000,58.9,
163406,兴全合润混合A,国内权益,2010-04-22,16.4025,240.5827,兴证全球基金,混合型-偏股,,谢治宇,2024-03-05,2.5325,2,0.12%,开放申购,10.9489,15.1117,3.1351,15.1002,11.4527,13.9786,23.7979,-44.5171,-47.9469,-47.9469,2015,81.7335,0.2593,2026-09-16,['023875'],3.1352,11.3294,13.9786,16.6900,192.4825,755.1500,58.9,
006154,华安制造先锋混合A,国内权益,2018-12-25,7.7262,8.1986,华安基金,混合型-偏股,,刘畅畅,2026-01-19,0.6571,1,0.15%,限大额,47.2059,23.3200,4.8179,,,24.2984,29.6532,-60.9810,-60.9810,-60.9810,2019,74.2429,1.3704,2026-09-16,['013507'],4.8187,18.3004,24.2984,26.5300,436.8600,436.8600,58.7,
002420,汇添富盈鑫混合A,国内权益,2016-03-11,10.5161,6.8163,汇添富基金,混合型-灵活,,刘昇,2021-09-28,4.9665,1,0.12%,开放申购,50.4416,24.4682,11.0920,14.0108,11.6342,11.2421,29.2372,-52.9274,-52.9274,-52.9274,2025,56.7295,1.9234,2026-09-16,[],10.5369,11.6342,11.3896,65.0200,,210.9000,58.5,
580009,东吴多策略混合A,国内权益,2013-01-30,13.6263,1.4596,东吴基金,混合型-灵活,,张浩佳,2022-08-17,4.0821,2,0.15%,开放申购,35.1297,20.7536,5.9173,16.2366,13.3709,13.1552,38.7568,-51.2071,-51.2071,-51.2071,2020,56.3578,0.6333,2026-09-16,['011949'],5.9171,13.3361,13.1551,33.3000,249.6884,438.7400,58.5,
004707,景顺长城睿成混合A,国内权益,2017-11-10,8.8487,8.2081,景顺长城基金,混合型-灵活,,王勇,2025-10-22,0.9008,7,0.10%,开放申购,18.6894,18.5771,10.1785,14.0600,,10.1426,17.7451,-26.0853,-27.0120,-27.0120,2025,43.6998,0.8174,2026-09-16,['004719'],10.1782,8.9244,10.1426,62.3600,135.1000,135.1000,58.4,
004393,安信企业价值优选混合A,国内权益,2017-03-29,9.4675,1.4952,安信基金,混合型-偏股,,张明,2019-11-05,6.8638,0,0.15%,开放申购,-3.6420,5.7767,4.3420,11.2494,,10.0060,15.3352,-21.0366,-25.8970,-25.8970,2019,46.6182,-0.4557,2026-09-16,['020964'],4.3422,9.4488,10.0062,23.6800,146.6658,146.6700,58.3,
002064,华富产业升级灵活配置混合A,国内权益,2017-05-08,9.3580,3.8654,华富基金,混合型-灵活,,沈成,2025-12-05,0.7803,3,0.15%,开放申购,26.4823,25.7463,7.6173,17.4595,,13.9272,32.6493,-54.3053,-54.3053,-54.3053,2025,75.0569,0.5633,2026-09-16,['017969'],7.6176,13.9708,14.9981,44.3500,269.7751,269.7800,58.2,
001404,招商移动互联网产业股票基金A,国内权益,2015-06-19,11.2444,9.3226,招商基金,股票型,,张林,2019-06-14,7.2580,0,0.15%,开放申购,62.5695,26.3040,10.4677,18.8239,12.5397,8.7614,39.0292,-52.0416,-54.5775,-54.5775,2019,50.8532,1.1173,2026-09-16,['015773'],10.4672,12.4122,8.7614,64.5000,222.2055,157.1200,58.2,
006868,华夏科技成长股票,国内权益,2019-03-05,7.5346,5.1942,华夏基金,股票型,,张帆,2019-03-05,7.5346,0,0.15%,限大额,41.4996,24.1203,6.8224,,,13.6324,26.3079,-50.2867,-52.9571,-52.9571,2020,71.7384,0.9987,2026-09-16,[],6.8232,10.1079,13.6324,39.1000,161.9300,161.9300,58.1,
004640,华夏节能环保股票A,国内权益,2017-08-11,9.0979,4.0629,华夏基金,股票型,,吕佳玮,2017-08-11,9.0979,0,0.15%,开放申购,46.6772,19.0421,5.1417,20.6530,,13.0949,34.1549,-54.0321,-54.0321,-54.0321,2020,110.8192,0.8793,2026-09-16,['015060'],5.1414,11.8463,13.0949,28.4900,206.3500,206.3500,58.0,
001044,嘉实新消费股票A,国内权益,2015-03-23,11.4853,10.3992,嘉实基金,股票型,,谭丽,2017-04-11,9.4319,0,0.15%,限大额,-0.4000,1.5602,1.3198,9.7778,10.7010,8.7083,15.6621,-23.7906,-31.2343,-43.1358,2020,64.8402,-0.1036,2026-09-16,['023967'],1.3207,10.5381,8.7084,6.7800,172.3457,160.9100,58.0,
002482,宝盈互联网沪港深混合,国内权益,2016-06-16,10.2505,5.2705,宝盈基金,混合型-灵活,,赵国进,2023-04-15,3.4223,1,0.15%,开放申购,37.4609,32.8707,5.6799,19.7582,16.1583,15.5405,34.6059,-66.9487,-66.9487,-66.9487,2025,105.2953,0.9882,2026-09-16,[],5.6792,16.0058,15.5405,31.8100,341.3655,339.6000,58.0,
090004,大成精选增值混合A,国内权益,2004-12-15,21.7522,8.9314,大成基金,混合型-灵活,,李博,2016-11-08,9.8535,0,0.15%,开放申购,-1.3652,5.0551,2.0892,9.5204,8.1408,8.0623,14.0581,-28.6980,-37.3272,-59.6752,2007,123.1274,-0.2035,2026-09-16,['019183'],2.0889,8.0362,12.7577,10.8900,116.6165,1262.3800,57.9,
006158,博时荣享回报混合A,国内权益,2018-08-23,8.0520,12.4700,博时基金,混合型-灵活,,蔡滨,2018-08-23,8.0520,0,0.12%,封闭期,11.8299,10.4397,1.4311,8.6131,,8.5079,30.6175,-31.6702,-41.2819,-41.2819,2025,38.5525,,2026-09-11,['006159'],1.4305,,10.2407,7.3600,,119.2500,57.9,
160324,华夏磐晟混合(LOF),国内权益,2017-05-31,9.2950,2.5130,华夏基金,混合型-灵活,,刘洋,2022-12-28,3.7180,1,0.12%,开放申购,65.9742,31.4851,7.1457,18.9767,,13.4963,27.0463,-52.9241,-55.4504,-55.4504,2026,69.2653,1.5010,2026-09-16,[],7.1453,12.4878,13.4963,41.2100,224.3800,224.3800,57.9,
001036,嘉实企业变革股票,国内权益,2015-02-12,11.5921,5.6699,嘉实基金,股票型,,陈涛,2023-12-21,2.7379,1,0.15%,开放申购,65.8837,27.1163,10.3455,17.9267,12.4186,9.8329,26.3630,-46.0691,-47.7438,-56.1142,2019,56.8336,1.7768,2026-09-16,[],8.9954,12.4186,9.6492,53.8300,,190.9000,57.8,
000039,农银高增长混合,国内权益,2013-03-26,13.4757,5.0261,农银汇理基金,混合型-偏股,,左腾飞,2026-02-04,0.6133,2,0.15%,开放申购,13.2159,22.7711,7.1987,17.7229,12.1175,14.1357,31.6194,-48.5311,-48.5311,-55.5522,2015,60.2599,0.1924,2026-09-16,[],7.1984,12.0062,14.1357,41.5600,210.7560,494.0100,57.8,
003501,宏利睿智稳健混合A,国内权益,2016-11-23,9.8125,4.8640,宏利基金,混合型-灵活,,孟杰,2020-11-30,5.7933,0,0.15%,开放申购,11.0003,11.4867,5.0434,13.7166,,8.7927,18.7105,-33.7809,-33.7809,-33.7809,2021,44.2949,0.5790,2026-09-16,['013280'],6.5080,9.3759,9.5635,37.0600,145.0273,145.0300,57.7,
673060,西部利得景瑞灵活配置混合A,国内权益,2016-08-25,10.0589,1.7365,西部利得基金,混合型-灵活,,张昌平,2026-01-30,0.6270,1,0.06%,开放申购,12.5151,21.6986,4.6174,22.3309,14.8904,14.7971,28.8809,-48.5401,-48.5401,-48.5401,2019,74.2231,0.2230,2026-09-16,['009258'],4.6174,14.8904,14.7972,25.3200,,300.7200,57.7,
000803,工银研究精选股票,国内权益,2014-10-23,11.8987,1.0431,工银瑞信基金,股票型,,宋炳珅,2017-12-22,8.7337,0,0.15%,开放申购,-6.8435,9.4176,0.7401,15.3701,11.4561,11.7664,20.4698,-36.2246,-36.3923,-53.0466,2020,83.0994,-0.3682,2026-09-16,[],0.7409,11.3774,11.7664,3.7600,193.7451,275.7000,57.7,
161219,国投瑞银新兴产业混合(LOF)A,国内权益,2011-12-13,14.7598,3.1819,国投瑞银基金,混合型-灵活,,王鹏,2023-06-15,3.2553,4,0.15%,开放申购,9.9860,11.8154,3.6194,13.4576,10.3044,13.9888,17.9276,-38.7279,-42.2962,-42.2962,2015,72.3333,0.6211,2026-09-16,['018389'],3.6202,10.2763,14.0955,19.4600,165.9627,600.2800,57.6,
005457,景顺长城量化小盘股票A,国内权益,2018-02-06,8.6078,4.2615,景顺长城基金,股票型,,黎海威,2018-02-06,8.6078,0,0.15%,开放申购,11.8509,16.8900,5.9196,13.9395,,10.6720,23.4915,-40.6793,-40.8917,-40.8917,2025,44.2410,0.3840,2026-09-16,['023855'],5.9203,9.1206,10.6720,33.3200,139.3685,139.3700,57.5,
001181,南方改革机遇,国内权益,2015-05-19,11.3292,5.7206,南方基金,混合型-灵活,,卢玉珊,2019-09-23,6.9815,0,0.15%,开放申购,18.6207,13.8213,5.1423,14.3795,9.7472,8.0657,16.2645,-26.0936,-26.5048,-26.5048,2020,61.1215,0.7435,2026-09-16,[],5.1431,9.6437,8.0657,28.5000,151.0949,140.8000,57.4,
001581,华安沪港深通精选灵活配置混合A,国内权益,2017-02-16,9.5797,1.6087,华安基金,混合型-灵活,,高钥群,2019-08-30,7.0472,0,0.15%,开放申购,2.8631,20.2559,2.3967,12.9876,,13.0648,25.6442,-46.9349,-49.0798,-49.0798,2025,62.7815,0.0196,2026-09-16,['016289'],2.3964,12.4777,13.0594,12.5700,224.0899,224.0900,57.4,
050009,博时新兴成长混合,国内权益,2007-07-06,19.1211,42.3525,博时基金,混合型-偏股,,曾鹏,2015-01-22,11.6496,0,0.15%,开放申购,33.3961,32.7673,11.0191,18.8162,12.4723,4.9848,33.6535,-56.2543,-56.2543,-65.7835,2025,80.2402,0.6306,2026-09-16,[],11.0190,12.3869,4.9848,68.6500,221.4826,153.4900,57.4,
110002,易方达策略成长混合,国内权益,2003-12-09,22.7707,27.0976,易方达基金,混合型-偏股,,张琦,2022-04-21,4.4052,1,0.15%,开放申购,42.0564,28.7998,9.5015,13.6710,9.4922,11.6973,27.5203,-50.7325,-50.7325,-59.4232,2006,139.1463,1.7268,2026-09-16,[],9.9657,9.4922,12.8267,60.8000,,1461.2000,57.3,
005967,鹏华创新驱动混合A,国内权益,2018-06-06,8.2793,4.9140,鹏华基金,混合型-偏股,,杨飞,2022-08-06,4.1123,1,0.15%,开放申购,39.8568,28.3073,7.7808,14.8501,,12.2214,39.6121,-45.9949,-51.1912,-51.1912,2020,58.6855,0.5685,2026-09-16,['027063'],7.7811,10.0168,12.2214,45.4500,159.7700,159.7700,57.3,
005794,银华心怡灵活配置混合A,国内权益,2018-07-05,8.1999,24.6923,银华基金,混合型-灵活,,"李晓星,张萍",2019-09-20,6.9897,0,0.15%,开放申购,-3.8680,7.4003,-1.6516,17.1962,,15.6772,22.7442,-47.3868,-47.3868,-47.3868,2019,79.2851,-0.2367,2026-09-16,['014043'],-1.6517,12.6840,15.6771,-7.9900,230.0821,230.0800,57.3,
005760,富国周期优势混合A,国内权益,2018-07-10,8.1862,7.3919,富国基金,混合型-偏股,,沙炜,2025-07-18,1.1636,4,0.15%,开放申购,11.9642,9.3168,1.1330,15.1526,,14.6202,19.6529,-37.7867,-37.7947,-37.7947,2020,70.9126,0.3154,2026-09-16,['011565'],1.1340,11.8181,14.6203,5.8000,205.5783,205.5800,57.2,
165531,中信保诚多策略混合(LOF)A,国内权益,2017-06-16,9.2512,6.8129,中信保诚基金,混合型-灵活,,王颖,2025-09-29,0.9637,2,0.15%,限大额,5.0240,20.4596,13.0006,13.6439,,10.3438,22.9398,-40.7190,-40.7190,-40.7190,2025,46.8525,0.1424,2026-09-16,['018561'],13.0008,9.6262,10.4446,84.2500,150.6944,150.6900,57.2,
005472,富国价值驱动灵活配置混合A,国内权益,2018-03-26,8.4764,1.7686,富国基金,混合型-灵活,,吴畏,2019-04-09,7.4387,0,0.15%,限大额,13.3189,15.5270,1.4963,16.5344,,13.0806,25.9873,-40.6473,-41.9726,-41.9726,2020,89.1975,0.2458,2026-09-16,['005473'],1.4965,10.9823,13.0806,7.7100,183.4900,183.4900,57.2,
005876,易方达鑫转增利混合A,国内权益,2018-11-07,7.8576,1.6657,易方达基金,混合型-偏债,,杨康,2020-03-07,6.5270,0,0.10%,开放申购,0.4156,5.2739,2.4300,,,11.7391,12.6870,-21.1561,-21.1561,-21.1561,2020,37.4938,-0.1077,2026-09-16,['005877'],2.4309,9.1134,11.7391,12.7600,139.2100,139.2100,57.1,
519727,交银成长30混合,国内权益,2013-06-05,13.2813,6.9132,交银施罗德基金,混合型-偏股,,郭斐,2019-06-18,7.2471,0,0.15%,开放申购,10.9247,7.9178,1.1055,16.3903,10.5645,10.7639,16.1293,-32.4478,-34.8523,-54.6026,2019,100.3736,0.3499,2026-09-16,[],1.1053,10.3570,10.7640,5.6500,167.9167,288.7500,57.1,
005741,南方君信混合A,国内权益,2018-05-30,8.2984,4.6371,南方基金,混合型-灵活,,"唐小东,许公磊",2024-08-23,2.0643,2,0.15%,开放申购,7.8215,11.9537,3.3263,13.1050,,12.4731,14.3866,-32.4553,-34.2768,-34.2768,2020,50.2601,0.3644,2026-09-16,['010150'],3.3271,10.2459,12.4731,17.7800,165.2300,165.2300,57.0,
000520,上银新兴价值成长混合A,国内权益,2014-05-06,12.3641,1.4563,上银基金,混合型-灵活,,赵治烨,2018-03-28,8.4709,0,0.15%,开放申购,9.8459,8.2659,3.4760,10.5079,7.6362,9.8135,15.5015,-27.8343,-30.3674,-41.7741,2019,58.0683,0.5993,2026-09-16,['024608'],3.4758,8.2951,12.0098,18.6300,121.8655,306.4500,57.0,
006392,中信保诚创新成长混合A,国内权益,2019-01-30,7.6277,6.5196,中信保诚基金,混合型-灵活,,王睿,2019-01-30,7.6277,0,0.15%,开放申购,9.3536,7.4200,-0.9114,,,16.9946,22.3596,-48.5642,-48.5642,-48.5642,2020,95.9644,0.3010,2026-09-16,['016258'],-0.9104,12.7183,16.9946,-4.4700,231.0900,231.0900,56.9,
001182,易方达安心回馈混合A,国内权益,2015-05-29,11.3018,10.8525,易方达基金,混合型-偏债,,李中阳,2023-03-04,3.5373,3,0.10%,开放申购,11.9945,7.5726,2.9011,10.9008,10.0422,9.7753,7.9820,-18.0650,-18.0650,-18.0650,2019,40.7968,1.0748,2026-09-16,['016594'],2.9008,10.0323,9.7753,15.3700,160.1360,186.9300,56.8,
005001,交银持续成长主题混合A,国内权益,2018-01-12,8.6762,6.6579,交银施罗德基金,混合型-偏股,,何帅,2018-01-12,8.6762,0,0.15%,限大额,24.5581,16.2417,4.1884,13.5473,,12.6164,23.4840,-49.7200,-49.7200,-49.7200,2019,52.9733,0.7942,2026-09-16,['017859'],4.1882,10.8556,12.6125,22.7700,180.2707,180.2700,56.8,
550009,中信保诚中小盘混合A,国内权益,2010-02-10,16.5969,2.1612,中信保诚基金,混合型-偏股,,孙浩中,2021-09-15,5.0021,0,0.15%,开放申购,27.0738,23.0168,3.8702,23.1047,16.0749,12.2435,30.6265,-54.8826,-54.8826,-61.3314,2020,80.8261,0.6515,2026-09-16,['016256'],3.8706,15.9217,12.9488,20.9100,338.1730,654.5200,56.7,
004666,长城久嘉创新成长混合A,国内权益,2017-07-05,9.1198,20.0334,长城基金,混合型-灵活,,尤国梁,2022-07-08,4.1916,1,0.15%,开放申购,27.0485,25.0884,8.9489,15.9398,,12.3814,37.0231,-57.4165,-57.4165,-57.4165,2025,92.1437,0.5865,2026-09-16,['010052'],8.9486,11.2327,12.3814,53.5000,189.9500,189.9500,56.6,
320005,诺安价值增长混合A,国内权益,2006-11-21,19.8193,15.8856,诺安基金,混合型-偏股,,吕磊,2024-08-17,2.0808,2,0.15%,开放申购,34.0613,17.6841,8.6195,13.4832,8.9080,5.6083,18.9131,-29.7460,-30.3595,-74.1752,2009,74.8779,1.6788,2026-09-16,[],8.9798,8.9080,9.0382,53.7200,,455.6300,56.6,
519995,长信金利趋势混合A,国内权益,2006-04-30,20.3806,38.6826,长信基金,混合型-偏股,,高远,2018-09-07,8.0246,0,1.50%,开放申购,12.6763,15.2984,-0.6960,11.7576,6.9334,4.4361,24.4390,-55.1572,-55.1572,-80.6005,2009,62.3448,0.4843,2026-09-16,['015039'],6.8354,10.7943,11.0494,39.1800,178.7241,746.5300,56.6,
005251,银华多元动力灵活配置混合A,国内权益,2017-12-14,8.7556,4.8724,银华基金,混合型-灵活,,王智伟,2025-10-30,0.8789,1,0.15%,开放申购,39.5387,28.8146,7.6496,18.3687,,14.8116,29.3675,-55.5866,-55.7664,-55.7664,2020,75.7253,0.8774,2026-09-16,['028468'],7.6489,12.8551,14.8116,44.5600,235.1300,235.1300,56.5,
005669,前海开源公用事业股票,国内权益,2018-03-23,8.4846,48.7575,前海开源基金,股票型,,崔宸龙,2020-07-20,6.1574,0,0.15%,开放申购,-3.5245,8.1575,-0.7750,15.4144,,14.1031,24.1507,-46.1413,-46.1413,-46.1413,2021,103.3185,-0.2616,2026-09-16,[],-0.7759,11.8445,14.1031,-3.8200,206.3000,206.3000,56.4,
005668,融通新能源汽车主题精选混合A,国内权益,2018-06-15,8.2546,4.2213,融通基金,混合型-灵活,,王迪,2020-01-09,6.6858,0,0.15%,开放申购,37.6939,19.7489,2.6565,19.6473,,16.5187,31.4128,-57.7712,-57.7712,-57.7712,2020,103.3739,0.9406,2026-09-16,['009835'],2.6570,13.4506,16.5187,14.0100,253.2400,253.2400,56.4,
001577,嘉实低价策略股票,国内权益,2015-07-27,11.1403,1.9507,嘉实基金,股票型,,栾峰,2020-10-19,5.9083,0,0.15%,开放申购,3.6585,6.2148,2.6233,13.4672,10.7988,9.0865,15.3884,-20.8624,-35.1935,-35.1935,2020,68.3016,0.1279,2026-09-16,[],2.6228,10.7636,9.0865,13.8200,177.9536,163.5000,56.4,
001702,东方创新科技混合,国内权益,2015-09-08,11.0226,9.8344,东方基金,混合型-灵活,,严凯,2023-11-13,2.8419,1,0.15%,开放申购,64.0445,32.7801,5.9207,23.3906,14.6683,12.9638,34.1684,-60.9426,-61.2069,-61.2069,2020,103.5365,1.3375,2026-09-16,[],5.9203,14.5096,12.9638,33.3200,287.6315,283.2900,56.3,
000823,银华高端制造业混合A,国内权益,2014-11-13,11.8412,6.3327,银华基金,混合型-灵活,,"薄官辉,王浩",2021-07-01,5.2101,0,0.15%,开放申购,57.1949,37.8664,8.7003,17.4912,12.4897,8.3651,31.8697,-58.1301,-58.1301,-69.0771,2025,64.0261,1.1780,2026-09-16,['016263'],11.0111,13.5379,9.3321,68.5900,255.9646,187.6200,56.2,
001186,富国文体健康股票A,国内权益,2015-05-06,11.3648,7.0786,富国基金,股票型,,林庆,2015-05-06,11.3648,0,0.15%,开放申购,-22.0771,0.9641,0.7473,13.0153,11.6749,7.7106,15.8734,-29.9614,-29.9614,-53.4053,2020,77.6433,-1.5080,2026-09-16,['011125'],0.7468,11.5884,7.7106,3.7900,199.3565,132.6000,56.2,
001188,鹏华改革红利股票,国内权益,2015-04-28,11.3867,3.9851,鹏华基金,股票型,,王璐,2021-09-17,4.9966,1,0.15%,开放申购,47.2257,28.3628,11.3185,15.4468,11.3761,7.7317,27.5236,-45.5507,-45.5507,-45.5507,2026,41.9453,1.1844,2026-09-16,[],11.3189,11.2924,7.7317,70.9400,191.5106,133.5000,56.2,
004335,华宝新飞跃灵活配置混合,国内权益,2017-02-27,9.5496,4.0558,华宝基金,混合型-灵活,,"李栋梁,唐雪倩",2023-09-23,2.9815,1,0.00%,开放申购,8.2337,9.3146,4.0157,12.0353,,10.0582,8.5563,-14.4394,-20.6555,-20.6555,2020,39.7613,0.6466,2026-09-16,[],4.0162,9.5842,10.0585,21.7600,149.7350,149.7400,56.0,
005128,华夏永康添福混合A,国内权益,2018-02-01,8.6215,2.6274,华夏基金,混合型-偏债,,柳万军,2019-07-18,7.1650,0,0.08%,开放申购,19.6162,15.5773,7.2052,10.2179,,9.0277,10.4540,-14.9379,-14.9379,-14.9379,2025,29.6910,1.1433,2026-09-16,['015067'],7.2059,7.7364,9.0277,41.6100,110.6800,110.6800,55.9,
240002,华宝宝康配置混合,国内权益,2003-07-15,23.1732,3.9985,华宝基金,混合型-灵活,,汤慧,2021-01-04,5.6975,0,0.12%,开放申购,11.5296,8.6576,1.8574,12.2825,8.9753,11.7496,12.1759,-26.7210,-26.7210,-53.8024,2006,113.5096,0.8129,2026-09-16,[],1.9763,8.9760,11.8742,10.2800,136.2150,1246.5600,55.9,
080002,长盛创新先锋混合A,国内权益,2008-06-04,18.2834,1.1113,长盛基金,混合型-灵活,,滕光耀,2025-11-21,0.8186,1,0.15%,开放申购,28.0209,24.6489,9.5956,15.3175,10.9692,11.9616,24.0138,-43.4828,-43.4828,-43.4828,2009,55.7497,1.1491,2026-09-16,['012716'],8.8263,10.9692,11.8898,52.6400,,679.9300,55.9,
450001,国富中国收益混合A,国内权益,2005-06-01,21.2923,4.4132,国海富兰克林基金,混合型-平衡,,徐荔蓉,2018-08-25,8.0602,0,0.15%,开放申购,6.8189,5.0920,0.9717,11.7808,9.7435,7.8380,14.6678,-28.9720,-28.9720,-56.3273,2006,57.9029,0.3242,2026-09-16,['018390'],0.9710,9.6677,10.6215,4.9500,151.6445,757.9100,55.8,
160133,南方天元新产业股票(LOF),国内权益,2014-07-03,12.2026,7.9129,南方基金,股票型,,蒋秋洁,2015-06-16,11.2526,0,0.15%,开放申购,7.9960,10.0265,0.6553,9.9036,9.4925,13.3948,17.5524,-39.4270,-49.4305,-49.4305,2020,58.4016,0.3707,2026-09-16,[],0.6554,9.3781,12.5724,3.3200,145.0780,324.2300,55.8,
001373,易方达新丝路灵活配置混合,国内权益,2015-05-27,11.3073,31.3129,易方达基金,混合型-灵活,,"王司南,邱天蓝",2025-04-12,1.4292,3,0.15%,开放申购,19.5351,10.0794,3.2481,16.4045,13.2737,8.1176,21.4844,-36.4859,-36.4859,-44.5419,2020,78.5930,0.8441,2026-09-16,[],3.2480,13.1764,8.1176,17.3300,244.7932,141.7000,55.8,
007340,南方科技创新混合A,国内权益,2019-05-06,7.3648,17.2563,南方基金,混合型-偏股,,王博,2022-01-27,4.6352,1,0.15%,开放申购,43.3580,27.6832,1.8109,,,18.6552,32.0679,-59.3231,-60.5774,-60.5774,2020,63.6460,0.9839,2026-09-16,['007341'],1.8112,13.4256,18.6552,9.3900,252.4600,252.4600,55.7,
000601,华宝创新优选混合,国内权益,2014-05-14,12.3422,7.9682,华宝基金,混合型-偏股,,张金涛,2021-12-14,4.7556,1,0.15%,开放申购,23.6264,18.7393,3.3814,19.5107,14.6509,10.3576,26.3944,-54.0128,-54.0128,-63.7048,2020,88.4164,0.6209,2026-09-16,[],3.3815,14.5316,12.0252,18.0900,288.3774,306.1300,55.6,
000082,嘉实研究阿尔法股票A,国内权益,2013-05-28,13.3032,4.8781,嘉实基金,股票型,,"张露,肖觅",2021-03-19,5.4949,0,0.15%,开放申购,8.8080,11.4714,2.1266,11.9518,9.9914,11.8602,17.6516,-36.6883,-36.8640,-43.1181,2020,50.1976,0.3355,2026-09-16,['019306'],2.1257,9.8734,11.8602,11.0900,156.4040,344.1600,55.5,
001650,工银丰收回报灵活配置混合A,国内权益,2015-10-27,10.8884,1.7707,工银瑞信基金,混合型-灵活,,郭雪松,2024-05-15,2.3381,1,0.15%,限大额,11.9430,15.9120,7.9322,10.9242,9.4529,8.8273,17.3096,-25.1221,-25.1221,-25.1221,2025,52.6095,0.3580,2026-09-16,['002233'],7.9319,9.4421,8.8273,46.4700,146.5162,151.2000,55.5,
002772,光大产业新动力混合A,国内权益,2016-09-13,10.0068,1.5566,光大保德信基金,混合型-灵活,,房雷,2021-08-21,5.0705,0,0.15%,开放申购,55.4433,39.8835,11.6160,15.1125,11.5771,11.5687,35.1263,-57.7047,-57.7047,-57.7047,2025,58.0618,1.1507,2026-09-16,['018082'],11.6155,11.5771,11.5686,73.2300,,199.0500,55.4,
007460,华安成长创新混合A,国内权益,2019-06-27,7.2225,10.5900,华安基金,混合型-偏股,,胡宜斌,2019-06-27,7.2225,0,0.15%,开放申购,-13.9793,6.8919,2.7523,,,13.0572,24.5170,-43.2722,-43.2722,-43.2722,2025,45.2543,-0.7040,2026-09-16,['016099'],2.7523,9.2684,13.0572,14.5400,142.6300,142.6300,55.3,
001811,中欧明睿新常态混合A,国内权益,2016-03-03,10.5380,48.6079,中欧基金,混合型-偏股,,刘伟伟,2024-03-22,2.4860,2,0.15%,开放申购,14.6429,22.9272,1.0505,18.5735,16.8277,15.3179,30.9094,-57.7210,-57.7210,-57.7210,2025,68.4541,0.2753,2026-09-16,['005765'],1.0497,16.7418,15.3179,5.3600,370.1779,349.0200,55.1,
001039,嘉实先进制造股票,国内权益,2015-04-24,11.3977,10.4820,嘉实基金,股票型,,刘杰,2021-05-27,5.3060,0,0.15%,开放申购,51.6046,24.1409,4.8992,19.6778,13.8152,9.8876,25.6441,-52.5368,-52.5368,-52.5368,2020,75.7318,1.7069,2026-09-16,[],4.8997,13.6187,9.8876,27.0200,258.5067,192.9000,55.1,
000991,工银战略转型股票A,国内权益,2015-02-16,11.5811,8.9139,工银瑞信基金,股票型,,杜洋,2017-12-22,8.7337,0,0.15%,限大额,-24.5406,-6.1944,-3.7853,13.9861,12.2499,9.9444,19.1223,-29.5550,-31.9572,-52.5873,2020,101.0464,-1.2933,2026-09-16,['011473'],-3.7860,12.1434,9.9444,-17.5500,214.5855,199.8000,55.1,
000436,易方达裕惠定开混合A,国内权益,2013-12-17,12.7474,26.5283,易方达基金,混合型-偏债,,胡剑,2013-12-17,12.7474,0,0.10%,开放申购,3.4948,6.1429,5.0270,6.4228,5.9574,8.9192,4.0758,-5.6593,-5.6593,-5.6593,2015,28.3861,0.6443,2026-09-16,['016344'],5.0266,5.9314,8.9187,27.7900,77.9285,197.1400,55.1,
001508,富国新动力灵活配置混合A,国内权益,2015-08-04,11.1184,12.7538,富国基金,混合型-灵活,,林庆,2025-06-27,1.2211,4,0.15%,开放申购,-18.2824,-0.8062,-2.3896,13.0882,12.8095,12.3911,14.6975,-30.9744,-33.0435,-33.0435,2020,77.6656,-1.3777,2026-09-16,['001510'],-2.3895,12.6667,12.3912,-11.3900,229.5760,266.4900,54.9,
217021,招商优势企业混合A,国内权益,2012-02-01,14.6229,6.7592,招商基金,混合型-偏股,,陆文凯,2025-08-09,1.1034,4,0.15%,限大额,-20.2569,11.4587,9.6506,13.1177,8.9070,11.2828,29.8105,-40.8319,-40.8319,-40.8319,2020,47.8298,-0.9546,2026-09-16,[],9.6438,8.9070,11.5415,58.4600,,393.9200,54.8,
501078,广发科创主题灵活配置混合(LOF),国内权益,2019-06-11,7.2663,6.3689,广发基金,混合型-灵活,,贾乃鑫,2025-08-13,1.0924,2,0.15%,开放申购,34.1969,21.3767,5.0449,,,16.8898,25.6686,-53.2931,-53.4269,-53.4269,2020,80.0502,1.2305,2026-09-16,[],5.0447,12.0078,16.8898,27.9000,210.8000,210.8000,54.8,
006274,圆信永丰医药健康A,国内权益,2018-11-29,7.7974,2.2661,圆信永丰基金,混合型-偏股,,肖世源,2019-11-29,6.7981,0,0.15%,开放申购,-11.8918,9.9972,9.2993,,,10.1455,29.3739,-37.1181,-43.3934,-43.3934,2025,32.7154,-0.5353,2026-09-16,['023103'],9.2998,7.8259,10.1457,55.9900,112.4377,112.4400,54.8,
160919,大成产业升级股票(LOF)A,国内权益,2014-12-26,11.7235,3.5364,大成基金,股票型,,王晶晶,2023-01-15,3.6687,2,0.15%,开放申购,3.0472,5.7127,2.8393,16.3031,11.3725,10.2219,18.8843,-37.2943,-37.2943,-60.1786,2020,60.5263,0.1071,2026-09-16,['019206'],2.8400,11.3234,10.2388,15.0300,192.3239,213.5500,54.8,
007126,博道远航混合A,国内权益,2019-04-30,7.3812,32.5367,博道基金,混合型-偏股,,杨梦,2019-04-30,7.3812,0,0.15%,开放申购,8.8695,16.1907,3.4927,,,11.3612,20.2776,-39.1545,-39.1545,-39.1545,2020,40.5573,0.2728,2026-09-16,['007127'],3.4933,8.2668,11.3615,18.7300,121.2858,121.2900,54.8,
169104,东方红睿满沪港深混合(LOF)A,国内权益,2016-06-28,10.2177,22.1107,东方红资产管理,混合型-灵活,,苗宇,2025-12-20,0.7392,3,0.15%,开放申购,27.7580,19.5234,2.7311,12.8664,13.4952,13.4091,24.2466,-49.7147,-54.2402,-54.2402,2020,69.2005,0.8176,2026-09-16,['018948'],2.7307,13.4952,13.7119,14.4200,,271.7100,54.7,
519997,长信银利精选混合A,国内权益,2005-01-17,21.6619,3.0328,长信基金,混合型-偏股,,许望伟,2021-01-12,5.6756,0,0.15%,开放申购,15.2880,10.3924,-1.3879,13.2718,11.3292,11.9337,19.7003,-35.2987,-39.7649,-64.2352,2006,118.3580,0.6044,2026-09-16,['014572'],-1.3035,11.4780,12.0324,-6.3500,196.4080,1071.8700,54.7,
162102,金鹰中小盘精选混合A,国内权益,2004-05-27,22.3053,4.9551,金鹰基金,混合型-偏股,,陈颖,2026-01-31,0.6242,4,0.15%,开放申购,-5.2347,11.7084,3.8738,12.9788,8.4822,10.6647,28.5631,-47.8557,-47.8557,-54.4531,2006,82.1113,-0.2624,2026-09-16,['019094'],8.7606,10.9036,12.3356,52.1800,181.4860,1239.0700,54.6,
001476,中银智能制造股票A,国内权益,2015-06-19,11.2444,12.8081,中银基金,股票型,,周斌,2024-01-31,2.6256,1,0.15%,开放申购,8.6414,16.2263,4.4294,21.5460,13.7224,9.1005,26.6951,-46.7448,-46.7448,-53.1309,2020,103.7975,0.2030,2026-09-16,['012181'],4.4298,13.5843,9.1005,24.2000,257.4228,166.2800,54.6,
004374,华泰保兴吉年丰混合发起A,国内权益,2017-03-24,9.4812,5.9249,华泰保兴基金,混合型-偏股,,尚烁徽,2018-06-20,8.2409,0,0.08%,开放申购,45.0782,19.1797,1.0950,16.0732,,13.1919,27.3149,-54.9925,-54.9925,-54.9925,2019,67.9254,1.2305,2026-09-16,['004375'],1.1302,13.0720,13.8349,5.7800,241.6263,241.6300,54.6,
006648,汇安多因子混合A,国内权益,2019-04-30,7.3812,5.2803,汇安基金,混合型-偏股,,柳预才,2024-05-08,2.3573,2,0.15%,开放申购,16.9491,19.3997,6.0199,,,12.4729,20.3575,-42.7641,-45.4643,-45.4643,2020,51.3086,0.6933,2026-09-16,['006649'],6.1118,9.2344,12.7118,34.5300,141.8770,141.8800,54.5,
005267,嘉实价值精选股票A,国内权益,2017-11-06,8.8597,20.4032,嘉实基金,股票型,,谭丽,2017-11-06,8.8597,0,0.15%,限大额,0.5405,4.7140,1.3369,12.2122,,9.5894,17.7264,-24.2424,-31.4531,-31.4531,2020,68.4642,-0.1058,2026-09-16,['023947'],1.3377,8.4510,9.5894,6.8700,125.0800,125.0800,54.5,
003165,鹏华弘嘉混合A,国内权益,2016-08-19,10.0753,2.7526,鹏华基金,混合型-灵活,,汤志彦,2020-05-23,6.3162,0,0.08%,限大额,-6.4267,6.0273,3.4454,13.9942,10.5480,10.4586,22.4133,-38.3551,-38.3551,-38.3551,2020,46.6307,-0.5194,2026-09-16,['003166'],2.9738,10.2839,10.2087,15.7800,166.1469,166.2800,54.2,
000609,华商新量化混合A,国内权益,2014-06-05,12.2820,4.3001,华商基金,混合型-灵活,,邓默,2017-04-26,9.3908,0,0.15%,开放申购,39.9238,22.8630,2.7128,16.4405,11.4069,13.7989,23.4640,-53.4230,-53.4230,-53.4230,2020,84.3685,1.1682,2026-09-16,['016048'],2.7128,11.3267,13.7989,14.3200,192.4109,389.2000,54.1,
006580,兴全安泰平衡养老三年持有(FOF)A,国内权益,2019-01-25,7.6359,8.6054,兴证全球基金,FOF-均衡型,,林国怀,2019-01-25,7.6359,0,0.10%,开放申购,4.2260,7.4601,3.1045,,,8.5761,9.2281,-16.3154,-16.3154,-16.3154,2020,25.8210,0.2654,2026-09-14,['017672'],3.1051,,8.5761,16.5200,,87.4400,54.1,
163807,中银优选灵活配置混合A,国内权益,2009-04-03,17.4538,11.2141,中银基金,混合型-灵活,,黄珺,2024-01-31,2.6256,1,0.15%,开放申购,12.3461,11.0323,0.0952,16.3093,14.0129,9.6674,21.3870,-45.6119,-45.6119,-68.1484,2020,66.9590,0.3886,2026-09-16,['012631'],0.0958,13.9233,11.9988,0.4800,268.2369,622.7000,54.0,
161903,万家行业优选混合(LOF),国内权益,2005-07-15,21.1718,62.1023,万家基金,混合型-偏股,,黄兴亮,2019-03-22,7.4880,0,0.15%,开放申购,16.2281,18.8645,1.3206,18.9457,14.1190,9.4515,31.5744,-62.1127,-65.6070,-76.0883,2007,113.5141,0.3619,2026-09-16,[],1.3207,14.0098,12.4557,6.7800,271.0401,1100.5200,53.9,
202001,南方稳健成长混合,国内权益,2001-09-28,24.9665,23.8126,南方基金,混合型-偏股,,应帅,2015-02-16,11.5811,0,0.16%,开放申购,23.5999,13.2629,1.9705,11.2312,8.8461,9.7003,18.6810,-37.1284,-40.4547,-59.5941,2007,121.9676,0.7622,2026-09-16,[],1.9708,8.7680,9.8615,10.2500,131.7448,946.5700,53.9,
001105,信澳转型创新股票A,国内权益,2015-04-15,11.4223,5.1300,信达澳亚基金,股票型,,朱然,2021-12-20,4.7392,1,0.15%,开放申购,78.1182,46.9850,12.8712,18.9573,14.2401,8.1300,36.4010,-60.8402,-63.6490,-63.6490,2025,69.5946,1.5784,2026-09-16,['015608'],12.8717,14.0994,8.1300,83.2000,273.9663,144.2000,53.8,
000573,天弘通利混合A,国内权益,2014-03-14,12.5092,4.3074,天弘基金,混合型-灵活,,"金梦,胡彧",2026-02-09,0.5996,10,0.10%,开放申购,3.5046,11.1830,9.7801,10.1420,8.6762,8.5122,15.2054,-15.8240,-15.8240,-15.8240,2024,20.9021,0.2297,2026-09-16,[],9.9301,8.6762,8.6350,60.5400,,181.8100,53.8,
360016,光大保德信行业轮动混合A,国内权益,2012-02-15,14.5845,2.8630,光大保德信基金,混合型-偏股,,贵博韬,2026-03-14,0.5092,1,0.15%,开放申购,44.5762,11.6800,2.8140,17.9446,11.3388,11.7415,21.2481,-38.3597,-44.4145,-53.1165,2020,79.6972,1.1611,2026-09-16,['028564'],2.8132,11.2123,12.7566,14.8800,189.4197,476.0600,53.6,
005136,华安幸福生活混合A,国内权益,2017-10-26,8.8898,8.5282,华安基金,混合型-偏股,,孔涛,2022-01-26,4.6379,1,0.15%,开放申购,36.2446,26.4768,0.8753,20.9839,,16.0148,26.3452,-57.8643,-58.2946,-58.2946,2020,89.7739,1.0515,2026-09-16,['014990'],0.8746,14.1172,16.0148,4.4500,274.5500,274.5500,53.5,
002121,广发沪港深新起点股票A,国内权益,2016-11-02,9.8700,32.1298,广发基金,股票型,,李耀柱,2016-12-10,9.7659,0,0.15%,开放申购,14.1769,19.5918,4.3642,8.9649,,9.6742,24.9530,-46.8118,-55.7549,-55.7549,2017,48.2653,0.4736,2026-09-16,['010024'],4.3641,9.5426,9.6743,23.8100,148.7886,148.7900,53.5,
003025,新华红利回报混合,国内权益,2017-03-27,9.4730,1.0403,新华基金,混合型-灵活,,姚海明,2023-07-19,3.1622,2,0.15%,开放申购,7.8422,6.5403,1.4208,8.1316,,6.7403,22.6225,-39.3910,-39.3910,-39.3910,2019,43.0234,0.6978,2026-09-16,[],7.0693,9.6169,10.1783,40.7100,150.4801,150.4800,53.5,
001396,建信互联网+产业升级股票,国内权益,2015-06-23,11.2334,3.2758,建信基金,股票型,,何珅华,2015-06-23,11.2334,0,0.15%,开放申购,55.3676,28.8825,8.1822,17.4890,10.9876,6.8864,27.7461,-48.5161,-48.9117,-48.9117,2025,53.3261,1.2504,2026-09-16,[],8.1827,10.8986,6.8864,48.1800,181.3582,111.3000,53.4,
481010,工银中小盘混合,国内权益,2010-02-10,16.5969,16.1322,工银瑞信基金,混合型-偏股,,李昱,2022-08-26,4.0575,2,0.15%,开放申购,65.2389,27.0846,4.0722,23.3085,14.2086,11.0222,31.6953,-58.4078,-59.9262,-62.4648,2020,127.5235,1.4261,2026-09-16,[],4.0725,14.0877,11.0222,22.0900,273.5837,467.1000,53.4,
450009,国富中小盘股票A,国内权益,2010-11-23,15.8138,13.9439,国海富兰克林基金,股票型,,赵晓东,2010-11-23,15.8138,0,0.15%,开放申购,-6.5017,0.8325,-0.5242,9.9408,8.9704,10.0760,17.2432,-29.9154,-33.4360,-45.4291,2015,54.7601,-0.5283,2026-09-16,['017948'],-0.5235,8.8695,10.0760,-2.5900,133.9163,356.3700,53.4,
320015,诺安行业轮动混合A,国内权益,2011-05-13,15.3457,1.6021,诺安基金,混合型-偏股,,韩冬燕,2019-01-12,7.6769,0,0.12%,开放申购,0.2093,3.5672,3.1754,11.3449,4.7574,5.9895,15.2302,-28.2109,-37.9275,-48.9597,2020,44.8815,-0.0789,2026-09-16,['019570'],3.1758,9.2695,8.9588,16.9200,142.6560,273.0900,53.3,
000603,易方达创新驱动灵活配置混合,国内权益,2015-02-13,11.5893,33.0774,易方达基金,混合型-灵活,,贾健,2021-05-29,5.3005,0,0.15%,开放申购,50.1235,24.7462,6.0904,19.2775,12.0321,10.0691,31.9119,-56.6593,-56.6593,-68.2189,2020,70.9184,1.1375,2026-09-16,[],6.0897,11.8839,10.0691,34.3900,207.3812,204.0000,53.3,
320011,诺安中小盘精选混合A,国内权益,2010-04-28,16.3860,3.7560,诺安基金,混合型-偏股,,韩冬燕,2016-09-13,10.0068,0,0.15%,开放申购,5.8282,5.0263,2.7731,8.6620,7.6585,10.8643,15.9628,-28.8586,-28.8586,-41.3528,2014,59.3315,0.2804,2026-09-16,"['020649', '020648']",2.7738,7.6060,10.8643,14.6600,108.1450,441.9500,53.2,
000457,摩根核心成长股票A,国内权益,2014-02-10,12.5969,13.6861,摩根基金(中国),股票型,,李博,2015-07-09,11.1896,0,0.15%,开放申购,4.2995,19.0490,3.7859,11.7043,8.4147,11.5781,21.9002,-45.4279,-51.1794,-51.1794,2025,62.1744,0.1216,2026-09-16,['015170'],3.7862,8.3537,11.5782,20.4200,123.0677,297.5100,53.1,
006257,信澳先进智造股票型A,国内权益,2019-01-17,7.6632,8.8401,信达澳亚基金,股票型,,齐兴方,2023-02-03,3.6167,2,0.15%,开放申购,19.8527,20.2008,1.5701,,,18.2922,36.4077,-60.7774,-60.7774,-60.7774,2020,57.2640,0.3042,2026-09-16,['024169'],1.5699,13.7387,18.2922,8.1000,262.3109,262.3100,53.1,
002049,融通新机遇灵活配置混合,国内权益,2015-11-17,10.8309,2.0871,融通基金,混合型-灵活,,"余志勇,刘舒乐",2023-07-22,3.1540,3,0.15%,限大额,2.9872,6.5413,8.2683,9.7748,8.4379,7.8256,10.0075,-10.1547,-10.1547,-10.1547,2022,18.9445,0.0392,2026-09-16,[],8.2687,8.4271,7.8258,48.7700,124.5845,126.1600,53.1,
002545,东方岳灵活配置混合,国内权益,2016-09-22,9.9822,3.0197,东方基金,混合型-灵活,,盛泽,2019-01-02,7.7043,0,0.08%,限大额,16.4573,13.1867,3.0481,12.2248,,9.0513,17.4991,-29.5010,-31.1414,-31.1414,2019,48.9408,0.6421,2026-09-16,[],3.0484,9.0345,9.0515,16.2000,137.4857,137.4900,53.0,
161611,融通内需驱动混合A,国内权益,2009-04-22,17.4018,4.4151,融通基金,混合型-偏股,,刘安坤,2025-04-30,1.3799,2,0.15%,开放申购,2.8141,4.5175,3.8562,17.1853,12.2890,7.1973,19.6483,-32.8502,-33.1541,-60.8810,2019,62.3602,0.0025,2026-09-16,['014109'],3.8568,12.2308,7.3256,20.8300,217.0455,242.2100,52.7,
590003,中邮核心优势灵活配置混合A,国内权益,2009-10-28,16.8843,7.2568,中邮基金,混合型-灵活,,"江刘玮,张屹岩",2024-01-05,2.6968,3,0.15%,开放申购,15.8002,14.0468,4.4299,18.0066,8.3298,10.4056,24.5043,-27.3071,-45.6966,-61.2224,2025,64.2431,0.4913,2026-09-16,['021218'],4.4298,8.1482,10.5321,24.2000,118.8725,442.3400,52.6,
001744,诺安进取回报混合A,国内权益,2016-09-27,9.9685,4.4128,诺安基金,混合型-灵活,,"吴博俊,杨谷",2024-04-13,2.4257,2,0.15%,开放申购,27.3288,19.9480,14.6926,10.9478,,7.8315,23.1260,-30.4314,-30.6267,-30.6267,2025,48.0687,0.8251,2026-09-16,['028678'],14.6924,7.8059,7.8313,98.4600,112.0438,112.0400,52.6,
001722,工银银和利混合,国内权益,2016-12-29,9.7139,4.9214,工银瑞信基金,混合型-偏债,,郭雪松,2020-06-11,6.2642,0,0.15%,限大额,9.0190,10.1175,6.6940,8.3525,,7.7613,9.4995,-11.6121,-11.6121,-11.6121,2025,20.7951,0.8098,2026-09-16,[],6.6938,7.5311,7.7613,38.2600,106.7000,106.7000,52.6,
519005,海富通股票混合,国内权益,2005-07-29,21.1335,30.2644,海富通基金,混合型-偏股,,吕越超,2017-06-30,9.2129,0,0.15%,开放申购,41.2470,23.9886,3.1652,15.6096,12.7453,7.1719,44.0859,-61.6820,-63.2029,-66.7572,2007,95.9850,0.7221,2026-09-16,[],3.1652,12.5039,10.6925,16.8600,224.8450,755.8000,52.5,
004745,长盛创新驱动混合A,国内权益,2017-08-16,9.0842,6.0099,长盛基金,混合型-灵活,,郭堃,2025-11-21,0.8186,3,0.15%,开放申购,30.1262,28.0281,3.8529,20.9520,,15.4598,29.8643,-58.0799,-59.0400,-59.0400,2020,96.4222,0.8138,2026-09-16,['018237'],3.8534,13.9497,15.4598,20.8100,269.0900,269.0900,52.5,
004148,圆信永丰多策略,国内权益,2017-03-29,9.4675,5.9535,圆信永丰基金,混合型-偏股,,胡春霞,2021-08-16,5.0842,0,0.15%,开放申购,31.7608,27.6247,5.0500,14.8514,,11.8189,26.9166,-53.3700,-55.0743,-55.0743,2020,58.0712,0.8143,2026-09-16,[],5.0496,11.1557,11.8189,27.9300,187.9500,187.9500,52.5,
000408,民生加银城镇化混合A,国内权益,2013-12-12,12.7611,3.5675,民生加银基金,混合型-灵活,,芮定坤,2024-08-21,2.0698,1,0.15%,开放申购,26.2899,17.5432,0.7897,13.0187,10.8873,14.9960,20.4312,-41.3611,-50.9798,-50.9798,2015,89.3506,0.8630,2026-09-16,['009706'],0.7894,10.7693,14.9960,4.0100,178.0949,494.8100,52.5,
200012,长城中小盘成长混合A,国内权益,2011-01-27,15.6359,5.2725,长城基金,混合型-偏股,,余欢,2026-02-06,0.6078,2,0.15%,开放申购,87.6392,31.9604,6.6909,18.7674,16.3166,10.8933,28.1378,-58.2503,-60.1733,-60.1733,2020,85.1041,1.7808,2026-09-16,['015722'],6.6907,16.2021,10.8932,38.2400,348.8894,403.6500,52.4,
202002,南方稳健成长贰号混合,国内权益,2006-07-25,20.1451,17.2153,南方基金,混合型-偏股,,应帅,2015-02-16,11.5811,0,0.20%,开放申购,23.5542,13.5956,2.0168,11.3085,8.9201,4.9053,18.7254,-37.3917,-40.4860,-69.5444,2020,58.2397,0.7561,2026-09-16,[],2.0170,8.8417,9.1031,10.5000,133.3197,478.4000,52.4,
007349,华夏科技创新混合A,国内权益,2019-05-06,7.3648,16.6879,华夏基金,混合型-偏股,,高翔,2024-12-23,1.7303,1,0.15%,开放申购,78.3823,27.7193,4.8553,,,16.3256,29.7854,-62.8312,-64.3090,-64.3090,2020,76.9038,1.8418,2026-09-16,['007350'],4.8551,11.7812,16.3256,26.7500,204.5700,204.5700,52.3,
450002,国富弹性市值混合A,国内权益,2006-06-14,20.2574,14.9699,国海富兰克林基金,混合型-偏股,,赵晓东,2014-12-19,11.7426,0,0.15%,开放申购,-5.7924,2.0316,-0.9263,7.3260,7.5889,10.2549,16.5052,-30.0420,-37.9304,-52.3028,2007,68.8107,-0.5555,2026-09-16,['018469'],-0.9270,7.4905,12.5980,-4.5500,105.9208,1006.3100,52.2,
004075,交银医药创新股票A,国内权益,2017-03-23,9.4839,15.6490,交银施罗德基金,股票型,,楼慧源,2018-09-22,7.9836,0,0.15%,开放申购,1.9556,7.3452,-3.1261,13.3339,,12.5132,25.1770,-48.7308,-55.3347,-55.3347,2020,96.4042,0.1107,2026-09-16,['014046'],-2.3411,12.2825,12.9926,-11.1700,218.5069,218.5100,52.2,
206009,鹏华新兴产业混合A,国内权益,2011-06-15,15.2553,30.1944,鹏华基金,混合型-偏股,,梁浩,2013-03-16,13.5031,0,0.15%,开放申购,23.0769,13.5749,2.2675,10.5725,8.2154,10.2719,21.4070,-41.9881,-49.7308,-49.7308,2020,60.4006,0.8551,2026-09-16,['025886'],2.2669,8.1247,10.7981,11.8600,118.3981,377.9200,52.2,
000527,南方新优享灵活配置混合A,国内权益,2014-02-26,12.5530,30.8096,南方基金,混合型-灵活,,章晖,2018-11-16,7.8330,0,0.15%,开放申购,27.2449,20.5098,-0.3825,11.4629,10.6921,14.1074,20.5857,-50.0370,-56.5035,-56.5035,2020,79.3592,0.9117,2026-09-16,['006590'],-0.3829,10.6166,14.1074,-1.9000,174.2857,424.1600,52.1,
501077,富国创新企业灵活配置混合(LOF)A,国内权益,2019-06-11,7.2663,7.8336,富国基金,混合型-灵活,,孙权,2023-04-17,3.4168,3,0.15%,限大额,28.7058,32.9481,3.3434,,,17.6405,30.1227,-64.8011,-66.1267,-66.1267,2020,87.6395,1.1880,2026-09-16,['015849'],3.3429,12.5300,17.6405,17.8700,225.6000,225.6000,52.1,
004641,万家量化睿选混合A,国内权益,2017-08-04,9.1170,25.8355,万家基金,混合型-灵活,,乔亮,2019-09-19,6.9925,0,0.15%,开放申购,32.6497,18.7274,7.2866,11.5692,,8.5623,22.4712,-39.7683,-41.7311,-41.7311,2025,48.9679,1.1885,2026-09-16,['016556'],7.2861,7.7777,8.5624,42.1400,111.4889,111.4900,52.0,
673110,西部利得新润混合A,国内权益,2017-08-25,9.0595,2.7757,西部利得基金,混合型-灵活,,葛山,2024-04-29,2.3819,4,0.12%,开放申购,11.0555,19.6817,6.0373,12.3142,,10.0837,15.9530,-36.6720,-36.6720,-36.6720,2019,45.6545,0.7347,2026-09-16,['015356'],6.0376,9.0935,10.0839,34.0600,138.7758,138.7800,52.0,
006348,银华盛利混合发起式A,国内权益,2018-12-13,7.7591,1.5855,银华基金,混合型-偏股,,向伊达,2021-02-01,5.6208,0,0.15%,开放申购,35.8737,20.9473,-0.0991,,,18.9433,31.9623,-57.9820,-57.9820,-57.9820,2020,67.2817,0.6493,2026-09-16,['015684'],-0.0982,14.4081,18.9433,-0.4900,284.2100,284.2100,51.9,
260115,景顺长城中小盘混合A,国内权益,2011-03-22,15.4880,1.2628,景顺长城基金,混合型-偏股,,张靖,2022-11-20,3.8220,1,0.15%,开放申购,23.9001,13.9237,6.7554,12.0891,9.3723,9.2591,23.0394,-38.8693,-38.8693,-50.1002,2015,58.2753,0.7706,2026-09-16,['018553'],6.7555,9.3249,9.2590,38.6600,143.8878,294.1200,51.8,
000547,建信健康民生混合A,国内权益,2014-03-21,12.4901,3.0055,建信基金,混合型-偏股,,马牧青,2024-05-31,2.2943,2,0.15%,开放申购,8.1360,6.6644,-0.9898,16.6796,11.9857,16.0133,24.2638,-43.6777,-43.6777,-43.6777,2015,74.9802,0.1066,2026-09-16,['014849'],-0.9894,11.8992,16.0133,-4.8500,207.7997,539.3000,51.8,
217013,招商中小盘混合,国内权益,2009-12-25,16.7255,2.2754,招商基金,混合型-偏股,,韩冰,2019-03-22,7.4880,0,0.15%,开放申购,17.1947,10.9778,1.1547,15.8854,11.8566,8.7528,21.1523,-39.4962,-43.9047,-52.0425,2020,78.8114,0.5146,2026-09-16,[],1.1550,11.7310,8.7528,5.9100,203.2042,306.9000,51.8,
320001,诺安平衡混合A,国内权益,2004-05-21,22.3217,16.1705,诺安基金,混合型-偏股,,邓心怡,2022-10-15,3.9206,1,0.15%,开放申购,15.6994,19.3013,6.6065,10.1839,8.1221,10.0640,25.4625,-41.1208,-41.1208,-57.2205,2006,109.9138,0.3169,2026-09-16,['025332'],6.6073,8.0282,10.2897,37.7000,116.4563,790.1300,51.7,
005268,鹏华优势企业,国内权益,2017-11-29,8.7967,13.6799,鹏华基金,股票型,,王子建,2026-02-06,0.6078,3,0.15%,开放申购,38.1268,15.4982,5.0153,15.8559,,11.3948,24.7204,-43.2154,-49.8796,-49.8796,2020,80.8351,0.7369,2026-09-16,[],5.0151,9.9578,11.3948,27.7200,158.3800,158.3800,51.6,
519935,长信创新驱动股票A,国内权益,2016-09-29,9.9630,1.0082,长信基金,股票型,,张思韡,2026-02-24,0.5585,3,0.15%,开放申购,64.5753,46.8406,10.3286,16.3409,,13.1027,35.4762,-67.7778,-67.7778,-67.7778,2025,103.6658,1.4764,2026-09-16,['028460'],10.3285,13.0513,13.1027,63.4700,241.0000,241.0000,51.6,
080005,长盛量化红利混合A,国内权益,2009-11-25,16.8077,3.1844,长盛基金,混合型-偏股,,"王宁,陈亘斯",2025-08-12,1.0951,1,0.15%,开放申购,2.3676,5.6614,1.3448,12.2020,10.1210,10.4279,12.6518,-17.5055,-21.0373,-53.6876,2015,66.4357,0.0606,2026-09-16,['020155'],1.3453,10.0126,10.7043,6.9100,159.6708,452.4600,51.5,
006430,凯石澜龙头经济一年持有混合,国内权益,2018-12-05,7.7810,1.6764,凯石基金,混合型-偏股,,"李琛,许迟",2025-09-08,1.0212,5,0.15%,开放申购,37.6155,44.7497,6.8763,,,8.7301,34.1166,-62.6226,-65.2543,-65.2543,2025,121.7184,0.7548,2026-09-16,[],6.8769,12.1954,15.9386,39.4500,216.0473,216.0500,51.5,
001473,建信大安全战略精选股票,国内权益,2015-07-29,11.1348,1.3784,建信基金,股票型,,王东杰,2015-07-29,11.1348,0,0.15%,开放申购,-9.5386,-0.4412,-0.7879,12.2351,9.7072,9.7429,16.0749,-28.9681,-32.8640,-32.8640,2019,75.5379,-0.7450,2026-09-16,[],-0.7883,9.6395,9.7429,-3.8800,150.9984,181.5700,51.4,
006921,南方智诚混合,国内权益,2019-03-12,7.5154,2.3768,南方基金,混合型-偏股,,李锦文,2020-11-20,5.8207,0,0.15%,开放申购,3.5469,8.0712,3.8275,,,10.2256,16.3312,-23.0145,-40.4950,-40.4950,2020,54.4784,0.1757,2026-09-16,[],3.8276,7.5913,10.2256,20.6600,107.8600,107.8600,51.3,
000925,汇添富外延增长股票A,国内权益,2014-12-08,11.7728,28.4574,汇添富基金,股票型,,蔡志文,2022-11-04,3.8658,1,0.15%,开放申购,22.3035,18.1504,5.7392,12.5959,8.1668,7.6305,16.9732,-28.6993,-46.3567,-68.3327,2020,56.9991,0.9948,2026-09-16,['011424'],5.7385,8.0577,7.6306,32.1800,117.0478,137.6700,51.3,
006122,华安低碳生活混合A,国内权益,2019-03-12,7.5154,4.6238,华安基金,混合型-偏股,,熊哲颖,2025-05-06,1.3634,1,0.15%,开放申购,-8.2874,17.5970,1.7837,,,16.2067,29.7071,-49.7534,-49.7534,-49.7534,2020,80.6419,-0.3414,2026-09-16,['014970'],1.7833,11.9500,16.2067,9.2400,209.2000,209.2000,51.1,
001227,中邮信息产业灵活配置混合A,国内权益,2015-05-14,11.3429,13.7758,中邮基金,混合型-灵活,,周楠,2022-03-11,4.5175,1,0.15%,开放申购,60.9327,38.4025,14.7936,18.6758,9.7268,6.7820,28.8643,-49.5436,-49.5436,-55.3153,2019,56.7404,1.4665,2026-09-16,['023021'],14.7939,9.6219,6.7820,99.3400,150.5952,110.5000,51.0,
519198,万家颐和灵活配置混合A,国内权益,2016-06-23,10.2313,1.3272,万家基金,混合型-灵活,,章恒,2021-01-26,5.6372,0,0.15%,开放申购,7.4458,4.2182,4.0909,11.2024,9.3187,9.1508,20.4438,-35.8609,-35.8609,-35.8609,2020,41.5461,0.3961,2026-09-16,['016620'],4.0913,9.3132,9.1506,22.2000,143.6283,144.9400,50.9,
001060,前海开源高端装备制造混合A,国内权益,2015-03-27,11.4743,4.0666,前海开源基金,混合型-灵活,,魏淳,2023-09-06,3.0281,3,0.15%,开放申购,86.6319,33.5750,8.7232,13.4637,12.1464,10.7353,36.8659,-60.4692,-60.4692,-60.4692,2019,60.5390,1.4715,2026-09-16,['016721'],8.7234,12.0374,10.7353,51.9200,211.6248,222.2200,50.9,
005399,长信量化价值驱动混合A,国内权益,2018-08-09,8.1040,7.2638,长信基金,混合型-偏股,,姚奕帆,2022-01-28,4.6324,1,0.15%,开放申购,3.0068,10.2139,2.7608,10.0525,,10.0092,16.5381,-25.2006,-31.7964,-31.7964,2020,51.9989,0.0345,2026-09-16,['009669'],2.7612,8.0374,10.0091,14.5900,116.6421,116.6400,50.9,
000965,汇丰晋信新动力混合A,国内权益,2015-02-11,11.5948,16.7985,汇丰晋信基金,混合型-偏股,,闵良超,2024-05-11,2.3491,2,0.15%,开放申购,6.3574,12.6170,6.3285,15.4904,9.3843,6.7373,19.8383,-35.2685,-40.4301,-65.4694,2019,70.9185,0.3091,2026-09-16,['020503'],6.3286,9.2244,6.7373,35.9100,141.6544,112.9700,50.8,
519756,交银国企改革灵活配置混合A,国内权益,2015-06-10,11.2690,4.8361,交银施罗德基金,混合型-灵活,,沈楠,2015-06-10,11.2690,0,0.15%,开放申购,4.7181,4.4912,3.6410,12.8964,8.9197,7.6543,16.8048,-35.9950,-35.9950,-35.9950,2020,52.5855,0.1564,2026-09-16,['017979'],3.6410,8.8309,7.6541,19.5800,133.0897,129.5900,50.8,
002537,平安安盈灵活配置混合A,国内权益,2016-04-22,10.4011,1.2070,平安基金,混合型-灵活,,薛冀颖,2021-01-11,5.6783,0,0.12%,开放申购,13.4949,14.9275,1.4230,14.9964,11.9592,11.5899,21.9871,-47.6212,-47.6212,-47.6212,2020,70.1759,0.4468,2026-09-16,['014051'],1.4229,11.9592,11.5899,7.3200,209.4560,212.8600,50.8,
519736,交银新成长混合,国内权益,2014-05-09,12.3559,34.6345,交银施罗德基金,混合型-偏股,,王崇,2015-05-23,11.3183,0,0.15%,开放申购,7.6393,1.8076,-3.1933,8.9488,9.3610,12.6316,17.1825,-41.0080,-48.9431,-48.9431,2015,62.5225,0.4676,2026-09-16,[],-3.1936,9.2265,12.6316,-14.9800,141.7025,334.8200,50.7,
005616,东方量化成长灵活配置混合A,国内权益,2018-03-21,8.4901,1.4130,东方基金,混合型-灵活,,王怀勋,2025-03-12,1.5140,2,0.15%,开放申购,5.6792,16.8376,6.2073,12.6460,,10.4454,24.7568,-36.9609,-38.2215,-38.2215,2025,43.1086,0.1523,2026-09-16,['020126'],6.2079,8.8009,10.4455,35.1400,132.4483,132.4500,50.6,
005176,富国精准医疗混合A,国内权益,2017-11-16,8.8323,28.9815,富国基金,混合型-灵活,,赵伟,2021-11-11,4.8460,1,0.15%,开放申购,-10.0000,15.9026,-1.3957,14.0380,,14.0652,29.8050,-51.8903,-57.0591,-57.0591,2020,87.4943,-0.3706,2026-09-16,['018209'],-1.3965,12.3258,14.0653,-6.7900,219.7380,219.7400,50.6,
005682,财通资管消费精选混合A,国内权益,2018-04-02,8.4572,1.8388,财通资管,混合型-灵活,,于洋,2018-12-13,7.7591,0,0.15%,开放申购,29.7777,30.8363,5.0419,17.0263,,13.0426,32.0317,-63.0302,-65.3780,-65.3780,2019,80.0292,0.9604,2026-09-16,['011020'],5.0414,10.9246,13.0426,27.8800,182.0200,182.0200,50.4,
501022,银华鑫盛灵活配置混合(LOF)A,国内权益,2016-10-14,9.9220,3.3670,银华基金,混合型-灵活,,王斌,2025-03-31,1.4620,2,0.15%,开放申购,3.7182,6.3033,1.9507,16.5556,,10.3208,19.0308,-31.7985,-31.7985,-31.7985,2020,73.5783,0.0055,2026-09-16,['014048'],1.9504,10.2363,10.3208,10.1400,165.0000,165.0000,50.4,
257010,国联安小盘精选混合,国内权益,2004-04-12,22.4285,7.6525,国联安基金,混合型-灵活,,邹新进,2010-03-16,16.5038,0,0.15%,开放申购,-6.3437,2.5845,2.2054,8.4884,5.5342,10.1213,16.4348,-23.4207,-30.8090,-57.0358,2007,115.7565,-0.4608,2026-09-16,[],2.2046,5.4334,10.0897,11.5200,69.7399,763.6000,50.4,
000939,中银研究精选灵活配置混合A,国内权益,2014-12-23,11.7317,2.8680,中银基金,混合型-灵活,,杨成,2023-12-04,2.7844,1,0.15%,开放申购,60.0224,29.6215,6.9321,12.8852,7.4222,4.6048,28.5962,-55.6622,-66.8945,-68.2473,2020,65.8538,1.6080,2026-09-16,['012264'],6.9320,12.3584,10.3032,39.8100,220.6668,215.9600,50.3,
080001,长盛成长价值混合A,国内权益,2002-09-18,23.9945,2.4670,长盛基金,混合型-偏股,,王宁,2021-08-26,5.0568,0,0.15%,开放申购,1.3562,4.3217,1.6060,10.1099,7.5596,11.2945,11.6071,-14.3810,-25.9045,-54.7110,2007,95.0298,0.0037,2026-09-16,['012715'],1.6056,7.4871,11.9277,8.2900,105.8566,1393.6100,50.3,
460009,华泰柏瑞量化先行混合A,国内权益,2010-06-22,16.2355,3.6245,华泰柏瑞基金,混合型-偏股,,盛豪,2025-04-28,1.3854,2,0.15%,开放申购,16.1557,16.1668,5.3974,11.7615,9.4206,8.8774,20.4427,-33.2750,-34.5642,-44.9765,2015,63.8754,0.5753,2026-09-16,['010246'],5.3971,9.2729,9.0101,30.0600,142.7303,305.7800,50.2,
519029,华夏稳增混合,国内权益,2006-08-09,19.9644,19.4418,华夏基金,混合型-灵活,,彭海伟,2020-06-12,6.2615,0,0.15%,开放申购,26.8308,21.6086,5.0762,14.5235,8.8273,7.3520,31.6403,-49.0056,-51.4066,-64.8495,2007,68.2671,0.6451,2026-09-16,[],5.0759,8.7111,10.8803,28.0900,130.5369,686.1300,50.2,
163411,兴全精选混合,国内权益,2011-08-03,15.1211,27.7712,兴证全球基金,混合型-偏股,,陈宇,2017-09-06,9.0267,0,0.10%,开放申购,31.1003,16.9354,1.2166,12.9928,11.5204,10.3577,24.4855,-52.6851,-54.5483,-54.5483,2020,64.8175,0.9261,2026-09-16,[],1.2161,11.5020,10.3577,6.2300,197.0479,343.8400,50.1,
006013,易方达鑫转招利混合A,国内权益,2019-01-29,7.6304,1.7409,易方达基金,混合型-偏债,,胡文伯,2023-06-28,3.2197,3,0.10%,开放申购,5.4515,8.4195,4.5029,,,10.2332,14.0019,-23.6436,-23.6436,-23.6436,2020,25.2337,0.1719,2026-09-16,['006014'],4.5037,7.7174,10.2332,24.6400,110.3096,110.3100,50.0,
750001,安信灵活配置混合A,国内权益,2012-06-20,14.2396,8.0243,安信基金,混合型-灵活,,"张竞,梁冰哲",2026-03-17,0.5010,1,0.15%,开放申购,8.3464,11.6224,0.2623,15.1596,11.1745,11.6565,14.3558,-36.8536,-38.4636,-41.6216,2020,69.4662,0.4096,2026-09-16,['023177'],0.2626,11.0842,11.6565,1.3200,186.1025,380.6700,49.8,
257030,国联安优势混合,国内权益,2007-01-24,19.6441,3.1497,国联安基金,混合型-偏股,,韦明亮,2023-07-19,3.1622,1,0.15%,开放申购,7.8553,11.8628,5.5609,9.7299,6.5457,7.2497,23.6069,-37.3278,-43.6548,-59.6240,2007,73.0000,0.1993,2026-09-16,[],5.5603,9.2973,8.7479,31.0700,143.2736,419.3400,49.8,
100016,富国天源沪港深平衡混合A,国内权益,2002-08-16,24.0849,5.6602,富国基金,混合型-灵活,,曾新杰,2021-11-23,4.8131,1,0.15%,开放申购,11.5176,11.2035,0.7682,11.1780,9.2508,10.3926,19.0722,-35.6484,-36.8233,-52.7681,2006,72.6922,0.3372,2026-09-16,['014931'],0.7681,9.1672,11.0428,3.9000,140.3920,1146.3100,49.8,
000219,博时裕益混合A,国内权益,2013-07-29,13.1335,1.1950,博时基金,混合型-灵活,,王冠桥,2024-04-23,2.3984,5,0.15%,开放申购,17.3173,17.3151,2.8504,14.2717,11.2791,11.0175,16.8130,-43.2184,-43.2184,-47.4955,2015,52.4342,1.0309,2026-09-16,['025556'],2.8508,11.1527,11.0175,15.0900,187.8734,294.5900,49.8,
005955,易方达鑫转添利混合A,国内权益,2018-08-09,8.1040,8.6217,易方达基金,混合型-偏债,,计瑾,2025-04-09,1.4374,2,0.10%,开放申购,7.9924,6.5874,4.4436,9.6352,,9.5247,3.7688,-3.7877,-14.8751,-14.8751,2019,29.8116,1.1528,2026-09-16,['005956'],4.4432,7.6517,9.5247,24.2800,109.0300,109.0300,49.7,
001411,诺安创新驱动混合A,国内权益,2015-06-18,11.2471,3.6393,诺安基金,混合型-灵活,,左少逸,2025-07-19,1.1608,2,0.15%,开放申购,127.0749,46.1339,11.9442,14.5930,11.7609,10.7391,34.4861,-59.6564,-60.4988,-60.4988,2026,96.3763,3.6880,2026-09-16,['002051'],10.6985,11.7609,10.6269,66.2300,,211.3900,49.7,
160106,南方高增长混合(LOF),国内权益,2005-07-13,21.1773,13.7931,南方基金,混合型-偏股,,张延闽,2021-08-20,5.0732,0,0.15%,开放申购,-8.9448,6.1520,1.8715,8.8763,4.2766,11.0454,18.6575,-31.3585,-44.2901,-64.2167,2007,135.1198,-0.5086,2026-09-16,[],1.8707,6.5004,12.7053,9.7100,87.7212,1159.0300,49.6,
002181,华安大安全主题混合A,国内权益,2017-08-23,9.0650,1.8065,华安基金,混合型-灵活,,舒灏,2019-08-30,7.0472,0,0.15%,开放申购,9.5332,9.5952,2.2749,16.1134,,11.9930,28.1982,-50.3086,-50.3086,-50.3086,2020,66.2037,0.2261,2026-09-16,['013618'],2.2742,10.8132,11.9930,11.9000,179.2000,179.2000,49.6,
002801,泓德泓信混合,国内权益,2016-06-01,10.2916,3.0953,泓德基金,混合型-灵活,,李子昂,2023-10-26,2.8912,1,0.15%,开放申购,14.0590,16.4683,4.4155,14.7052,10.3307,10.1090,20.7974,-44.4985,-45.1801,-45.1801,2020,77.8214,0.4591,2026-09-16,[],4.4163,10.3307,10.1092,24.1200,,169.4200,49.6,
005777,广发科技动力股票,国内权益,2018-05-31,8.2957,40.6160,广发基金,股票型,,陈韫中,2025-01-03,1.7002,2,0.15%,开放申购,59.8198,29.7293,7.0698,13.9520,,12.1525,32.8317,-57.6965,-65.1600,-65.1600,2019,70.3777,1.1982,2026-09-16,[],7.0693,9.9816,12.1525,40.7100,158.9400,158.9400,49.5,
550002,中信保诚精萃成长混合A,国内权益,2006-11-27,19.8029,9.4004,中信保诚基金,混合型-偏股,,王睿,2015-05-29,11.3018,0,0.15%,开放申购,5.4655,7.0273,-0.8240,13.0265,10.0289,6.8037,21.6738,-47.0743,-47.0743,-81.2099,2007,104.5043,0.1752,2026-09-16,['016254'],-0.8235,9.9250,11.6702,-4.0500,157.6119,789.8000,49.4,
290011,泰信中小盘精选混合,国内权益,2011-10-26,14.8912,12.2653,泰信基金,混合型-偏股,,董季周,2020-05-06,6.3628,0,0.15%,开放申购,10.3448,21.5176,3.3731,17.7586,11.2048,12.5818,40.1975,-63.0269,-66.0627,-66.0627,2020,77.0507,0.1489,2026-09-16,[],3.3727,11.1726,12.5819,18.0400,188.3882,484.0200,49.3,
000778,鹏华先进制造股票,国内权益,2014-11-04,11.8658,3.1522,鹏华基金,股票型,,袁航,2015-12-29,10.7159,0,0.15%,开放申购,-4.2458,4.4391,0.1746,11.9413,8.4876,10.3714,17.7023,-33.6975,-40.2900,-52.7858,2020,70.7951,-0.3179,2026-09-16,[],0.1754,8.3518,10.3714,0.8800,123.0290,222.5000,49.3,
240004,华宝动力组合混合A,国内权益,2005-11-17,20.8296,7.7540,华宝基金,混合型-偏股,,刘自强,2008-03-19,18.4942,0,0.15%,开放申购,-3.2505,10.6366,2.9072,13.6911,7.4530,13.8480,26.4390,-47.2225,-47.2225,-57.4844,2007,126.1982,-0.2404,2026-09-16,['016257'],2.9079,7.3137,13.8480,15.4100,102.5590,1390.1600,49.3,
255010,国联安稳健混合A,国内权益,2003-08-08,23.1075,1.6151,国联安基金,混合型-灵活,,储乐延,2023-07-19,3.1622,1,0.15%,开放申购,-4.6572,4.8760,3.4860,9.7783,7.5399,10.0274,16.0076,-24.6635,-28.2189,-53.9794,2007,79.9649,-0.4122,2026-09-16,['021479'],3.4863,7.9937,10.5277,18.6900,115.7662,910.4300,49.2,
160605,鹏华中国50混合,国内权益,2004-05-12,22.3463,30.9432,鹏华基金,混合型-灵活,,王云鹏,2023-02-11,3.5948,2,0.15%,开放申购,37.9103,15.1837,3.0896,13.7934,9.1662,12.6110,20.5514,-48.1379,-56.2536,-59.2255,2006,152.9295,1.5115,2026-09-16,[],3.0892,8.9918,12.6110,16.4300,136.5583,1321.1500,49.1,
161005,富国天惠成长混合(LOF)A,国内权益,2005-11-16,20.8323,183.9671,富国基金,混合型-偏股,,朱少醒,2005-11-16,20.8323,0,0.15%,限大额,5.5245,4.8714,-1.9414,7.3736,5.9615,5.3777,18.7778,-42.0776,-50.0868,-65.1805,2009,73.8675,0.2014,2026-09-16,"['022645', '003494']",-1.9420,7.3477,15.0294,-9.3400,103.2017,1748.3600,49.0,
470098,汇添富逆向投资混合A,国内权益,2012-03-09,14.5216,7.7671,汇添富基金,混合型-偏股,,董超,2020-09-03,6.0342,0,0.15%,开放申购,14.2629,13.1772,0.4437,12.5722,9.6768,13.1518,20.8460,-46.4286,-46.4286,-53.3638,2020,59.2825,0.6006,2026-09-16,"['015182', '015181']",0.4440,9.5637,13.1517,2.2400,149.2683,501.5100,49.0,
150968,银河研究精选混合A,国内权益,2017-07-27,9.0787,9.8611,银河基金,混合型-偏股,,袁曦,2022-03-17,4.5010,1,0.15%,开放申购,7.5133,6.0073,0.0627,4.2241,,3.4204,11.2647,-25.5566,-25.5566,-25.5566,2020,20.1150,0.4350,2026-09-16,['017759'],0.1356,8.7804,9.7134,0.6800,132.0100,132.0100,49.0,
001974,景顺长城量化新动力股票A,国内权益,2016-07-13,10.1766,4.3932,景顺长城基金,股票型,,黎海威,2016-07-13,10.1766,0,0.15%,开放申购,10.2062,10.5371,-0.1460,9.0761,9.6514,9.4331,16.9291,-37.5443,-39.4044,-39.4044,2020,43.5945,0.3991,2026-09-16,['023188'],-0.1464,9.5419,9.4329,-0.7300,148.7724,150.2600,49.0,
020023,国泰事件驱动策略混合A,国内权益,2011-08-17,15.0828,1.4395,国泰基金,混合型-偏股,,林小聪,2017-08-11,9.0979,0,0.15%,开放申购,12.0203,10.2091,-1.7933,15.9684,12.1323,13.2808,23.1989,-50.7289,-52.4400,-53.1855,2020,94.4008,0.3322,2026-09-16,['015592'],-1.7932,12.0414,13.2808,-8.6500,211.7348,555.8900,48.9,
000136,民生加银策略精选混合A,国内权益,2013-06-07,13.2758,12.0588,民生加银基金,混合型-灵活,,孙伟,2016-07-04,10.2012,0,0.15%,开放申购,17.9128,9.5403,-1.0396,11.7589,8.8444,13.9327,21.3394,-46.4052,-48.0373,-48.0373,2015,104.8644,0.5731,2026-09-16,['009709'],-1.0394,8.7771,13.9327,-5.0900,131.9405,465.0100,48.8,
160610,鹏华动力增长混合(LOF),国内权益,2007-01-09,19.6851,15.6444,鹏华基金,混合型-灵活,,蒋鑫,2021-08-24,5.0623,0,0.15%,开放申购,20.6501,14.4865,2.0289,14.2221,10.0758,8.3737,20.5957,-40.7692,-41.8221,-64.1712,2007,112.7000,0.5251,2026-09-16,[],2.0281,10.0313,8.6147,10.5600,160.1138,408.7100,48.7,
001272,兴业聚利灵活配置混合A,国内权益,2015-05-07,11.3621,1.7629,兴业基金,混合型-灵活,,楼华锋,2024-08-21,2.0698,4,0.15%,开放申购,10.9236,14.6906,5.7723,13.4348,7.8317,10.4806,16.5763,-33.6481,-38.1064,-38.1064,2019,50.9363,0.4015,2026-09-16,['021265'],5.7721,7.7875,10.4807,32.3900,111.6819,210.3300,48.6,
000173,汇添富美丽30混合A,国内权益,2013-06-25,13.2266,13.1821,汇添富基金,混合型-偏股,,王栩,2013-06-25,13.2266,0,0.15%,开放申购,14.0810,11.2307,1.1764,9.2047,7.9849,11.2411,24.0853,-43.2791,-49.7600,-56.9227,2015,55.4878,0.2976,2026-09-16,"['015180', '015179']",1.1760,7.8606,11.2410,6.0200,113.1211,309.1900,48.6,
000592,建信改革红利股票A,国内权益,2014-05-14,12.3422,5.5690,建信基金,股票型,,陶灿,2014-05-14,12.3422,0,0.15%,开放申购,27.1977,15.8178,-2.4918,16.5337,12.2206,15.4030,29.9226,-58.4281,-58.4281,-58.4281,2020,97.2034,0.5401,2026-09-16,['016269'],-2.4911,12.1120,15.4030,-11.8500,213.7045,486.0000,48.6,
001487,宝盈优势产业混合A,国内权益,2015-08-25,11.0609,2.6522,宝盈基金,混合型-灵活,,姚艺,2025-08-02,1.1225,4,0.15%,开放申购,-1.7754,2.4708,-2.2980,16.8578,12.7088,12.3838,22.3179,-39.9048,-39.9048,-39.9048,2021,93.1412,-0.1627,2026-09-16,['012771'],-2.2971,12.5006,12.3837,-10.9700,224.7508,263.7700,48.6,
570001,诺德价值优势混合,国内权益,2007-04-19,19.4114,24.4275,诺德基金,混合型-偏股,,罗世锋,2017-04-05,9.4483,0,0.15%,开放申购,8.2762,10.1822,1.3125,13.6609,12.2721,7.6972,24.0134,-49.7929,-55.5405,-63.4175,2020,127.7016,0.2605,2026-09-16,[],1.3131,12.1625,7.6971,6.7400,215.1217,321.8200,48.6,
005090,嘉合睿金混合发起式A,国内权益,2018-03-21,8.4901,1.4115,嘉合基金,混合型-偏股,,陶棣溦,2024-07-11,2.1821,2,0.15%,开放申购,54.4027,27.6801,5.1256,15.4620,,14.2370,39.4639,-65.0273,-66.5695,-66.5695,2020,67.7386,0.8831,2026-09-16,['005091'],5.1251,11.9640,14.2371,28.3900,209.5870,209.5900,48.6,
481017,工银量化策略混合A,国内权益,2012-04-26,14.3901,1.4927,工银瑞信基金,混合型-偏股,,张乐涛,2022-04-27,4.3888,4,0.15%,开放申购,26.4286,15.8627,0.9437,13.8368,10.7325,12.3397,18.2263,-45.7985,-45.8223,-47.3722,2020,68.5984,1.0677,2026-09-16,['012241'],0.9440,10.6580,12.3397,4.8100,175.3145,433.5600,48.5,
112002,易方达策略成长二号混合,国内权益,2006-08-16,20.0849,19.4922,易方达基金,混合型-偏股,,张琦,2022-04-21,4.4052,1,0.20%,开放申购,31.0321,25.8132,7.4170,11.2518,7.6530,6.0289,28.0236,-52.0237,-52.0237,-74.5266,2025,92.2118,1.7218,2026-09-16,[],10.6279,7.6530,10.9347,65.7000,,703.8400,48.4,
450010,国富策略回报混合A,国内权益,2011-08-02,15.1239,9.0174,国海富兰克林基金,混合型-灵活,,王晓宁,2014-02-21,12.5667,0,0.15%,开放申购,5.6166,9.2936,2.0444,12.3701,8.2760,6.9648,17.5725,-32.7257,-32.7257,-50.8763,2020,52.6860,0.1796,2026-09-16,['018470'],2.0447,8.1812,6.9647,10.6500,119.5423,176.8400,48.4,
005635,博时量化多策略股票A,国内权益,2018-04-03,8.4545,2.3901,博时基金,股票型,,刘玉强,2025-12-17,0.7474,3,0.15%,开放申购,13.8804,14.3028,5.3312,12.5081,,9.9501,18.6799,-30.8756,-32.6245,-32.6245,2025,42.7404,0.4236,2026-09-16,['005636'],5.3306,8.3500,9.9500,29.6500,122.9919,122.9900,48.4,
483003,工银精选平衡混合,国内权益,2006-07-13,20.1780,12.5417,工银瑞信基金,混合型-偏股,,"杨鑫鑫,吕焱",2024-11-08,1.8535,3,0.15%,开放申购,0.1294,4.8265,5.8056,13.2072,7.7221,2.0812,11.8813,-15.3794,-37.3513,-73.9042,2020,63.4453,-0.1938,2026-09-16,[],5.8056,7.6352,7.3729,32.6000,108.7098,320.1400,48.3,
206012,鹏华价值精选股票,国内权益,2012-04-16,14.4175,1.8015,鹏华基金,股票型,,张鹏,2021-08-24,5.0623,0,0.15%,开放申购,15.5942,12.4051,1.1898,18.2947,11.5649,10.0699,21.1713,-45.0120,-47.0000,-50.7509,2020,84.0151,0.5613,2026-09-16,[],1.1894,11.4816,10.0699,6.0900,196.5056,298.8000,48.3,
007549,中泰开阳价值优选混合A,国内权益,2019-09-06,7.0281,18.3246,中泰证券(上海)资管,混合型-灵活,,田瑀,2021-03-23,5.4839,0,0.15%,开放申购,12.2534,5.3158,0.7607,,,12.3338,20.7516,-43.5538,-43.5538,-43.5538,2020,62.8454,0.5598,2026-09-16,['011437'],0.7603,8.5173,12.3338,3.8600,126.4600,126.4600,48.2,
002846,泓德泓华混合,国内权益,2016-12-01,9.7906,2.5665,泓德基金,混合型-灵活,,秦毅,2019-11-11,6.8474,0,0.15%,开放申购,7.1871,8.8472,-0.0843,15.7797,,11.4612,19.8724,-47.6754,-48.0653,-48.0653,2020,99.9092,0.2710,2026-09-16,[],-0.0841,11.2082,11.4611,-0.4200,189.3121,189.3100,48.1,
519033,海富通国策导向混合A,国内权益,2011-11-16,14.8337,2.6110,海富通基金,混合型-偏股,,胡耀文,2022-08-15,4.0876,1,0.15%,开放申购,0.0700,9.2561,1.4318,14.4412,9.0132,10.1266,18.7573,-32.1624,-47.2205,-58.8364,2014,67.8014,-0.1149,2026-09-16,"['019300', '019299']",1.4324,8.9145,10.1266,7.3700,134.8868,318.2300,48.1,
005743,长安裕隆混合A,国内权益,2018-09-03,8.0356,1.4404,长安基金,混合型-灵活,,徐小勇,2018-11-29,7.7974,0,0.15%,开放申购,11.3534,18.4432,-1.7460,16.4257,,16.3473,36.8909,-59.8180,-60.6311,-60.6311,2020,84.7901,0.2086,2026-09-16,['005744'],-1.7459,12.9377,16.3473,-8.4300,237.5900,237.5900,48.1,
005840,富国产业驱动混合A,国内权益,2018-11-14,7.8385,1.1612,富国基金,混合型-偏股,,孟浩之,2023-10-31,2.8775,2,0.15%,开放申购,6.2152,10.0370,-1.8361,,,15.2825,22.9461,-45.8762,-45.8762,-45.8762,2020,87.0656,0.0776,2026-09-16,['018174'],-1.8362,11.7926,15.2825,-8.8500,204.8800,204.8800,48.0,
240017,华宝新兴产业混合,国内权益,2010-12-07,15.7755,4.8739,华宝基金,混合型-偏股,,陈怀逸,2022-12-21,3.7372,2,0.15%,开放申购,42.6046,31.9643,5.3732,15.7531,9.8904,11.4285,27.3657,-52.2720,-56.6721,-61.4298,2020,72.1595,1.1288,2026-09-16,[],5.3728,9.7987,11.4285,29.9100,154.6659,451.3000,48.0,
001345,富国新收益灵活配置混合A,国内权益,2015-05-26,11.3101,3.0821,富国基金,混合型-灵活,,于渤,2020-03-31,6.4613,0,0.15%,开放申购,11.8549,8.3482,2.4769,9.1836,8.3016,7.6602,13.0820,-17.4974,-18.7636,-18.7636,2020,41.1720,0.4688,2026-09-16,['001347'],2.4763,8.2912,7.6600,13.0100,121.7844,130.4300,48.0,
003882,易方达瑞弘混合A,国内权益,2017-01-11,9.6783,1.9744,易方达基金,混合型-灵活,,"罗川,张略钊",2025-07-29,1.1335,5,0.06%,开放申购,7.4985,6.6683,4.2458,9.5139,,8.8151,4.4629,-10.1982,-10.1982,-10.1982,2020,25.7843,1.3544,2026-09-16,['003883'],4.2458,8.5197,8.8151,23.1100,126.5100,126.5100,48.0,
040035,华安逆向策略混合A,国内权益,2012-08-16,14.0835,24.2832,华安基金,混合型-偏股,,万建军,2022-01-26,4.6379,1,0.15%,开放申购,7.7365,5.0162,-3.6220,14.8559,9.5752,16.9385,23.5517,-43.8937,-43.8937,-43.9970,2015,99.2081,0.2290,2026-09-16,['013638'],-3.6209,9.4517,16.9250,-16.8400,146.7311,804.4300,47.9,
161606,融通行业景气混合A,国内权益,2004-04-29,22.3819,17.6548,融通基金,混合型-灵活,,李进,2025-09-06,1.0267,1,0.15%,限大额,65.3697,23.6086,3.9468,14.7322,11.9247,11.3472,30.2521,-54.5041,-64.9564,-66.0550,2007,143.3998,1.2915,2026-09-16,['009277'],3.9871,11.8071,11.3651,21.5900,205.2762,1012.5900,47.9,
001535,景顺长城改革机遇灵活配置A,国内权益,2015-09-01,11.0418,1.7367,景顺长城基金,混合型-灵活,,杨锐文,2022-07-05,4.1999,1,0.15%,限大额,13.7039,15.8136,9.1428,11.7249,7.7104,6.7923,23.6462,-33.6714,-45.9802,-45.9802,2020,43.5305,0.4303,2026-09-16,['007945'],9.1424,7.6995,6.7923,54.8700,109.9593,106.6000,47.8,
001810,中欧潜力价值灵活配置混合A,国内权益,2015-09-30,10.9624,9.7143,中欧基金,混合型-灵活,,付倍佳,2025-09-30,0.9610,4,0.15%,开放申购,4.4440,5.4283,3.5691,8.8900,8.3375,8.8110,20.7508,-30.8291,-30.8291,-30.8291,2025,45.3139,0.1045,2026-09-16,['005764'],3.5699,8.7676,9.2836,19.1700,131.7374,164.6400,47.8,
006603,嘉实互融精选股票A,国内权益,2019-02-28,7.5483,10.5756,嘉实基金,股票型,,郝淼,2022-09-22,3.9836,1,0.15%,开放申购,-17.6620,18.0068,9.4574,,,8.7703,32.6080,-38.7943,-43.3439,-43.3439,2025,69.5740,-0.5661,2026-09-16,['020232'],9.4577,6.5513,8.7703,57.1200,88.6200,88.6200,47.7,
003839,易方达瑞通灵活配置混合A,国内权益,2016-12-07,9.7741,9.5134,易方达基金,混合型-灵活,,罗川,2025-04-09,1.4374,4,0.06%,开放申购,3.5739,5.3351,3.6080,8.6221,,8.4137,4.1307,-9.0324,-9.0324,-9.0324,2020,23.9456,0.6592,2026-09-16,['003840'],3.6081,8.2160,8.4137,19.3900,120.2500,120.2500,47.7,
519908,华夏兴华混合A,国内权益,2013-04-12,13.3388,8.7886,华夏基金,混合型-灵活,,阳琨,2015-06-16,11.2526,0,0.15%,开放申购,8.2423,3.5938,-0.8325,4.1515,2.8174,3.1341,10.5579,-24.3129,-26.9553,-26.9553,2020,20.9562,0.6151,2026-09-16,['960004'],-1.7352,7.5778,10.0930,-8.3800,107.5993,260.6000,47.7,
110025,易方达资源行业混合,国内权益,2011-08-16,15.0856,27.6316,易方达基金,混合型-偏股,,朱运,2025-04-12,1.4292,3,0.15%,开放申购,41.1902,25.7501,4.9241,13.4954,10.3847,6.0334,25.7312,-41.7236,-45.8760,-45.8760,2025,69.8758,1.0840,2026-09-16,[],4.9245,10.2267,6.0334,27.1700,164.7702,142.0000,47.6,
001433,易方达瑞景混合,国内权益,2015-06-30,11.2142,17.3791,易方达基金,混合型-灵活,,杨康,2022-08-06,4.1123,1,0.15%,开放申购,6.4291,5.9297,4.5272,6.8838,7.1055,6.2934,2.5669,-3.0303,-5.3630,-5.3630,2017,17.1198,1.6076,2026-09-16,[],4.5271,7.0841,6.2936,24.7800,98.2663,98.2700,47.5,
002340,富国价值优势混合A,国内权益,2016-04-08,10.4394,8.0085,富国基金,混合型-偏股,,孙彬,2019-06-17,7.2498,0,0.15%,限大额,-6.8684,4.2604,-3.3175,13.2757,11.8255,12.1043,19.6496,-48.3017,-48.3017,-48.3017,2020,83.8079,-0.3909,2026-09-16,['022206'],-3.3169,11.6915,12.1043,-15.5200,202.1357,229.6300,47.3,
001741,广发百发大数据精选混合A,国内权益,2015-09-14,11.0062,3.2993,广发基金,混合型-灵活,,陈韫中,2025-09-16,0.9993,2,0.12%,限大额,93.5477,28.0880,9.4436,12.4677,8.6569,7.5575,23.1936,-36.3539,-43.1748,-43.1748,2025,51.2329,2.0332,2026-09-16,['001742'],9.4438,8.5568,7.5576,57.0200,127.2854,122.9700,47.3,
160813,长盛同盛成长优选(LOF),国内权益,2014-11-05,11.7864,3.3112,长盛基金,混合型-灵活,,郭堃,2020-05-27,6.3053,0,0.15%,开放申购,3.3356,6.0898,0.8728,4.7327,3.4335,2.1496,10.0319,-20.8539,-20.8539,-28.8624,2020,26.0257,0.1689,2026-09-16,[],1.7888,8.8242,5.1283,9.2700,132.9457,80.3000,47.3,
001613,长城久祥混合A,国内权益,2015-11-09,10.8528,2.1836,长城基金,混合型-灵活,,刘疆,2020-06-17,6.2478,0,0.15%,开放申购,66.8176,44.3465,11.0801,12.0510,9.9290,9.2640,41.1581,-60.0376,-65.9500,-65.9500,2025,65.9132,0.9851,2026-09-16,"['017462', '028847']",11.0795,9.9073,9.2640,69.1100,157.1976,161.5700,47.2,
004355,嘉实丰和灵活配置混合A,国内权益,2017-03-20,9.4045,5.6309,嘉实基金,混合型-灵活,,吴悠,2023-02-18,3.5756,1,0.15%,开放申购,4.2577,1.6809,0.2462,3.8244,,19.7364,6.4981,-12.0827,-13.0655,-13.0655,2017,342.8000,0.4075,2026-09-16,['016168'],0.6027,8.5613,9.1275,3.0500,127.3800,127.3800,47.2,
550015,中信保诚至远动力混合A,国内权益,2012-12-12,13.7604,2.5694,中信保诚基金,混合型-偏股,,王睿,2022-09-22,3.9836,3,0.08%,开放申购,15.8313,12.7782,0.8492,15.7606,10.3155,8.5734,22.3240,-47.1026,-47.1026,-47.1026,2020,103.7739,0.4809,2026-09-16,"['550016', '014677']",0.8494,12.2648,10.0561,4.3200,218.0074,273.7900,47.2,
673010,西部利得新动向混合A,国内权益,2011-08-18,15.0801,14.9471,西部利得基金,混合型-灵活,,董伟炜,2024-07-18,2.1629,2,0.15%,限大额,34.7007,27.9155,9.9418,11.7937,7.7107,7.8668,17.6297,-38.5252,-42.7871,-52.1737,2025,48.6661,1.4967,2026-09-16,[],9.2661,7.7107,7.7262,55.7500,,207.1900,47.1,
100060,富国高新技术产业混合,国内权益,2012-06-27,14.2204,16.1291,富国基金,混合型-偏股,,李元博,2015-11-23,10.8145,0,0.15%,开放申购,23.5568,21.7232,-1.6069,14.6664,10.4465,12.9541,27.4758,-63.4062,-67.5597,-67.5597,2020,88.4789,0.5597,2026-09-16,[],-1.6068,11.5580,13.8171,-7.7800,198.5438,529.9300,47.1,
519672,银河蓝筹混合A,国内权益,2010-07-16,16.1697,4.3774,银河基金,混合型-偏股,,袁曦,2016-07-26,10.1410,0,0.15%,开放申购,17.4749,16.9621,-1.6152,14.7253,13.1972,11.4137,29.0585,-57.1206,-57.9573,-57.9573,2019,71.2974,0.4078,2026-09-16,['015669'],-1.6154,13.0686,11.4137,-7.8200,241.5229,474.1000,47.1,
001053,南方创新经济,国内权益,2015-03-24,11.4825,20.7520,南方基金,混合型-灵活,,章晖,2016-03-30,10.4641,0,0.15%,开放申购,27.9285,20.9672,-0.2058,12.5899,11.2614,9.4483,20.6806,-50.2255,-56.8291,-56.8291,2020,88.9398,0.9290,2026-09-16,[],-0.2048,11.1815,9.4483,-1.0200,188.6182,181.9800,47.0,
001279,中海积极增利混合,国内权益,2015-05-20,11.3265,1.2750,中海基金,混合型-灵活,,姚晨曦,2024-06-14,2.2560,2,0.15%,开放申购,50.5894,12.7510,1.9924,19.6482,13.1285,10.3974,31.9547,-49.4600,-49.4600,-49.4600,2019,67.9104,0.9418,2026-09-16,[],1.9930,13.1158,10.3974,10.3700,242.9530,206.6000,46.9,
005225,广发量化多因子混合A,国内权益,2018-03-21,8.4901,28.9346,广发基金,混合型-灵活,,"易威,李育鑫",2023-10-23,2.8994,2,0.15%,开放申购,6.2075,22.0649,4.9897,13.2330,,10.8087,23.0098,-50.2031,-56.6514,-56.6514,2025,55.7926,0.2090,2026-09-16,['025645'],4.9904,9.1047,10.8087,27.5700,139.0200,139.0200,46.9,
005826,华夏潜龙精选股票,国内权益,2018-09-27,7.9699,2.0546,华夏基金,股票型,,徐恒,2024-12-04,1.7823,7,0.15%,开放申购,32.3342,27.5905,3.2612,,,14.4481,27.3873,-56.7441,-59.6346,-59.6346,2020,54.9758,0.8098,2026-09-16,[],3.2604,11.3552,14.4481,17.4000,193.1600,193.1600,46.8,
005421,中欧嘉泽灵活配置混合,国内权益,2018-01-26,8.6379,2.3595,中欧基金,混合型-灵活,,王健,2021-01-20,5.6537,0,0.15%,开放申购,-0.2848,5.0230,0.3581,12.6784,,10.6708,19.4102,-38.2182,-38.2182,-38.2182,2020,62.3149,-0.0972,2026-09-16,[],0.3574,9.1530,10.6709,1.8000,140.0796,140.0800,46.8,
001878,嘉实沪港深精选股票,国内权益,2016-05-27,10.3053,18.3071,嘉实基金,股票型,,张金涛,2019-01-10,7.6824,0,0.15%,开放申购,-19.5705,7.0272,0.8390,7.6136,7.9272,8.9870,20.3935,-32.6724,-42.1696,-42.1696,2017,51.6942,-1.0487,2026-09-16,[],0.8398,7.7665,8.9871,4.2700,111.2697,142.7500,46.8,
004986,鹏华策略回报混合,国内权益,2017-09-06,9.0267,2.4295,鹏华基金,混合型-灵活,,张鹏,2021-09-17,4.9966,1,0.15%,开放申购,13.7147,12.4074,1.1878,12.5338,,10.8932,20.5135,-43.9827,-55.2514,-55.2514,2020,85.4678,0.4830,2026-09-16,[],1.1875,9.7828,10.8933,6.0800,154.2976,154.3000,46.7,
163402,兴全趋势投资混合(LOF),国内权益,2005-11-03,20.8679,149.4645,兴证全球基金,混合型-灵活,,"杨世进,谢长雁",2025-09-01,1.0404,6,0.15%,开放申购,27.1191,12.3424,0.7283,9.2220,8.2965,8.9118,20.5847,-44.1240,-48.0326,-78.4671,2006,156.8741,0.9128,2026-09-16,[],0.7293,8.2295,16.9052,3.7000,120.5243,2503.4600,46.7,
001541,汇添富民营新动力股票,国内权益,2015-08-07,11.1102,5.4395,汇添富基金,股票型,,卞正,2022-02-22,4.5640,2,0.15%,开放申购,13.3367,15.7524,5.5376,14.8218,9.4591,7.6534,24.5554,-44.2857,-44.2857,-44.2857,2019,63.6637,0.4302,2026-09-16,[],5.5378,9.3879,7.6534,30.9300,145.2973,126.9000,46.7,
163412,兴全轻资产混合(LOF),国内权益,2012-04-05,14.4476,31.6886,兴证全球基金,混合型-偏股,,程剑,2026-01-20,0.6543,2,0.15%,开放申购,37.0945,11.2305,1.6325,10.1168,8.9286,16.1334,22.6293,-46.7097,-46.7097,-46.7097,2015,107.2438,1.0921,2026-09-16,[],1.6319,8.8097,16.1334,8.4300,132.6348,767.9100,46.6,
519035,富国天博创新主题混合,国内权益,2007-04-27,19.3155,18.6439,富国基金,混合型-偏股,,毕天宇,2007-04-27,19.3895,0,0.15%,开放申购,12.1088,8.3119,0.4763,13.2343,10.0988,7.7048,24.8951,-45.6487,-48.0841,-60.0449,2019,78.0337,0.2791,2026-09-16,[],0.4755,10.0080,7.9585,2.4000,159.5634,338.9100,46.6,
001714,工银文体产业股票A,国内权益,2015-12-30,10.7132,22.6064,工银瑞信基金,股票型,,修世宇,2022-11-18,3.8275,1,0.15%,开放申购,-19.0782,0.8059,-3.9936,11.2629,10.4352,11.2562,16.8154,-38.6503,-39.3939,-39.3939,2020,75.0794,-1.3600,2026-09-16,['010687'],-3.9946,10.2750,11.2562,-18.4400,165.9311,213.5300,46.5,
000967,华泰柏瑞创新动力混合,国内权益,2015-02-06,11.6085,1.4319,华泰柏瑞基金,混合型-灵活,,吴邦栋,2023-06-09,3.2717,1,0.15%,限大额,1.4575,8.4981,-1.8480,12.1113,11.4087,10.5440,19.7675,-38.1986,-38.9930,-50.2924,2020,66.7220,-0.0224,2026-09-16,[],-1.8470,11.2966,10.5441,-8.9000,191.6211,220.1700,46.4,
000541,华商创新成长混合发起式A,国内权益,2014-03-18,12.4983,37.7727,华商基金,混合型-灵活,,厉骞,2025-01-07,1.6893,4,0.15%,开放申购,54.4070,27.3116,2.6454,21.1717,10.7843,14.0719,24.6577,-59.6618,-59.6618,-70.1205,2020,98.8927,1.4423,2026-09-16,['024020'],2.6462,10.7198,14.0720,13.9500,176.8561,418.3700,46.4,
000916,前海开源股息率100强股票A,国内权益,2015-01-13,11.6742,1.3432,前海开源基金,股票型,,刘宏,2021-04-22,5.4018,0,0.15%,开放申购,0.0636,3.5712,1.8650,10.1771,7.9333,9.1123,14.6858,-17.9889,-27.3713,-27.3713,2015,35.4000,-0.1066,2026-09-16,['021784'],1.8651,7.8417,9.1124,9.6800,112.7491,176.7900,46.4,
005730,国泰江源优势精选混合A,国内权益,2018-03-19,8.4956,9.6507,国泰基金,混合型-灵活,,郑有为,2020-05-07,6.3600,0,0.15%,开放申购,44.7079,15.9878,0.1234,16.4568,,11.9960,21.5134,-49.8482,-52.0221,-52.0221,2020,82.4683,2.1161,2026-09-16,['011325'],0.1237,10.1033,11.9960,0.6200,161.8200,161.8200,46.4,
001562,易方达瑞和灵活配置混合,国内权益,2018-02-02,8.6188,4.6335,易方达基金,混合型-灵活,,计瑾,2025-05-09,1.3552,2,0.06%,开放申购,7.5868,6.1466,4.4228,10.5029,,8.7663,3.3115,-3.1477,-13.8514,-13.8514,2019,51.6376,1.4475,2026-09-16,[],4.4230,7.5112,8.7665,24.1600,106.3179,106.3200,46.1,
002001,华夏回报混合A,国内权益,2003-09-05,23.0308,83.3468,华夏基金,混合型-灵活,,王君正,2023-05-04,3.3703,3,0.15%,限大额,4.1543,3.8657,-0.4868,5.7150,6.2004,10.9382,12.2532,-30.6669,-44.3169,-44.3169,2006,90.0764,0.1949,2026-09-16,['960002'],-0.4867,6.5060,12.9159,-2.4100,87.8189,1540.5500,46.1,
160607,鹏华价值优势混合(LOF),国内权益,2006-07-18,20.1643,15.6268,鹏华基金,混合型-偏股,,张华恩,2021-12-11,4.7639,1,0.15%,开放申购,14.1700,11.2875,0.9614,10.6420,8.2374,5.7637,21.4048,-41.2921,-43.3369,-84.1581,2009,76.3258,0.3896,2026-09-16,[],0.9613,8.1222,11.4995,4.9000,118.3485,797.8900,46.1,
001955,中欧养老产业混合A,国内权益,2016-05-13,10.3436,9.6656,中欧基金,混合型-偏股,,许文星,2023-02-17,3.5784,1,0.15%,开放申购,-7.7858,-2.2000,-0.7246,13.1127,10.2428,10.3753,19.9207,-41.6951,-41.6951,-41.6951,2019,70.6879,-0.5885,2026-09-16,['012778'],-0.7244,10.1381,10.3753,-3.5700,162.6490,177.6200,45.9,
001125,博时互联网主题灵活配置混合,国内权益,2015-04-28,11.3867,5.6890,博时基金,混合型-灵活,,陈伟,2025-11-21,0.8186,1,0.15%,开放申购,26.3125,26.8558,6.8366,17.3228,12.2387,6.3740,26.1229,-50.0000,-50.0000,-56.7358,2019,62.8788,0.6585,2026-09-16,[],6.8370,12.1510,6.3740,39.1900,214.7975,102.1000,45.8,
540007,汇丰晋信中小盘股票,国内权益,2009-12-11,16.7639,9.2498,汇丰晋信基金,股票型,,郑小兵,2023-07-08,3.1923,1,0.15%,开放申购,-18.8559,6.2286,4.3435,13.9080,9.0061,6.1772,25.2254,-38.1015,-38.1015,-58.9066,2020,59.2341,-0.8565,2026-09-16,[],4.3439,8.9294,6.1772,23.6900,135.2069,173.1400,45.8,
070019,嘉实价值优势混合A,国内权益,2010-06-07,16.2765,8.1475,嘉实基金,混合型-偏股,,谭丽,2017-11-14,8.8378,0,0.15%,限大额,5.3244,4.4461,-0.8124,9.3665,9.0477,8.3020,17.5801,-34.2290,-41.9986,-48.6747,2020,57.6774,0.1661,2026-09-16,['016169'],-0.8131,8.9173,8.3019,-4.0000,134.9455,266.2300,45.7,
007271,鹏华养老2045三年持有混合发起式(FOF)A,国内权益,2019-04-22,7.3977,1.0141,鹏华基金,FOF-均衡型,,郑科,2025-03-06,1.5250,3,0.12%,开放申购,7.3249,12.1736,4.1923,,,8.5592,13.9509,-28.1512,-28.1512,-28.1512,2025,31.3442,0.4162,2026-09-14,['017381'],4.1916,,8.5592,22.7900,,83.5900,45.7,
160518,博时睿远,国内权益,2016-04-15,10.4203,1.3078,博时基金,混合型-灵活,,陈伟,2019-10-30,6.8802,0,0.15%,开放申购,3.3671,10.3150,1.1199,14.4089,9.6735,9.3910,19.5972,-41.8919,-41.8919,-41.8919,2020,65.8986,0.0322,2026-09-16,[],1.1206,9.6627,9.3910,5.7300,151.5301,154.8000,45.7,
004010,华泰柏瑞鼎利灵活配置混合A,国内权益,2016-12-22,9.7331,48.1464,华泰柏瑞基金,混合型-灵活,,"郑青,董辰,闫泽君",2024-05-21,2.3217,1,0.10%,限大额,2.6283,3.7556,4.2030,7.6205,,7.2186,3.4087,-4.2273,-4.2273,-4.2273,2021,16.2402,0.4615,2026-09-16,['004011'],4.2035,7.0193,7.2186,22.8600,97.0707,97.0700,45.7,
001692,南方国策动力,国内权益,2015-08-26,11.0582,1.0480,南方基金,股票型,,雷嘉源,2021-06-04,5.2841,0,0.15%,开放申购,6.7982,9.1433,0.4882,14.5398,9.7479,9.7182,19.2060,-38.5246,-38.5246,-38.5246,2019,64.7619,0.2999,2026-09-16,[],0.4892,9.6362,9.7180,2.4700,150.9217,178.8700,45.5,
000751,嘉实新兴产业股票,国内权益,2014-09-17,11.9973,52.7292,嘉实基金,股票型,,"归凯,陈涛",2025-12-23,0.7310,1,0.15%,开放申购,25.5546,10.0003,-1.0646,11.5427,11.8413,13.5315,22.9859,-50.3980,-58.4282,-58.4282,2019,79.1202,0.7026,2026-09-16,[],-1.0644,11.6489,13.5315,-5.2100,200.9849,358.4000,45.4,
165313,建信优势动力混合(LOF),国内权益,2013-03-19,13.4867,6.6891,建信基金,混合型-偏股,,江映德,2024-05-31,2.2943,2,0.15%,开放申购,21.4806,18.7512,2.2353,16.6242,11.4273,11.2391,29.1928,-51.4889,-51.9957,-51.9957,2020,70.7359,0.4242,2026-09-16,[],2.2358,11.3699,10.8341,11.6900,193.5484,300.4000,45.4,
202212,南方平衡配置混合A,国内权益,2011-06-21,15.2389,4.0253,南方基金,混合型-灵活,,万朝辉,2025-04-25,1.3936,2,0.15%,开放申购,29.5440,24.8380,5.8597,14.8599,10.4261,9.8415,23.4992,-50.3589,-51.9884,-51.9884,2020,56.3232,0.7878,2026-09-16,['028921'],5.8598,10.3945,9.8614,32.9400,168.8269,319.2100,45.4,
519008,汇添富优势精选混合,国内权益,2005-08-25,21.0595,25.7111,汇添富基金,混合型-灵活,,王栩,2013-05-10,13.3525,0,0.15%,开放申购,11.4857,7.5904,-1.2848,8.4924,7.4568,14.8708,22.4106,-47.4214,-53.1786,-55.1598,2006,149.6676,0.2793,2026-09-16,[],-1.2846,7.3667,14.8708,-6.2600,103.5622,1753.4800,45.4,
151001,银河稳健混合A,国内权益,2003-08-04,23.1184,7.0537,银河基金,混合型-偏股,,袁曦,2021-03-12,5.5140,0,0.15%,开放申购,16.3606,13.4542,-1.1514,11.8073,9.4138,12.5019,23.6068,-49.1445,-49.8812,-64.9514,2006,130.1095,0.4774,2026-09-16,['028766'],-1.0749,9.4699,14.1968,-5.2600,147.1427,2052.1100,45.1,
450004,国富深化价值混合A,国内权益,2008-07-03,18.2040,15.1218,国海富兰克林基金,混合型-偏股,,刘晓,2018-10-11,7.9316,0,0.15%,开放申购,1.7817,5.8281,-2.5929,13.4645,9.9501,8.0580,18.7654,-35.6005,-36.9341,-66.7586,2020,79.0048,-0.0108,2026-09-16,['017426'],-2.5930,9.8604,8.0580,-12.3100,156.1006,309.9100,45.1,
160105,南方积极配置混合(LOF),国内权益,2004-10-14,21.9220,6.0811,南方基金,混合型-灵活,,张延闽,2021-08-20,5.0732,0,0.15%,开放申购,-6.8254,7.8829,2.7264,7.0232,4.1443,9.3031,18.3757,-30.0312,-33.7692,-55.9319,2006,114.7390,-0.4011,2026-09-16,[],2.7271,5.1260,10.3195,14.4000,64.8545,761.0300,45.0,
002124,广发新兴产业混合A,国内权益,2016-01-29,10.6311,6.0757,广发基金,混合型-灵活,,李巍,2019-06-26,7.2252,0,0.15%,开放申购,9.3836,11.3491,-1.9702,13.0591,10.1973,10.6166,25.3585,-56.1690,-56.2913,-56.2913,2020,78.8749,0.1327,2026-09-16,['010433'],-0.0200,11.1981,11.6463,-0.1000,189.0510,222.5800,44.9,
580008,东吴新产业精选股票A,国内权益,2011-09-28,14.9678,9.4328,东吴基金,股票型,,刘瑞,2018-12-05,7.7810,0,0.15%,开放申购,3.0099,18.0618,2.5583,14.1561,8.7363,9.9950,26.0486,-48.4876,-50.5879,-66.0672,2020,62.7135,-0.0357,2026-09-16,['011470'],2.5578,8.5925,9.9950,13.4600,128.0329,316.1600,44.8,
000928,国联国企改革混合A,国内权益,2014-12-16,11.7509,1.4135,国联基金,混合型-灵活,,郑玲,2023-02-20,3.5702,2,0.15%,开放申购,7.0598,10.2613,2.9231,12.2562,9.6054,7.2234,14.4200,-35.6140,-35.6140,-50.8383,2020,63.9485,0.6013,2026-09-16,['019150'],2.9222,9.5450,7.2234,15.4900,148.8439,126.9500,44.8,
001158,工银新材料新能源股票,国内权益,2015-04-28,11.3867,27.0849,工银瑞信基金,股票型,,张剑峰,2019-08-14,7.0910,0,0.15%,开放申购,21.0292,13.6132,0.6639,15.7058,9.9471,5.8232,21.1106,-42.8122,-43.5233,-63.0791,2020,81.1765,0.7659,2026-09-16,[],0.6631,9.9620,5.8232,3.3600,158.4803,90.5000,44.7,
519019,大成景阳领先混合A,国内权益,2007-12-11,18.6639,6.2543,大成基金,混合型-偏股,,齐炜中,2021-05-19,5.3279,0,0.15%,开放申购,3.9730,8.0291,2.6399,9.9703,8.2576,3.9915,21.4855,-30.7081,-33.5825,-61.0169,2009,76.4444,0.0353,2026-09-16,['017772'],2.6408,8.1887,4.7446,13.9200,119.6935,137.5400,44.7,
002251,华夏军工安全混合A,国内权益,2016-03-22,10.4860,44.7412,华夏基金,混合型-灵活,,万方方,2021-09-16,4.9993,0,0.15%,开放申购,44.6501,17.8501,6.4584,14.1102,8.9326,9.1356,30.5896,-54.7907,-54.7907,-54.7907,2020,86.8730,1.1400,2026-09-16,['013566'],6.4582,8.8307,9.1356,36.7400,133.0848,150.1000,44.7,
000877,华泰柏瑞量化优选混合,国内权益,2014-12-17,11.7481,6.4696,华泰柏瑞基金,混合型-灵活,,"盛豪,竺涵宇",2026-01-12,0.6762,3,0.15%,开放申购,10.1329,12.3465,3.0735,8.8485,8.2400,9.3959,16.8901,-29.0167,-31.3408,-38.6786,2019,37.9278,0.4236,2026-09-16,[],3.0732,8.1209,9.3958,16.3400,118.3223,187.2000,44.6,
162006,长城久富混合(LOF)A,国内权益,2007-02-12,19.5236,13.0915,长城基金,混合型-偏股,,陈良栋,2018-12-28,7.7180,0,0.15%,开放申购,12.3984,11.4222,0.4290,13.2180,10.5636,8.6532,25.6493,-49.2340,-49.2340,-53.7840,2007,81.9400,0.3573,2026-09-16,['015383'],0.4283,10.4772,8.9345,2.1600,170.8475,431.6200,44.3,
001342,易方达新享混合A,国内权益,2015-05-29,11.3018,2.2617,易方达基金,混合型-灵活,,罗川,2025-05-09,1.3552,2,0.06%,开放申购,5.9310,5.8093,4.5301,7.0438,6.6702,9.1686,2.8017,-3.0556,-13.1855,-13.1855,2016,40.2379,1.1256,2026-09-16,['001343'],4.5305,6.6621,9.1682,24.8000,90.5910,169.5000,44.2,
006132,万家智造优势混合A,国内权益,2018-08-28,8.0520,2.2573,万家基金,混合型-偏股,,张希晨,2024-02-08,2.6037,1,0.15%,开放申购,-2.7285,3.3464,-3.6103,15.0766,,14.9736,27.8270,-48.5374,-48.5374,-48.5374,2020,68.2893,-0.1795,2026-09-16,['006133'],-3.6093,11.8907,14.9738,-16.7900,207.5660,207.5700,44.2,
377010,摩根阿尔法混合A,国内权益,2005-10-11,20.9309,12.0529,摩根基金(中国),混合型-偏股,,李博,2015-09-25,10.9760,0,0.15%,开放申购,5.7783,17.0339,2.2515,11.5732,6.7582,11.7585,21.5145,-47.6876,-51.0828,-66.7450,2006,169.4548,0.1826,2026-09-16,['015637'],2.2522,6.6890,11.7527,11.7800,91.0716,923.4900,44.0,
001382,易方达国企改革混合,国内权益,2017-08-23,9.0650,1.3630,易方达基金,混合型-偏股,,郭杰,2017-08-23,9.0650,0,0.15%,开放申购,-8.7675,-1.9344,-0.2580,11.3719,,8.8333,19.6889,-28.9675,-39.4521,-39.4521,2020,84.4063,-0.5815,2026-09-16,[],-0.2573,7.9753,8.8333,-1.2800,115.4000,115.4000,44.0,
519020,国泰金泰灵活配置混合A,国内权益,2012-12-24,13.6263,4.2079,国泰基金,混合型-灵活,,李海,2018-04-27,8.3888,0,0.15%,开放申购,-17.4340,4.7044,3.4784,11.6273,7.4491,6.7240,20.3214,-35.1594,-37.0407,-37.0407,2020,56.1502,-1.0252,2026-09-16,['519022'],3.4776,7.4309,6.7240,18.6400,104.7820,142.7200,44.0,
002288,中银稳进策略混合A,国内权益,2016-01-29,10.6311,1.5253,中银基金,混合型-灵活,,郭昀松,2023-11-17,2.8309,2,0.15%,开放申购,14.4857,18.0656,6.1587,8.6879,7.3808,7.2060,20.8322,-29.6485,-32.5005,-32.5005,2025,58.4765,0.3766,2026-09-16,['016520'],6.1591,7.3704,7.2061,34.8300,103.6318,109.5400,43.9,
210004,金鹰稳健成长混合,国内权益,2010-04-14,16.4244,6.7532,金鹰基金,混合型-偏股,,杨晓斌,2022-05-20,4.3258,2,0.15%,开放申购,25.2690,18.4543,3.5967,14.9505,8.7939,9.7647,24.1075,-49.0040,-49.0040,-54.3083,2015,70.5274,0.6905,2026-09-16,[],3.5959,8.6186,10.6571,19.3200,128.5818,427.6300,43.9,
002851,南方品质优选灵活配置混合A,国内权益,2016-08-01,10.1246,8.5338,南方基金,混合型-灵活,,袁立,2022-12-02,3.7892,2,0.15%,开放申购,6.6813,8.9858,-0.3871,7.9658,9.0232,8.7559,15.5637,-33.7300,-43.2537,-43.2537,2017,51.9724,0.4022,2026-09-16,['013501'],-0.3870,9.0232,8.7559,-1.9200,,133.9200,43.8,
002669,华商万众创新混合A,国内权益,2016-06-28,10.2177,11.4655,华商基金,混合型-灵活,,叶峰,2025-05-27,1.3060,3,0.15%,开放申购,17.3162,19.6478,0.8749,21.8183,12.5075,12.0261,28.5203,-58.6509,-58.6509,-58.6509,2020,113.2146,0.3088,2026-09-16,['016051'],0.8746,12.4846,12.0261,4.4500,224.2886,219.1000,43.7,
001765,前海开源嘉鑫混合A,国内权益,2016-12-26,9.7221,1.1826,前海开源基金,混合型-灵活,,吴国清,2025-04-29,1.3826,2,0.15%,开放申购,-26.9121,13.9425,8.2830,9.6162,,8.6219,26.8869,-42.7846,-42.7846,-42.7846,2025,98.3280,-0.5541,2026-09-16,['001770'],8.2833,8.3726,8.6221,48.8700,123.4565,123.4600,43.7,
540006,汇丰晋信大盘股票A,国内权益,2009-06-24,17.2293,16.7040,汇丰晋信基金,股票型,,闵良超,2023-03-18,3.4990,1,0.15%,开放申购,7.0118,12.2018,0.9764,8.8233,8.3306,10.5981,18.8247,-42.0481,-49.5376,-49.5376,2014,59.8377,0.3498,2026-09-16,"['960000', '019243']",0.9767,8.2436,10.5981,4.9800,120.8117,467.2100,43.6,
002137,诺安利鑫灵活配置混合A,国内权益,2015-12-02,10.7899,11.8022,诺安基金,混合型-灵活,,赵森,2024-06-29,2.2149,4,0.15%,开放申购,5.6522,14.8460,3.8048,10.1618,8.4620,7.8986,19.8389,-38.6528,-39.2455,-39.2455,2025,41.5784,0.2002,2026-09-16,"['026201', '014521']",3.8052,8.4512,7.8986,20.5300,125.0842,127.1100,43.6,
519979,长信内需成长混合A,国内权益,2011-10-20,14.9076,2.6471,长信基金,混合型-偏股,,许望伟,2022-02-25,4.5558,1,0.15%,开放申购,7.6937,4.0726,-1.2209,10.8204,9.0881,11.3260,20.9800,-39.8880,-51.4672,-55.1297,2020,101.3784,0.1922,2026-09-16,"['006397', '015768']",-1.2215,8.9871,11.3261,-5.9600,136.4568,395.0500,43.6,
166009,中欧新动力混合(LOF)A,国内权益,2011-02-10,15.5975,7.7943,中欧基金,混合型-偏股,,王健,2023-02-17,3.5784,1,0.15%,开放申购,-0.4807,5.4030,-0.4424,11.6877,8.6665,11.7428,18.5173,-42.4314,-42.6411,-42.6411,2015,66.2055,-0.1235,2026-09-16,"['001883', '004236']",-0.4419,8.5625,11.7427,-2.1900,127.4033,465.0700,43.5,
006002,工银医药健康股票A,国内权益,2018-07-30,8.1314,13.0295,工银瑞信基金,股票型,,谭冬寒,2019-12-23,6.7324,0,0.15%,开放申购,-5.9649,7.9005,-4.0963,12.7287,,12.4663,27.9996,-55.9684,-62.7475,-62.7475,2020,93.7512,-0.2555,2026-09-16,['006003'],-4.0961,11.2277,13.9810,-18.8700,189.8199,189.8200,43.4,
001651,工银新蓝筹股票A,国内权益,2015-08-06,11.1129,2.6456,工银瑞信基金,股票型,,盛震山,2023-11-23,2.8145,2,0.15%,限大额,-5.4759,4.0987,-1.0325,9.7826,9.4143,8.8725,14.4292,-25.8304,-28.2883,-28.2883,2020,59.8635,-0.4533,2026-09-16,['011476'],-1.0331,9.3206,8.8725,-5.0600,143.7915,157.2000,43.4,
519017,大成积极成长混合A,国内权益,2007-01-16,19.6304,10.3708,大成基金,混合型-偏股,,王磊,2017-06-15,9.2539,0,0.15%,开放申购,10.6303,13.9410,0.4867,13.6194,9.8706,8.9842,22.2478,-50.6545,-50.6545,-62.7781,2007,84.8000,0.3065,2026-09-16,['018461'],0.4872,9.7496,9.5155,2.4600,153.5310,495.5500,43.1,
005732,富国臻选成长灵活配置混合A,国内权益,2018-08-15,8.0876,3.5506,富国基金,混合型-灵活,,易智泉,2020-04-17,6.4148,0,0.12%,开放申购,-3.0277,10.2938,-2.7064,11.4038,,11.2598,21.1594,-40.6753,-41.7152,-41.7152,2020,55.1537,-0.2264,2026-09-16,['021649'],-2.7066,9.0126,11.2598,-12.8200,137.0100,137.0100,43.1,
270002,广发稳健增长混合A,国内权益,2004-07-26,22.1410,75.4501,广发基金,混合型-平衡,,周智硕,2026-03-13,0.5120,2,0.15%,开放申购,-0.5753,1.4433,-0.0878,5.3916,5.4900,12.0240,9.8055,-17.5435,-25.8962,-61.5125,2007,126.8368,-0.1710,2026-09-16,['009326'],-0.0882,5.4919,12.0261,-0.4400,70.6835,1135.8700,43.0,
005109,汇安多策略混合A,国内权益,2017-11-22,8.8159,1.7453,汇安基金,混合型-灵活,,柳预才,2023-06-06,3.2799,1,0.15%,开放申购,10.6426,17.1211,5.6269,12.0695,,9.0013,23.5954,-44.7814,-48.8368,-48.8368,2019,55.1328,0.3820,2026-09-16,['005110'],5.6263,8.1985,9.3495,31.4800,119.8944,119.8900,43.0,
040008,华安策略优选混合A,国内权益,2007-08-02,19.0746,31.9629,华安基金,混合型-偏股,,杨明,2013-10-29,12.8816,0,0.15%,开放申购,12.8674,6.4286,-1.9017,3.7118,4.2698,2.4287,9.8332,-30.1001,-34.2944,-34.2944,2017,21.8685,1.2519,2026-09-16,['013655'],-2.9804,8.3051,4.8597,-14.0400,122.0695,147.2300,42.9,
001256,泓德优选成长混合,国内权益,2015-05-21,11.3238,7.9042,泓德基金,混合型-偏股,,王克玉,2015-11-18,10.8282,0,0.15%,开放申购,4.8477,5.6104,0.4695,9.8709,7.2121,7.0330,19.7740,-39.5587,-40.9992,-40.9992,2020,50.5677,0.2347,2026-09-16,[],0.4696,8.1451,7.9257,2.3700,118.8111,137.1900,42.9,
001723,华商新动力混合A,国内权益,2015-09-17,10.9979,2.3215,华商基金,混合型-偏股,,刘力,2022-05-19,4.3285,1,0.15%,开放申购,97.2737,43.8124,17.0871,16.7321,6.4593,5.6522,29.9141,-44.4035,-54.7459,-56.1338,2026,69.0397,2.1798,2026-09-16,['017927'],17.0869,6.4050,5.6522,120.0600,86.0467,83.0700,42.9,
519013,海富通风格优势混合,国内权益,2006-10-19,19.9097,6.1007,海富通基金,混合型-偏股,,陆怡雯,2023-05-04,3.3703,2,0.15%,开放申购,17.8293,16.9247,4.7240,14.3954,7.8823,6.1825,19.6490,-37.5504,-41.7284,-67.9001,2007,112.5619,0.6303,2026-09-16,[],4.7241,7.8368,6.6857,25.9600,112.6524,262.7300,42.9,
001475,易方达国防军工混合A,国内权益,2015-06-19,11.2444,67.1231,易方达基金,混合型-偏股,,何崇恺,2020-06-06,6.2779,0,0.15%,开放申购,54.7814,14.6149,4.2077,14.9953,9.7715,7.5461,28.1069,-54.3868,-54.3868,-54.3868,2020,92.5700,1.6271,2026-09-16,['015945'],4.2085,9.6979,7.5461,22.8900,152.3385,126.6000,42.8,
169105,东方红睿华沪港深混合(LOF)A,国内权益,2016-08-04,10.1164,18.1207,东方红资产管理,混合型-灵活,,刘锐,2023-05-13,3.3457,2,0.15%,开放申购,20.8957,19.8585,1.4960,8.5978,10.5607,10.4047,20.5950,-53.5726,-62.3367,-62.3367,2017,66.7910,0.8569,2026-09-16,['018949'],1.4965,10.5607,10.4046,7.7100,,172.1900,42.8,
000714,诺安稳健回报混合A,国内权益,2014-09-15,12.0027,17.9991,诺安基金,混合型-灵活,,邓心怡,2023-06-03,3.2882,1,0.08%,开放申购,28.1543,38.5596,11.1943,9.0614,7.6027,8.9053,34.4232,-52.5597,-53.3244,-53.3244,2025,85.6744,0.5386,2026-09-16,"['025328', '002052']",11.1949,7.5866,8.9052,69.9900,107.7702,178.4100,42.8,
002021,华夏回报二号混合,国内权益,2006-08-14,20.0903,35.9816,华夏基金,混合型-平衡,,王君正,2023-05-04,3.3703,3,0.20%,限大额,4.6763,4.0265,-0.4389,5.4743,5.9719,8.9961,12.3601,-31.2152,-44.9035,-44.9035,2007,63.4031,0.2400,2026-09-16,[],-0.4399,6.3537,11.1134,-2.1800,85.1504,730.7300,42.8,
240005,华宝多策略增长A,国内权益,2004-05-11,22.3491,9.2401,华宝基金,混合型-偏股,,丁靖斐,2023-06-02,3.2909,2,0.15%,开放申购,30.3087,12.3786,3.9536,9.3195,6.0927,6.3722,21.9245,-39.8643,-39.8643,-77.7873,2007,136.2310,1.0844,2026-09-16,['015613'],3.9529,5.9991,10.4001,21.3900,79.0697,812.7000,42.7,
005939,工银新能源汽车混合A,国内权益,2018-11-14,7.8385,18.6953,工银瑞信基金,混合型-偏股,,"张姝丽,邢梦醒,高京霞",2025-09-25,0.9747,6,0.15%,开放申购,2.9664,13.6745,-4.1055,,,18.0665,26.8737,-61.6282,-61.6282,-61.6282,2020,100.4984,0.0555,2026-09-16,['005940'],-4.1056,13.9033,18.0665,-18.9100,267.5900,267.5900,42.7,
001224,中邮新思路灵活配置混合A,国内权益,2015-11-11,10.8474,12.0653,中邮基金,混合型-灵活,,宫正,2026-02-26,0.5530,4,0.15%,开放申购,12.9537,12.3635,-1.2435,15.9113,12.2927,11.9185,27.1735,-50.6769,-50.6769,-50.6769,2019,71.9962,0.2226,2026-09-16,['023095'],-1.2425,12.2400,11.9185,-6.0600,217.3059,239.2000,42.7,
005904,华泰保兴成长优选A,国内权益,2018-06-07,8.2765,10.4631,华泰保兴基金,混合型-偏股,,田荣,2022-12-30,3.7125,1,0.15%,开放申购,-3.7184,9.6341,-2.3442,13.0245,,11.8806,21.4693,-45.8363,-45.8363,-45.8363,2020,69.2976,-0.2081,2026-09-16,['005905'],-2.3433,9.7367,11.8804,-11.1800,153.2323,153.2300,42.6,
001534,华宝万物互联混合A,国内权益,2015-06-30,11.2142,1.3665,华宝基金,混合型-灵活,,钟奇,2025-08-16,1.0842,2,0.15%,开放申购,29.3756,31.8461,8.3232,16.8572,12.1938,8.6217,37.2550,-61.5851,-61.5851,-61.5851,2025,72.2667,0.5966,2026-09-16,['016463'],8.3225,12.1378,8.6217,49.1400,214.4279,152.8000,42.6,
217020,招商安达灵活配置混合,国内权益,2011-09-01,15.0418,4.3287,招商基金,混合型-灵活,,王奇玮,2019-03-22,7.4880,0,0.15%,开放申购,31.6271,20.4585,2.0225,12.9175,8.9319,8.7061,31.3033,-57.1432,-57.1432,-57.1432,2020,65.5169,0.6286,2026-09-16,[],2.2229,10.3382,9.9565,11.6200,167.4604,316.9000,42.6,
002210,创金合信量化多因子股票A,国内权益,2016-01-22,10.6502,2.7393,创金合信基金,股票型,,"董梁,黄小虎",2022-07-29,4.1342,2,0.15%,开放申购,9.5537,12.1425,4.2757,13.2990,7.7251,9.0969,23.2501,-40.2234,-40.2234,-40.2234,2025,43.8236,0.2953,2026-09-16,['003865'],4.2763,7.5826,9.0968,23.2900,107.6929,152.7600,42.6,
006429,诺安恒鑫混合A,国内权益,2019-04-30,7.3812,1.1421,诺安基金,混合型-偏股,,刘晓飞,2023-09-16,3.0007,2,0.15%,开放申购,20.2741,22.1719,5.3186,,,10.6169,23.4636,-45.1428,-45.1428,-45.1428,2025,60.8370,0.5760,2026-09-16,['028723'],5.3192,7.7323,10.6169,29.5800,110.6000,110.6000,42.5,
001656,农银中国优势灵活配置混合,国内权益,2017-06-08,9.2731,1.1909,农银汇理基金,混合型-灵活,,廖凌,2023-09-23,2.9815,4,0.15%,开放申购,13.5245,6.9758,1.6415,12.8221,,9.7585,20.7784,-39.7966,-39.7966,-39.7966,2020,84.5245,0.3629,2026-09-16,[],1.6412,9.0181,9.7585,8.4800,137.1300,137.1300,42.5,
001366,金鹰产业整合混合A,国内权益,2015-06-16,11.2526,1.2721,金鹰基金,混合型-灵活,,杨晓斌,2019-03-27,7.4743,0,0.15%,开放申购,23.6118,17.6093,2.6480,16.6947,10.6425,7.0513,23.8111,-49.0330,-49.0330,-49.0330,2020,89.3902,0.6321,2026-09-16,['015640'],2.6480,10.5721,7.0513,13.9600,173.1853,115.2700,42.4,
090016,大成消费主题混合A,国内权益,2011-11-08,14.8556,2.9281,大成基金,混合型-偏股,,齐炜中,2020-02-03,6.6174,0,0.15%,开放申购,-9.0194,3.4823,0.3556,13.1499,8.5373,5.1513,18.8472,-30.7988,-30.7988,-66.2325,2020,78.5921,-0.6122,2026-09-16,['017773'],0.3555,8.4157,6.4096,1.7900,124.3478,151.6600,42.3,
007119,睿远成长价值混合A,国内权益,2019-03-26,7.4771,203.0506,睿远基金,混合型-偏股,,"傅鹏博,朱璘",2020-11-24,5.8097,0,--,开放申购,14.8694,19.1464,2.2764,,,11.2053,25.8818,-53.9856,-56.8838,-56.8838,2025,68.2766,0.2993,2026-09-16,['007120'],2.2760,8.2651,11.2053,11.9100,121.2500,121.2500,42.3,
070032,嘉实优化红利混合A,国内权益,2012-06-26,14.2231,9.9484,嘉实基金,混合型-偏股,,常蓁,2018-10-11,7.9316,0,0.15%,开放申购,-5.4858,-2.1212,-4.0438,5.7897,7.3954,8.5707,16.8869,-40.6996,-53.1117,-53.1117,2020,70.2820,-0.4459,2026-09-16,['012616'],-4.0441,8.3827,10.9327,-18.6500,123.6657,337.4100,42.3,
519120,浦银新兴产业混合A,国内权益,2013-03-25,13.4784,3.7674,浦银基金,混合型-灵活,,李浩玄,2023-03-03,3.5400,1,0.15%,开放申购,8.5301,18.6426,0.6107,15.5458,8.0993,13.0129,19.9532,-43.8387,-46.1401,-56.0302,2015,138.6997,0.4433,2026-09-16,['014061'],0.6105,7.9689,13.0128,3.0900,115.2707,420.0900,42.3,
070003,嘉实稳健混合,国内权益,2003-07-09,23.1896,16.2167,嘉实基金,混合型-偏股,,栾峰,2020-08-08,6.1054,0,0.15%,开放申购,6.3179,7.0775,1.0512,6.5689,5.3398,5.1722,12.8908,-27.5020,-36.0941,-69.6839,2006,98.0360,0.4009,2026-09-16,[],1.0516,5.2965,8.6618,5.3700,67.5483,586.4500,42.2,
000021,华夏优势增长混合,国内权益,2006-11-24,19.8111,75.9028,华夏基金,混合型-偏股,,郑晓辉,2020-07-28,6.1355,0,0.15%,开放申购,21.9278,16.4671,1.8053,12.6742,8.5337,10.7397,25.5100,-52.6083,-52.9073,-53.7486,2007,151.4962,0.4955,2026-09-16,[],1.8056,8.4406,10.7342,9.3600,124.8626,653.8200,42.2,
530006,建信核心精选混合,国内权益,2008-11-25,17.8070,2.6742,建信基金,混合型-偏股,,王东杰,2018-09-12,8.0110,0,0.15%,开放申购,-10.5955,-1.9006,-2.0446,10.8626,6.9864,10.8309,15.1238,-28.7125,-30.4057,-50.7833,2009,74.5541,-0.8561,2026-09-16,[],-2.0439,6.8898,10.8309,-9.8100,94.6977,524.1300,42.2,
000689,前海开源新经济混合A,国内权益,2014-08-20,12.0739,28.9995,前海开源基金,混合型-灵活,,崔宸龙,2021-06-03,5.2868,0,0.15%,开放申购,18.4236,10.1716,-1.1646,16.2927,11.6340,10.4282,28.8894,-56.5538,-56.5538,-56.5538,2021,96.1154,0.4636,2026-09-16,['013157'],-1.1648,11.5432,10.4282,-5.6900,198.1472,231.2400,42.2,
180012,银华富裕主题混合A,国内权益,2006-11-16,19.8330,59.3269,银华基金,混合型-偏股,,焦巍,2018-12-27,7.7207,0,0.15%,开放申购,2.6401,1.1488,-7.4928,7.6210,9.6175,11.6627,18.1037,-47.3776,-56.5822,-60.3291,2007,107.1278,0.1030,2026-09-16,['015233'],-7.4915,9.5304,11.6583,-32.2500,148.5123,790.8900,42.1,
162214,宏利领先中小盘混合,国内权益,2011-01-26,15.6386,2.8922,宏利基金,混合型-偏股,,张岩,2024-04-26,2.3901,2,0.15%,开放申购,116.7116,46.2540,10.9753,15.7409,10.8247,5.7915,36.4528,-59.8886,-68.1416,-75.1724,2026,75.9300,2.0513,2026-09-16,[],10.9755,10.7352,5.7915,68.3200,177.2414,141.2000,42.0,
001496,工银聚焦30股票,国内权益,2015-06-25,11.2279,2.7473,工银瑞信基金,股票型,,胡志利,2023-07-06,3.1978,1,0.15%,开放申购,32.8977,22.5127,4.7008,18.2940,10.1077,7.8617,25.2322,-48.2829,-49.1688,-49.2160,2020,97.7215,0.8231,2026-09-16,[],4.7008,9.9974,7.8617,25.8200,159.3126,133.9000,42.0,
180001,银华优势企业混合,国内权益,2002-11-13,23.8412,7.0609,银华基金,混合型-灵活,,薄官辉,2019-12-23,6.7324,0,0.15%,开放申购,17.2866,8.7198,1.7883,9.3990,4.7897,9.1905,16.4424,-34.8628,-38.8010,-61.5109,2007,99.6890,0.6112,2026-09-16,[],1.8093,4.7201,9.5745,9.3800,58.5983,784.5500,41.9,
040015,华安动态灵活配置混合A,国内权益,2009-12-22,16.7337,6.4969,华安基金,混合型-灵活,,熊哲颖,2026-01-19,0.6571,1,0.15%,开放申购,5.9109,8.8568,-1.3115,16.2000,13.0704,12.4339,23.7547,-54.1402,-54.1402,-54.1402,2019,70.3259,0.2317,2026-09-16,['013619'],-1.3120,12.9267,12.3947,-6.3900,237.2626,606.5900,41.9,
001749,招商中国机遇股票A,国内权益,2018-02-08,8.6023,5.7987,招商基金,股票型,,李华建,2021-06-02,5.2895,0,0.15%,开放申购,43.4259,27.0845,0.1394,16.2482,,12.4218,33.7965,-60.4736,-62.1688,-62.1688,2020,96.0889,0.8110,2026-09-16,['025660'],0.1396,10.5970,12.4218,0.7000,173.8000,173.8000,41.8,
002808,泓德优势领航混合,国内权益,2016-12-21,9.7358,13.7308,泓德基金,混合型-灵活,,王克玉,2016-12-21,9.7358,0,0.15%,开放申购,4.6064,3.1666,-1.4610,9.7452,,7.5807,19.6873,-40.9580,-42.3845,-42.3845,2020,56.7949,0.2133,2026-09-16,[],-0.1585,8.0801,8.3083,-0.7900,117.4992,117.5000,41.7,
000362,国泰聚信价值优势混合A,国内权益,2013-12-17,12.7474,11.7315,国泰基金,混合型-灵活,,程洲,2013-12-17,12.7474,0,0.15%,开放申购,2.8324,7.5028,-3.7653,11.6955,9.0562,13.1026,23.7909,-51.8588,-52.6429,-52.6429,2020,64.6465,0.0137,2026-09-16,['000363'],-3.7650,8.9916,13.1026,-17.4600,136.5537,380.4400,41.7,
000595,嘉实泰和混合,国内权益,2014-04-04,12.3806,29.4049,嘉实基金,混合型-灵活,,归凯,2016-03-10,10.5188,0,0.15%,开放申购,16.5698,7.2313,-2.4998,10.2564,8.3203,12.4157,21.7116,-49.4023,-56.8685,-56.8685,2019,73.8900,0.4991,2026-09-16,[],-2.4999,8.1854,12.4157,-11.8900,119.6281,325.8600,41.7,
003593,国泰景气行业灵活配置混合,国内权益,2017-03-20,9.4921,3.4802,国泰基金,混合型-灵活,,"王阳,陈异",2026-02-03,0.6160,1,0.15%,开放申购,-4.8961,17.9929,-0.3365,10.3130,,8.4384,31.6613,-61.9115,-61.9115,-61.9115,2025,69.7734,0.0604,2026-09-16,[],1.6993,12.3495,13.0515,8.7900,220.4144,220.4100,41.6,
001028,华安物联网主题股票A,国内权益,2015-03-17,11.5017,3.1495,华安基金,股票型,,翁启森,2015-03-17,11.5017,0,0.15%,开放申购,19.4351,18.4742,3.9111,14.7931,8.6461,5.1205,24.8597,-48.1761,-48.1761,-61.3001,2019,66.5399,0.5332,2026-09-16,['016292'],3.9118,8.5207,5.1205,21.1500,126.5306,77.6000,41.6,
003291,信澳健康中国混合A,国内权益,2017-08-18,9.0787,3.4124,信达澳亚基金,混合型-灵活,,李君周,2025-12-30,0.7118,6,0.15%,限大额,-0.9701,2.9184,-0.9370,14.0579,,10.8708,24.4910,-39.7790,-42.2517,-42.2517,2020,93.3552,-0.1200,2026-09-16,['015208'],-0.9374,9.8217,10.8708,-4.6000,155.2000,155.2000,41.6,
519069,汇添富价值精选混合,国内权益,2009-01-23,17.6454,76.6076,汇添富基金,混合型-偏股,,劳杰男,2016-01-13,10.6749,0,0.15%,开放申购,8.2405,9.5314,-2.2160,5.7608,6.4180,12.2815,16.0552,-44.5391,-53.5568,-53.5568,2009,63.6000,0.3215,2026-09-16,[],-2.2161,6.3552,12.2815,-10.6000,85.1764,672.1700,41.4,
519918,华夏兴和混合A,国内权益,2014-05-30,12.2409,7.9504,华夏基金,混合型-灵活,,李彦,2020-06-12,6.2615,0,0.15%,开放申购,-1.2559,1.2535,-2.3181,5.2926,3.6982,3.9964,15.2613,-34.2097,-34.2097,-34.2097,2021,30.7737,-0.1599,2026-09-16,['017766'],-3.9852,8.2925,10.0632,-18.4000,121.8107,223.4000,41.3,
001740,光大中国制造2025灵活配置混合A,国内权益,2015-12-23,10.7324,6.6950,光大保德信基金,混合型-灵活,,崔书田,2022-09-10,4.0164,1,0.15%,开放申购,1.2531,6.9587,-1.2855,11.8863,9.5399,9.0020,26.9158,-49.9193,-49.9193,-49.9193,2020,68.6317,0.1588,2026-09-16,['018501'],-0.2937,10.6202,10.1440,-1.4600,174.3750,182.0600,41.2,
400003,东方精选混合,国内权益,2006-01-11,20.6790,10.6337,东方基金,混合型-灵活,,许文波,2020-03-20,6.4914,0,0.15%,开放申购,14.3172,8.2769,-0.2501,6.9756,1.5163,5.7335,18.9909,-35.9965,-44.3734,-83.8745,2009,95.6179,0.4382,2026-09-16,[],-0.2492,1.3683,11.2183,-1.2400,14.5566,801.3200,41.0,
005630,华安研究精选混合A,国内权益,2018-03-14,8.5092,1.4872,华安基金,混合型-偏股,,万建军,2018-03-14,8.5092,0,0.15%,开放申购,6.4901,5.3014,-5.1634,15.0593,,12.0007,24.4476,-47.6122,-48.4869,-48.4869,2020,87.5066,0.1943,2026-09-16,['013506'],-5.1646,10.0938,11.9645,-23.2900,161.5952,161.6000,40.9,
050004,博时精选混合A,国内权益,2004-06-22,22.2341,25.3194,博时基金,混合型-偏股,,冀楠,2021-05-18,5.3306,0,0.15%,开放申购,39.6030,19.8403,4.7360,7.4831,4.8300,9.1538,24.4526,-46.8576,-52.8750,-59.4702,2007,145.1401,0.9517,2026-09-16,['016751'],4.7357,4.7013,9.7970,26.0300,58.3148,698.9000,40.8,
003715,宝盈消费主题混合,国内权益,2017-01-04,9.6564,2.4789,宝盈基金,混合型-灵活,,张若伦,2025-08-30,1.0459,1,0.15%,开放申购,-4.9782,4.5431,3.9847,11.5416,,7.6861,15.1334,-23.7411,-34.5026,-34.5026,2019,55.5237,-0.4139,2026-09-16,[],3.9854,7.4124,7.6861,21.5800,104.4300,104.4300,40.8,
001717,工银前沿医疗股票A,国内权益,2016-02-03,10.6174,71.0930,工银瑞信基金,股票型,,赵蓓,2022-06-13,4.2601,2,0.15%,开放申购,-9.0323,1.3839,-7.0017,12.4438,11.2872,11.7181,25.2301,-51.1900,-53.9043,-53.9043,2020,99.0610,-0.3748,2026-09-16,['010685'],-7.0024,11.1778,11.7181,-30.4400,188.5231,224.3000,40.8,
000634,富国天盛灵活配置基金,国内权益,2014-04-30,12.3559,6.1803,富国基金,混合型-灵活,,肖威兵,2018-09-27,7.9699,0,0.15%,开放申购,-10.7440,4.9007,-2.6368,9.2049,8.8732,10.2529,24.9224,-49.8584,-53.5842,-53.5842,2020,65.9288,-0.4985,2026-09-16,[],-2.1658,9.6037,10.9724,-10.3700,150.1790,261.9700,40.7,
001156,申万菱信新能源汽车主题灵活配置混合A,国内权益,2015-05-07,11.3621,20.6255,申万菱信基金,混合型-灵活,,娄周鑫,2023-04-10,3.4360,3,0.15%,开放申购,1.4188,13.7908,-2.2773,15.6167,10.6311,8.6033,29.9492,-57.5891,-62.8169,-62.8169,2020,107.1367,0.0173,2026-09-16,['022739'],-2.2774,12.7286,10.4345,-10.8800,231.3926,208.8600,40.7,
040001,华安创新混合,国内权益,2001-09-21,24.9856,29.9923,华安基金,混合型-平衡,,许瀚天,2026-01-19,0.6571,2,0.15%,开放申购,59.6223,23.3831,5.5477,14.7408,9.1945,3.3773,25.8430,-53.5876,-53.5876,-88.9488,2006,110.8104,1.5152,2026-09-16,[],5.5474,9.1062,9.7450,30.9900,139.0534,921.0200,40.6,
006527,富国优质发展混合A,国内权益,2019-01-25,7.6413,1.0456,富国基金,混合型-偏股,,曹文俊,2019-01-25,7.6413,0,0.15%,开放申购,8.9033,3.6678,-2.9287,,,10.9189,18.4738,-38.2816,-38.2816,-38.2816,2020,67.9927,0.2660,2026-09-16,['006528'],-2.9286,8.2406,10.9188,-13.8100,120.7509,120.7500,40.6,
160627,鹏华策略优选灵活配置混合,国内权益,2014-06-10,12.2053,2.3613,鹏华基金,混合型-灵活,,袁航,2016-09-24,9.9767,0,0.15%,开放申购,-9.8349,1.9144,-1.4804,10.2814,7.4977,9.1191,17.3605,-33.0113,-41.4556,-51.6234,2019,67.4721,-0.8314,2026-09-16,[],-1.4812,7.3763,9.1191,-7.1900,103.7433,190.1300,40.6,
000977,长城环保主题混合A,国内权益,2015-04-08,11.4415,5.5856,长城基金,混合型-灵活,,廖瀚博,2018-12-07,7.7755,0,0.15%,开放申购,5.0688,6.0701,-1.0604,15.7084,10.3947,8.4700,23.1150,-47.6692,-47.6692,-47.6692,2020,99.8877,0.1115,2026-09-16,['016061'],-1.0602,10.3131,8.4700,-5.1900,166.8526,153.5100,40.6,
005009,申万菱信行业轮动股票A,国内权益,2017-09-29,8.9637,3.1285,申万菱信基金,股票型,,苗琦,2023-04-10,3.4360,1,0.15%,开放申购,18.7093,17.6405,1.1189,16.6264,,10.2989,26.4667,-46.3741,-48.6788,-48.6788,2020,78.2804,0.4746,2026-09-16,['015157'],1.1187,9.1841,10.2991,5.7200,140.7659,140.7700,40.5,
001173,中欧瑾和灵活配置混合A,国内权益,2015-04-13,11.4278,3.0151,中欧基金,混合型-灵活,,李帅,2021-12-08,4.7721,1,0.15%,开放申购,22.6564,19.8907,7.7524,10.4498,7.5542,7.3176,36.9023,-46.7713,-47.2172,-47.2172,2025,58.1194,0.3705,2026-09-16,"['017288', '001174']",7.7530,7.5343,7.3176,45.2600,106.7620,124.1300,40.4,
000531,东吴阿尔法灵活配置混合A,国内权益,2014-03-19,12.4956,1.3132,东吴基金,混合型-灵活,,徐慢,2024-06-21,2.2368,3,0.15%,开放申购,44.6813,36.1367,6.9559,13.0638,10.8153,9.1714,37.9520,-64.9716,-66.5528,-66.5528,2025,106.2253,0.8589,2026-09-16,['014581'],6.9565,10.7844,9.1714,39.9700,178.4744,199.3600,40.2,
360011,光大动态优选灵活配置混合A,国内权益,2009-10-28,16.8843,1.9364,光大保德信基金,混合型-灵活,,房雷,2019-12-28,6.7187,0,0.15%,开放申购,4.0992,15.6626,2.7932,9.4652,6.1652,6.6151,26.8760,-52.7205,-52.8450,-55.5556,2025,40.4938,0.0621,2026-09-16,['019180'],2.8633,8.6439,10.4071,15.1600,129.1147,432.0800,40.2,
004476,景顺长城沪港深领先科技股票A,国内权益,2017-07-07,9.1937,3.3829,景顺长城基金,股票型,,詹成,2019-08-08,7.1075,0,0.15%,开放申购,19.1161,15.4084,2.2494,12.1535,,9.5755,24.0614,-50.4228,-55.8462,-55.8462,2019,60.6200,0.5647,2026-09-16,['023854'],2.2486,8.7706,9.5755,11.7600,131.8000,131.8000,40.1,
121002,国投瑞银景气行业混合,国内权益,2004-04-29,22.3819,6.2350,国投瑞银基金,混合型-灵活,,"李达夫,吉莉",2022-07-09,4.1889,2,0.15%,开放申购,8.5940,10.5349,-0.8450,10.9766,7.3302,10.3038,15.2771,-39.3174,-39.9117,-54.5094,2006,113.1220,0.3544,2026-09-16,[],-0.8441,7.2558,11.5389,-4.1500,101.4697,1052.1100,39.9,
260103,景顺长城动力平衡混合,国内权益,2003-10-24,22.8966,6.4705,景顺长城基金,混合型-灵活,,刘苏,2016-11-08,9.8535,0,0.15%,开放申购,-7.6299,-2.4456,-2.6323,6.4736,6.3712,9.2036,13.8879,-29.7455,-32.2847,-50.8113,2006,118.5441,-0.8159,2026-09-16,[],-2.4005,6.5187,9.2845,-11.4400,88.0432,663.5900,39.9,
001576,国泰智能装备股票A,国内权益,2017-06-21,9.2375,5.1207,国泰基金,股票型,,王阳,2019-08-15,7.0883,0,0.15%,开放申购,5.9430,5.5498,-0.8867,14.3881,,11.2318,31.6370,-58.0740,-58.0740,-58.0740,2020,92.6357,0.1707,2026-09-16,['011322'],-0.8876,10.3327,11.2320,-4.3600,167.3264,167.3300,39.8,
180010,银华优质增长混合,国内权益,2006-06-09,20.2710,16.6653,银华基金,混合型-偏股,,贲兴振,2017-08-04,9.1170,0,0.15%,开放申购,-9.8192,1.9879,-3.2108,1.5269,-0.2905,1.5358,15.1798,-39.2393,-58.4325,-70.3214,2009,80.4559,-0.1482,2026-09-16,[],-1.2215,4.6768,10.2081,-5.9600,57.9449,617.3200,39.8,
202011,南方优选价值混合A,国内权益,2008-06-18,18.2450,10.0829,南方基金,混合型-偏股,,罗安安,2019-01-25,7.6413,0,0.18%,开放申购,11.7798,11.9822,-0.8873,9.2706,7.4860,10.7196,20.0183,-46.1680,-50.0216,-50.0216,2015,67.4336,0.3518,2026-09-16,"['960020', '006539']",-0.8876,7.4253,11.3606,-4.3600,104.6759,612.2300,39.7,
002358,国投瑞银瑞祥A,国内权益,2016-03-02,10.5407,1.2044,国投瑞银基金,混合型-灵活,,钱瀚,2025-07-08,1.1910,3,0.15%,开放申购,4.1164,6.5639,3.8232,8.5945,7.2520,7.0286,8.3011,-9.4661,-9.4661,-9.4661,2020,22.8278,0.1047,2026-09-16,['011616'],3.8224,7.2520,7.0286,20.6300,101.3976,104.6200,39.7,
003516,国泰融安多策略灵活配置混合A,国内权益,2017-07-03,9.2047,4.3666,国泰基金,混合型-灵活,,林小聪,2020-04-02,6.4559,0,0.15%,开放申购,0.6464,6.3104,-5.2399,14.6231,,12.1804,21.3764,-53.0451,-55.4182,-55.4182,2019,89.5934,-0.0568,2026-09-16,['014960'],-5.2389,11.1596,12.1804,-23.5900,188.0500,188.0500,39.7,
000409,鹏华环保产业股票,国内权益,2014-03-07,12.5284,12.7736,鹏华基金,股票型,,孟昊,2019-07-27,7.1403,0,0.15%,开放申购,10.3198,11.0828,-4.9541,14.8738,11.1866,12.5842,27.6645,-59.8670,-59.8670,-59.8670,2020,111.6244,0.2803,2026-09-16,[],-4.9529,11.1069,12.5842,-22.4300,186.6883,341.5000,39.5,
519066,汇添富蓝筹稳健混合A,国内权益,2008-07-08,18.1903,42.1638,汇添富基金,混合型-灵活,,郑乐凯,2024-04-19,2.4093,4,0.15%,开放申购,10.2123,7.8180,-0.7182,7.6762,7.8275,9.5340,19.2334,-42.4501,-54.1481,-54.1481,2015,61.3091,0.2731,2026-09-16,"['013516', '013515']",-0.7182,7.7561,10.9004,-3.5400,111.0668,556.6700,39.5,
487021,工银优质精选混合A,国内权益,2013-02-07,13.6044,1.3360,工银瑞信基金,混合型-灵活,,胡志利,2017-02-06,9.6071,0,0.12%,开放申购,0.5636,5.2692,-2.3038,11.8694,9.0303,9.3888,19.5212,-43.3333,-43.3333,-43.3333,2020,75.8770,-0.0725,2026-09-16,['018222'],-2.3037,9.0227,9.3888,-11.0000,137.2288,239.0000,39.5,
000270,建信灵活配置混合A,国内权益,2013-09-03,13.0349,1.9410,建信基金,混合型-灵活,,"叶乐天,郭志腾",2024-05-17,2.3326,5,0.12%,限大额,8.4049,22.1602,9.7858,7.2001,6.2610,8.2273,25.9193,-44.0562,-45.8556,-45.8556,2025,60.9625,0.5826,2026-09-16,[],9.7598,6.2610,8.4381,59.3000,,187.4700,39.3,
001712,东方红优势精选混合,国内权益,2015-09-08,11.0226,8.5871,东方红资产管理,混合型-灵活,,刘锐,2026-02-14,0.5859,2,0.15%,开放申购,36.6408,27.5550,4.6552,10.0609,10.4455,9.2217,23.4089,-55.8380,-60.7280,-60.7280,2025,87.4435,1.4434,2026-09-16,[],4.6558,10.3221,9.2217,25.5500,167.0707,164.4000,39.3,
166019,中欧价值智选混合A,国内权益,2013-05-14,13.3415,11.4763,中欧基金,混合型-灵活,,袁维德,2020-05-29,6.2998,0,0.15%,开放申购,-17.9217,4.7992,-2.8343,13.6859,9.2196,13.0552,22.0229,-52.6092,-52.6092,-52.6092,2020,58.7772,-1.1976,2026-09-16,"['001887', '004235']",-2.8342,9.1991,13.0552,-13.3900,141.0964,414.0200,39.3,
040011,华安核心优选混合A,国内权益,2008-10-22,17.9001,3.9683,华安基金,混合型-偏股,,陆秋渊,2025-12-01,0.7912,1,0.15%,开放申购,8.7778,10.0033,-1.1687,12.0051,7.3906,9.4253,22.5679,-49.3044,-49.3044,-49.3044,2020,71.6739,0.2516,2026-09-16,['016293'],-1.1690,11.0759,11.5743,-5.7100,185.8898,610.2300,39.1,
160127,南方新兴消费增长股票(LOF)A,国内权益,2012-03-13,14.5106,4.9833,南方基金,股票型,,郑诗韵,2021-06-18,5.2457,0,0.15%,开放申购,-6.3858,7.7529,-1.8527,-9.9643,-6.8560,-1.2301,19.1429,-42.5810,-88.3851,-88.3851,2019,64.7440,-0.4331,2026-09-16,['160144'],-1.8534,8.6824,9.9317,-8.9300,129.9284,295.1100,39.0,
690005,民生加银内需增长混合,国内权益,2011-01-28,15.6331,1.8340,民生加银基金,混合型-偏股,,尹涛,2024-08-21,2.0698,1,0.15%,开放申购,2.7298,12.8201,-1.3934,11.8899,10.5347,8.6727,19.0513,-40.7985,-49.7723,-53.4610,2019,76.3516,0.0416,2026-09-16,[],-1.3943,10.4450,8.6727,-6.7800,170.0591,267.0100,39.0,
007470,博道叁佰智航股票A,国内权益,2019-06-05,7.2827,5.6489,博道基金,股票型,,刘兆阳,2025-10-15,0.9199,3,0.12%,开放申购,10.5357,13.5573,1.8736,,,10.2524,17.2839,-37.1349,-38.5275,-38.5275,2020,46.2101,0.4098,2026-09-16,['007471'],1.8744,7.3668,10.2522,9.7300,103.5628,103.5600,39.0,
003378,泰康策略优选混合,国内权益,2016-11-28,9.7988,10.8078,泰康基金,混合型-灵活,,宋仁杰,2020-09-22,5.9822,0,0.15%,开放申购,-12.3660,3.5950,-2.5411,10.8454,,7.9981,15.2829,-34.8230,-36.7911,-36.7911,2020,67.5035,-0.8669,2026-09-16,[],-2.5420,8.2237,8.3997,-12.0800,120.4054,120.4100,39.0,
519011,海富通精选混合,国内权益,2003-08-22,23.0691,10.1822,海富通基金,混合型-偏股,,黄峰,2021-07-06,5.1964,0,0.15%,开放申购,17.4690,11.9929,2.9801,8.7684,6.6279,5.0817,26.9795,-48.5311,-51.5187,-84.0515,2006,115.5896,0.3550,2026-09-16,[],2.9809,6.5675,10.7487,15.8200,88.9062,954.0400,38.9,
000061,华夏盛世混合,国内权益,2009-12-11,16.7639,13.8536,华夏基金,混合型-偏股,,连骁,2025-06-25,1.2266,4,0.15%,开放申购,32.1471,22.6693,5.8970,18.1686,7.7724,4.8948,26.3461,-43.6471,-53.3393,-71.3348,2025,58.9121,0.7362,2026-09-16,[],5.8964,7.7316,4.8948,33.1700,110.5860,122.8000,38.9,
121003,国投瑞银核心企业混合,国内权益,2006-04-19,20.4107,11.3172,国投瑞银基金,混合型-偏股,,吉莉,2019-12-28,6.7187,0,0.15%,开放申购,11.6891,11.1456,-0.4994,12.3175,8.2294,8.1027,19.2832,-41.1529,-44.0045,-63.1019,2007,108.4100,0.4118,2026-09-16,[],-0.4990,8.1230,8.1027,-2.4700,118.3637,390.4900,38.8,
001915,宝盈医疗健康沪港深股票A,国内权益,2015-12-02,10.7899,6.3352,宝盈基金,股票型,,姚艺,2021-03-12,5.5140,0,0.15%,开放申购,-17.3605,9.9621,0.2730,12.7542,8.4404,7.0336,29.5286,-39.5748,-49.2955,-49.2955,2019,79.4753,-0.5475,2026-09-16,['020437'],0.2725,8.3355,7.0337,1.3700,122.6942,108.2200,38.8,
206001,鹏华弘泰A,国内权益,2002-05-24,24.3149,5.7053,鹏华基金,混合型-灵活,,杨雅洁,2024-01-11,2.6804,2,0.15%,开放申购,2.1090,2.8248,1.8518,2.1536,2.0957,1.9629,1.1287,-2.7332,-2.7332,-85.8094,2006,118.3837,1.1126,2026-09-16,['001775'],1.8521,2.0888,8.4070,9.6100,22.9643,611.8900,38.5,
519097,新华中小市值优选混合A,国内权益,2011-01-28,15.6331,2.0036,新华基金,混合型-偏股,,王永明,2021-11-11,4.8460,1,0.15%,开放申购,10.4433,10.2698,-0.2331,14.1703,8.4576,10.8285,22.8082,-45.7696,-47.4717,-50.0967,2015,76.3002,0.3012,2026-09-16,['028265'],-0.2331,8.3463,10.8285,-1.1600,122.9164,398.9300,38.5,
420001,天弘精选混合A,国内权益,2005-10-08,20.9391,8.2437,天弘基金,混合型-灵活,,贾腾,2025-04-30,1.3799,5,0.15%,开放申购,5.1742,8.5560,2.8833,10.0912,7.3249,2.0220,14.8183,-31.4675,-35.4323,-81.9249,2006,49.7711,0.2771,2026-09-16,['015459'],2.8829,7.2674,7.0393,15.2700,101.6872,315.5400,38.4,
050001,博时价值增长混合,国内权益,2002-10-09,23.9370,18.3394,博时基金,混合型-偏股,,"王凌霄,曾豪",2022-07-06,4.1971,2,0.18%,开放申购,9.1443,10.6245,0.9814,9.8058,5.4557,8.3627,15.7435,-34.1346,-45.6349,-55.8932,2007,111.7442,0.4088,2026-09-16,[],0.9806,5.3891,8.5369,5.0000,69.0270,610.5800,38.3,
003298,嘉实物流产业股票A,国内权益,2016-12-29,9.7139,1.6901,嘉实基金,股票型,,肖觅,2016-12-29,9.7139,0,0.15%,开放申购,-17.0577,-2.8497,-2.2384,9.5851,,7.8629,17.8823,-30.9297,-30.9297,-30.9297,2019,48.6028,-0.9130,2026-09-16,['003299'],-2.2380,7.6295,7.8629,-10.7000,108.6000,108.6000,38.2,
006266,永赢智能领先混合A,国内权益,2019-03-26,7.4771,4.2138,永赢基金,混合型-偏股,,欧子辰,2024-07-01,2.2094,1,0.15%,开放申购,-15.4188,12.0150,-1.7699,,,13.8968,31.8554,-54.3139,-55.4183,-55.4183,2020,84.3564,-0.4443,2026-09-16,['006269'],-1.7695,10.2184,13.8968,-8.5400,164.5700,164.5700,38.1,
630011,华商主题精选混合,国内权益,2012-05-31,14.2943,2.4459,华商基金,混合型-偏股,,伍文友,2021-12-29,4.7146,2,0.15%,开放申购,22.7381,13.4893,1.5220,14.6095,5.4584,11.4030,23.9042,-42.5560,-52.0999,-71.8328,2013,65.8004,0.6699,2026-09-16,[],1.5229,5.3818,11.4030,7.8500,68.9102,368.1200,38.0,
240020,华宝医药生物混合A,国内权益,2012-02-28,14.5489,4.2050,华宝基金,混合型-偏股,,张金涛,2021-05-07,5.3607,0,0.15%,开放申购,-17.2563,7.6076,-3.6971,11.5916,9.7048,11.2555,28.0122,-48.1740,-50.8578,-50.8578,2020,74.6698,-0.5912,2026-09-16,['019029'],-3.6975,9.6173,11.2554,-17.1700,150.4909,371.9800,38.0,
206002,鹏华精选成长混合A,国内权益,2009-09-09,17.0185,1.6466,鹏华基金,混合型-偏股,,朱睿,2021-12-11,4.7639,1,0.15%,开放申购,-1.5760,6.6117,1.2215,13.2401,8.6561,6.6543,21.5678,-40.9846,-40.9846,-55.3333,2019,68.2037,-0.1595,2026-09-16,['016562'],1.2218,8.5814,6.6543,6.2600,127.8008,199.3300,37.8,
005596,建信战略精选灵活配置混合A,国内权益,2018-04-04,8.4517,1.2041,建信基金,混合型-灵活,,王东杰,2018-04-04,8.4517,0,0.15%,开放申购,-11.0791,-1.2918,-1.5332,11.1504,,8.3920,15.6195,-28.7595,-31.3520,-31.3520,2019,75.4924,-0.8481,2026-09-16,['005597'],-1.5322,7.0480,8.3920,-7.4300,97.6000,97.6000,37.8,
000199,国泰量化策略收益混合A,国内权益,2013-08-12,13.0951,3.2481,国泰基金,混合型-偏股,,"高崇南,贺天元",2022-05-06,4.3641,1,0.12%,开放申购,20.0250,17.3310,3.3596,10.0461,5.4366,6.8415,17.6231,-36.8490,-39.3097,-44.4382,2020,38.6655,0.8730,2026-09-16,['015582'],3.3604,5.3616,8.2247,17.9700,68.5874,181.5200,37.7,
001705,泓德战略转型股票,国内权益,2015-11-10,10.8501,7.7360,泓德基金,股票型,,秦毅,2019-11-11,6.8474,0,0.15%,开放申购,8.1420,8.3234,-0.9419,9.5451,6.7633,7.3766,19.9510,-48.6864,-60.5899,-60.5899,2020,94.5491,0.3125,2026-09-16,[],-0.9416,8.8419,9.3909,-4.6200,133.3253,164.8200,37.7,
001704,国投瑞银进宝灵活配置混合,国内权益,2015-08-26,11.0582,14.4473,国投瑞银基金,混合型-灵活,,施成,2020-11-14,5.8371,0,0.15%,开放申购,8.8287,9.8883,-8.9988,18.3748,12.4887,11.4383,37.0528,-69.8009,-71.5154,-71.5154,2020,87.3821,0.0840,2026-09-16,[],-9.0506,12.6691,11.6098,-37.7700,229.6449,236.9000,37.7,
690001,民生加银品牌蓝筹混合A,国内权益,2009-03-27,17.4730,1.0529,民生加银基金,混合型-灵活,,芮定坤,2021-12-09,4.7693,2,0.15%,开放申购,27.7165,12.2457,0.7306,10.9821,9.6579,8.9023,22.5076,-47.5308,-49.6213,-49.6213,2020,71.9376,0.9066,2026-09-16,['019838'],0.7312,9.5565,8.9023,3.7100,149.1036,343.7600,37.5,
004716,中信保诚量化阿尔法股票A,国内权益,2017-07-12,9.1800,3.6659,中信保诚基金,股票型,,姜鹏,2025-04-10,1.4346,4,0.15%,开放申购,2.2620,8.0803,2.2320,10.0735,,7.7293,16.4134,-28.0707,-31.3235,-31.3235,2020,44.0716,-0.0177,2026-09-16,['011295'],2.2321,7.0736,7.7291,11.6700,98.0723,98.0700,37.5,
410007,华富价值增长混合A,国内权益,2009-07-15,17.1718,1.2734,华富基金,混合型-灵活,,卞美莹,2026-01-26,0.6379,2,0.15%,开放申购,9.3335,9.0261,0.8634,14.5926,10.5456,9.9640,23.6802,-48.0885,-48.0885,-51.2994,2020,64.0156,0.3941,2026-09-16,['020380'],0.8630,10.4825,9.9640,4.3900,170.9784,410.9100,37.4,
001637,嘉实量化精选股票,国内权益,2015-12-07,10.7762,2.1589,嘉实基金,股票型,,龙昌伦,2025-12-27,0.7201,1,0.15%,开放申购,9.4677,10.3767,2.5820,12.8832,8.0264,7.9624,20.8342,-34.0017,-35.3191,-35.3191,2019,44.5828,0.2727,2026-09-16,[],2.5813,7.8942,7.9622,13.5900,113.7868,128.3200,37.1,
660003,农银平衡双利混合,国内权益,2009-04-08,17.4401,3.1474,农银汇理基金,混合型-灵活,,陈富权,2014-04-15,12.4216,0,0.15%,开放申购,0.3373,4.4408,-3.4510,9.5437,8.1289,8.2835,17.2574,-39.8590,-39.8590,-46.0930,2020,70.9947,-0.0676,2026-09-16,[],-3.4500,8.0208,8.5921,-16.1000,116.3084,321.0400,37.0,
004905,华泰柏瑞生物医药混合A,国内权益,2017-08-16,9.0842,3.2708,华泰柏瑞基金,混合型-灵活,,张弘,2024-02-19,2.5736,3,0.15%,开放申购,-19.5676,6.3983,-3.8750,12.3302,,10.8648,27.0590,-44.9761,-49.2264,-49.2264,2020,80.2131,-0.6571,2026-09-16,['010031'],-3.8749,9.8225,10.8648,-17.9300,155.2200,155.2200,36.8,
373020,摩根双核平衡混合A,国内权益,2008-05-21,18.3217,5.2127,摩根基金(中国),混合型-平衡,,陈思郁,2019-07-19,7.1622,0,0.15%,开放申购,26.7041,18.6505,-1.6504,12.5938,9.6966,8.7290,19.2767,-52.4966,-53.4464,-53.4464,2020,60.6051,0.9765,2026-09-16,['015174'],-1.6495,9.6341,9.7642,-7.9800,150.8755,451.2000,36.7,
519668,银河成长混合,国内权益,2008-05-26,18.3080,1.8567,银河基金,混合型-偏股,,祝建辉,2017-04-08,9.4401,0,0.15%,开放申购,20.1608,9.3895,-1.4573,10.4309,7.9651,12.2611,23.2204,-51.3291,-51.4669,-52.7512,2015,76.3285,0.5902,2026-09-16,[],-1.4579,7.8337,12.2611,-7.0800,112.5904,731.0000,36.6,
005742,南方成安优选混合,国内权益,2018-04-19,8.4107,5.4569,南方基金,混合型-灵活,,章晖,2018-04-19,8.4107,0,0.15%,开放申购,16.8017,22.0820,-0.5858,12.3316,,10.2042,21.9766,-53.0079,-59.1409,-59.1409,2020,89.7552,0.4784,2026-09-16,[],-0.5848,8.5154,10.2042,-2.8900,126.4200,126.4200,36.5,
519929,长信电子信息量化灵活配置混合A,国内权益,2016-07-27,10.1383,2.0345,长信基金,混合型-灵活,,"左金保,宋海岸",2023-01-30,3.6277,1,0.15%,开放申购,31.2387,34.6346,9.5113,16.7320,8.1521,7.9510,30.6238,-56.7366,-59.4028,-59.4028,2025,75.2832,0.7053,2026-09-16,['013153'],9.5120,8.1086,7.9510,57.5100,118.0723,117.2000,36.5,
000993,华宝稳健回报混合,国内权益,2015-03-27,11.4743,1.0255,华宝基金,混合型-灵活,,徐欣,2021-11-06,4.8597,1,0.15%,开放申购,10.8092,12.1466,2.1234,11.8895,7.1949,5.4329,19.3862,-33.9039,-41.4670,-51.5129,2020,94.6039,0.3905,2026-09-16,[],2.1238,7.1017,5.4329,11.0800,98.5931,83.5000,36.4,
519224,海富通欣荣混合A,国内权益,2016-09-22,9.9822,1.0036,海富通基金,混合型-灵活,,杜晓海,2020-01-02,6.7050,0,0.08%,开放申购,17.5963,12.1471,1.7022,10.3969,,7.5625,18.6085,-40.9959,-45.7549,-45.7549,2019,50.2770,0.7400,2026-09-16,['519223'],1.7030,7.5485,7.5627,8.8100,107.0352,107.0400,36.4,
000727,融通健康产业灵活配置混合A/B,国内权益,2014-12-25,11.7262,11.0051,融通基金,混合型-灵活,,万民远,2016-09-02,10.0370,0,0.15%,开放申购,-17.2287,-5.4084,-1.7878,12.7823,8.3179,8.0497,25.5201,-45.7868,-45.7868,-59.7627,2019,92.6453,-0.9125,2026-09-16,[],-1.7889,8.1637,8.0497,-8.6300,119.1866,147.9000,36.2,
090003,大成蓝筹稳健混合A,国内权益,2004-06-03,22.2861,14.3453,大成基金,混合型-灵活,,"齐炜中,赵蓬,黄涛",2024-01-03,2.7023,6,0.15%,开放申购,16.1998,12.1349,1.7195,7.3358,6.0531,7.9687,19.8575,-36.9516,-38.9045,-64.1500,2007,125.4824,0.5195,2026-09-16,['019182'],1.7198,5.9836,8.2632,8.9000,78.8086,486.7400,36.1,
370024,摩根核心优选混合A,国内权益,2012-11-28,13.7988,5.8937,摩根基金(中国),混合型-偏股,,倪权生,2022-08-18,4.0794,1,0.15%,开放申购,17.8191,15.2615,-5.3143,13.0715,10.2926,13.8046,21.5214,-56.0158,-58.2026,-58.2026,2020,74.6823,0.6003,2026-09-16,['015057'],-5.3134,10.1944,13.8045,-23.8900,163.9959,495.5700,36.1,
006608,泓德研究优选混合,国内权益,2019-05-27,7.3073,13.4617,泓德基金,混合型-偏股,,王克玉,2025-11-15,0.8350,2,0.15%,开放申购,1.2271,7.2286,0.3629,,,10.3083,20.3100,-41.2523,-44.4779,-44.4779,2020,58.1729,0.0076,2026-09-16,[],0.3633,7.4324,10.3083,1.8300,104.8105,104.8100,36.1,
000824,圆信永丰双利A,国内权益,2014-11-19,11.8248,3.9612,圆信永丰基金,混合型-灵活,,陈臣,2021-11-19,4.8241,2,0.15%,开放申购,12.6482,8.1050,-1.5351,7.2987,6.0390,10.8795,19.0264,-45.4779,-52.8861,-52.8861,2015,71.9729,0.5586,2026-09-16,['000825'],-1.5344,7.0528,12.5710,-7.4400,97.6874,305.6100,36.1,
530003,建信优选成长混合A,国内权益,2006-09-08,20.0219,9.0130,建信基金,混合型-偏股,,姚锦,2012-02-17,14.5791,0,0.15%,开放申购,-10.8174,-4.1958,-4.4958,6.5116,4.3227,8.1482,17.3391,-35.9071,-44.5877,-62.8946,2007,82.6971,-0.8062,2026-09-16,['960028'],-4.4966,4.2921,9.5749,-20.5500,52.2344,523.8700,36.0,
002272,新华科技创新主题灵活配置混合A,国内权益,2016-03-22,10.4860,4.8005,新华基金,混合型-灵活,,王永明,2024-12-31,1.7084,6,0.15%,开放申购,67.6811,32.7146,3.9467,15.5896,10.1332,9.6312,36.1883,-69.4283,-69.5995,-69.5995,2020,77.8373,1.3208,2026-09-16,['028053'],3.9460,10.1112,9.6312,21.3500,162.0080,162.2700,35.9,
530012,建信积极配置混合,国内权益,2011-01-18,15.6605,1.0269,建信基金,混合型-平衡,,姚锦,2014-01-22,12.6489,0,0.15%,开放申购,-8.2320,-2.6974,-2.3946,7.2618,4.7531,8.4218,14.1333,-28.3643,-34.2977,-34.2977,2015,52.2431,-0.7499,2026-09-16,[],-2.3939,4.7782,8.4218,-11.4100,59.4815,254.7700,35.8,
006259,汇添富红利增长混合A,国内权益,2019-04-26,7.3922,5.6091,汇添富基金,混合型-偏股,,"黄耀锋,劳杰男",2019-04-26,7.3922,0,0.15%,开放申购,8.5816,11.5032,-0.9129,,,8.9463,12.8310,-40.0961,-43.1449,-43.1449,2020,55.2093,0.6297,2026-09-16,['006260'],-0.9125,6.5389,8.9463,-4.4800,88.4000,88.4000,35.8,
090009,大成行业轮动混合A,国内权益,2009-09-08,17.0212,1.1286,大成基金,混合型-偏股,,王磊,2023-06-02,3.2909,1,0.15%,开放申购,7.0928,12.3910,0.7559,13.2080,10.5103,7.6701,21.9753,-48.4896,-48.4896,-55.0657,2020,63.8933,0.1820,2026-09-16,['019225'],0.7565,10.3999,7.6701,3.8400,168.9602,251.8000,35.7,
090001,大成价值增长混合A,国内权益,2002-11-11,23.8467,12.8568,大成基金,混合型-灵活,,杨挺,2023-01-15,3.6687,1,0.15%,开放申购,10.8511,3.5800,-1.0011,7.1687,4.4207,10.8221,22.3653,-40.8350,-43.4708,-57.3840,2007,122.0462,0.2019,2026-09-16,['018457'],-1.0019,4.2707,10.9560,-4.9100,51.9221,1093.1600,35.6,
070018,嘉实回报混合,国内权益,2009-08-18,17.0787,3.5765,嘉实基金,混合型-灵活,,常蓁,2015-03-12,11.5154,0,0.15%,开放申购,-8.2639,-2.1183,-4.0845,7.1990,7.1602,4.8416,15.6227,-39.7149,-50.8101,-50.8101,2020,80.4043,-0.6871,2026-09-16,[],-4.0843,8.3610,6.1530,-18.8200,123.2174,177.2600,35.6,
005634,汇安行业龙头混合A,国内权益,2019-08-28,7.0527,1.2558,汇安基金,混合型-偏股,,"邹唯,刘田",2022-05-19,4.3285,1,0.15%,开放申购,23.4793,14.2432,-0.5059,,,13.6424,32.6347,-62.3962,-62.3962,-62.3962,2020,59.0372,1.2146,2026-09-16,['022607'],-0.5051,9.4387,13.6424,-2.5000,146.4400,146.4400,35.5,
005805,华泰柏瑞医疗健康A,国内权益,2018-06-25,8.2272,2.3915,华泰柏瑞基金,混合型-偏股,,张弘,2025-08-15,1.0869,3,0.15%,开放申购,14.2919,8.4808,-2.4559,14.0485,,12.5353,26.6578,-50.6209,-55.0908,-55.0908,2020,91.3950,0.3152,2026-09-16,['011453'],-2.4557,10.2038,12.5353,-11.6900,164.2200,164.2200,35.5,
270021,广发聚瑞混合A,国内权益,2009-06-16,17.2512,12.0768,广发基金,混合型-偏股,,费逸,2017-11-09,8.8515,0,0.15%,开放申购,-10.7325,7.2935,-2.5313,12.7262,9.5225,8.8717,24.4783,-52.1861,-54.0425,-56.9817,2019,85.3777,-0.6348,2026-09-16,['010026'],-2.5309,9.4102,8.8717,-12.0300,145.7969,333.3400,35.4,
000431,鹏华品牌传承混合,国内权益,2014-01-28,12.6324,3.0942,鹏华基金,混合型-灵活,,邱成岳,2024-01-27,2.6366,1,0.15%,开放申购,1.7577,8.7029,-3.6134,13.4421,11.7440,10.4420,23.5461,-52.7661,-52.7661,-52.7661,2020,84.2076,-0.0177,2026-09-16,[],-3.6139,11.7440,10.4419,-16.8100,203.5581,250.6600,35.3,
169101,东方红睿丰混合,国内权益,2014-09-19,11.9918,26.6982,东方红资产管理,混合型-灵活,,刘辉,2023-02-04,3.6140,3,0.15%,开放申购,1.7500,15.6386,-0.0687,6.1020,8.0877,11.9987,27.4691,-56.9747,-64.4452,-64.4452,2025,85.1468,-0.0506,2026-09-16,[],-0.0681,8.0068,12.3770,-0.3400,116.0284,305.2400,35.3,
000584,新华鑫益灵活配置混合C,国内权益,2014-04-16,12.4189,1.0222,新华基金,混合型-灵活,,林翟,2026-01-13,0.6735,8,0.00%,开放申购,-2.2957,1.4254,-4.8439,12.2942,11.1807,13.4566,22.6028,-49.8386,-49.8386,-49.8386,2015,85.1738,-0.2394,2026-09-16,['014150'],-4.8429,11.1140,13.4566,-21.9800,186.8720,379.6500,35.2,
001313,摩根智慧互联股票A,国内权益,2015-06-09,11.2717,9.3063,摩根基金(中国),股票型,,李德辉,2025-05-29,1.3005,1,0.15%,开放申购,39.9744,39.0433,5.1615,16.2813,10.4514,5.6690,34.0477,-63.3153,-65.3562,-65.3562,2025,78.5635,0.9896,2026-09-16,['016919'],5.1611,10.3557,5.6690,28.6100,167.8849,86.1800,35.2,
100020,富国天益价值混合A,国内权益,2004-06-15,22.2533,46.0240,富国基金,混合型-灵活,,唐颐恒,2019-08-12,7.0965,0,0.15%,开放申购,13.1006,5.6558,-5.5275,6.8004,5.2817,9.3566,24.3728,-55.2000,-63.2787,-63.2787,2007,118.8748,0.2855,2026-09-16,['011307'],-5.5284,8.0096,13.9123,-24.7500,116.0841,1715.0300,35.0,
000960,招商医药健康产业股票,国内权益,2015-01-30,11.6277,12.9894,招商基金,股票型,,李佳存,2015-01-30,11.6277,0,0.15%,开放申购,27.5929,12.6755,-2.5069,12.0825,9.8582,8.7250,28.3785,-57.1831,-63.8860,-63.8860,2020,94.2259,0.6702,2026-09-16,[],-2.5065,9.7524,8.7250,-11.9200,153.5954,164.5000,34.9,
020015,国泰区位优势混合A,国内权益,2009-05-27,17.3060,2.1522,国泰基金,混合型-偏股,,智健,2023-04-14,3.4251,2,0.15%,开放申购,-3.3201,6.3466,0.5008,10.7022,8.2619,9.5895,23.8200,-45.8834,-51.4618,-51.4618,2015,62.0145,-0.2533,2026-09-16,['015594'],0.5010,8.1703,9.5895,2.5300,119.3208,387.8000,34.9,
001815,华泰柏瑞激励动力混合A,国内权益,2015-10-28,10.8857,1.1341,华泰柏瑞基金,混合型-灵活,,沈雪峰,2020-07-03,6.2040,0,0.15%,开放申购,8.2918,9.0102,-5.1447,12.1920,11.2463,10.5363,25.3211,-54.3431,-58.9617,-58.9617,2020,97.8422,0.1548,2026-09-16,['002082'],-5.1448,11.1706,10.5361,-23.2100,188.3373,197.5600,34.7,
519015,海富通精选贰号混合,国内权益,2007-04-09,19.4387,4.0087,海富通基金,混合型-偏股,,黄峰,2021-07-06,5.1964,0,0.20%,开放申购,18.0535,12.1195,3.1529,10.3039,7.9003,5.7539,26.8838,-48.1264,-49.8679,-51.3514,2020,53.5495,0.3731,2026-09-16,[],3.1528,7.8360,5.7539,16.7900,112.6366,196.6800,34.5,
660004,农银策略价值混合,国内权益,2009-09-29,16.9637,4.8355,农银汇理基金,混合型-偏股,,陈富权,2015-06-12,11.2635,0,0.15%,开放申购,-0.1405,4.4484,-4.2393,10.1887,8.4665,8.0122,18.6940,-43.6843,-43.6843,-46.6017,2020,81.8808,-0.0834,2026-09-16,[],-4.2384,8.3553,8.0122,-19.4700,123.1020,269.6800,34.5,
519779,交银沪港深价值精选混合,国内权益,2016-11-07,9.8563,1.7109,交银施罗德基金,混合型-灵活,,陈俊华,2016-11-07,9.8563,0,0.15%,开放申购,-10.2069,5.4620,-2.8691,8.1176,,7.8426,17.6247,-39.1247,-41.4809,-41.4809,2020,56.6617,-0.6822,2026-09-16,[],-2.8701,7.7257,7.8426,-13.5500,110.4708,110.4700,34.2,
005041,人保研究精选混合A,国内权益,2018-02-01,8.6215,1.5110,人保资产,混合型-偏股,,吴若宗,2024-08-29,2.0479,4,0.15%,开放申购,43.2604,16.6411,3.2268,11.6618,,9.6502,23.6110,-50.5484,-50.5484,-50.5484,2020,48.6828,1.1729,2026-09-16,['005042'],3.2269,8.2665,9.6502,17.2100,121.2800,121.2800,34.2,
002031,华夏策略混合,国内权益,2008-10-23,17.8973,6.4346,华夏基金,混合型-灵活,,陈伟彦,2024-03-26,2.4750,1,0.15%,开放申购,18.7836,8.5527,-2.3613,8.6435,7.0150,12.4125,19.5065,-43.0697,-43.7327,-43.7327,2009,78.2568,0.6559,2026-09-16,[],-2.3609,6.9585,12.4125,-11.2600,95.9539,711.7900,34.1,
320016,诺安多策略混合A,国内权益,2011-08-09,15.1047,13.8953,诺安基金,混合型-偏股,,孔宪政,2025-11-08,0.8542,3,0.15%,限大额,5.2130,26.9976,8.9017,11.6170,7.5469,8.2468,28.4315,-57.2284,-57.3379,-61.4940,2025,72.7749,0.4495,2026-09-16,[],8.9429,7.5469,8.4792,53.4600,,241.9000,34.1,
001163,银华中国梦30股票,国内权益,2015-04-29,11.3840,2.6826,银华基金,股票型,,薄官辉,2015-04-29,11.3840,0,0.15%,开放申购,8.8291,5.6693,-3.0486,10.0992,8.1880,5.7367,23.1479,-49.0014,-54.1646,-54.1646,2020,88.1196,0.1260,2026-09-16,[],-1.5408,8.9502,6.4557,-7.4700,135.6567,103.8400,34.1,
001112,东方红中国优势混合,国内权益,2015-04-07,11.4442,20.0412,东方红资产管理,混合型-灵活,,郭乃幸,2022-09-17,3.9973,1,0.15%,开放申购,38.7500,12.5719,0.3819,6.5423,8.6909,7.6753,20.4295,-49.2468,-56.5332,-56.5332,2017,58.5014,1.2392,2026-09-16,[],0.3811,8.6161,7.6753,1.9200,128.5294,133.1000,34.0,
006299,恒越核心精选混合A,国内权益,2018-11-15,7.8357,2.5209,恒越基金,混合型-偏股,,吴海宁,2026-02-27,0.5503,2,0.15%,开放申购,9.6920,17.7995,-1.8922,,,13.4924,25.7333,-57.0888,-58.3807,-58.3807,2020,89.7038,0.1320,2026-09-16,['007193'],-1.8923,10.4258,13.4924,-9.1100,169.5900,169.5900,34.0,
121008,国投瑞银成长优选混合,国内权益,2008-01-10,18.6146,4.8677,国投瑞银基金,混合型-偏股,,桑俊,2018-03-24,8.4819,0,0.15%,开放申购,11.8307,7.7580,-2.4611,12.3574,8.2460,1.7719,17.8679,-42.4419,-44.3371,-71.4706,2009,80.0757,0.3946,2026-09-16,[],-2.4601,8.1781,5.7794,-11.7100,119.4787,184.5900,33.9,
000029,富国宏观策略灵活配置混合A,国内权益,2013-04-12,13.4292,2.6679,富国基金,混合型-灵活,,袁宜,2013-04-12,13.4292,0,0.15%,开放申购,8.2566,10.0296,-3.5929,9.6270,9.3697,9.5328,21.1874,-55.7084,-56.1183,-56.1183,2019,50.0339,0.1839,2026-09-16,['013025'],-3.5931,9.2677,10.2066,-16.7200,142.6155,268.8200,33.9,
162208,宏利首选企业股票A,国内权益,2006-12-01,19.7919,5.8592,宏利基金,股票型,,李坤元,2025-04-10,1.4346,3,0.15%,开放申购,6.1187,7.9799,-1.7319,12.0294,7.9905,7.5154,30.0267,-44.1105,-44.1105,-65.1259,2007,97.5731,0.0351,2026-09-16,['017289'],-1.7309,9.5304,8.3404,-8.3600,148.5122,388.1700,33.9,
005738,长城智能产业混合A,国内权益,2018-06-08,8.2738,3.8483,长城基金,混合型-灵活,,赵凤飞,2023-02-10,3.5975,1,0.15%,开放申购,8.9586,10.5793,-1.9555,12.2424,,11.3018,29.1100,-53.4518,-54.6419,-54.6419,2020,81.7341,0.1742,2026-09-16,['019276'],-1.9550,9.2634,11.3018,-9.4000,142.5200,142.5200,33.7,
003032,平安医疗健康混合A,国内权益,2017-11-24,8.8104,17.6119,平安基金,混合型-偏股,,周思聪,2023-11-17,2.8309,3,0.15%,开放申购,-22.1343,12.7785,-0.4010,12.2030,,9.5972,32.6345,-50.1624,-54.9535,-54.9535,2020,85.0837,-0.6365,2026-09-16,['020137'],-0.4012,8.4089,9.5974,-1.9900,124.2076,124.2100,33.7,
004394,华泰柏瑞量化创优混合,国内权益,2017-05-12,9.3470,2.0832,华泰柏瑞基金,混合型-灵活,,笪篁,2025-04-28,1.3854,1,0.15%,开放申购,11.6704,20.5545,2.3231,14.7643,,9.8963,27.1876,-54.5365,-54.8780,-54.8780,2020,69.7378,0.2729,2026-09-16,[],2.3235,9.2213,9.8966,12.1700,141.5858,141.5900,33.6,
690007,民生加银景气行业混合A,国内权益,2011-11-22,14.8172,7.6037,民生加银基金,混合型-偏股,,王亮,2018-11-08,7.8549,0,0.15%,开放申购,15.5071,7.9034,-4.2558,8.3720,8.5113,10.0011,15.9071,-49.6249,-56.3961,-56.3961,2020,66.1340,0.9361,2026-09-16,['009720'],-4.2550,8.4636,10.0011,-19.5400,125.3403,310.5700,33.6,
519772,交银新生活力灵活配置混合A,国内权益,2016-11-11,9.8453,25.2162,交银施罗德基金,混合型-灵活,,杨浩,2022-09-08,4.0219,1,0.15%,开放申购,-12.1944,-0.0669,-3.8942,5.6895,,8.0376,19.4970,-38.8008,-54.1796,-54.1796,2020,60.1173,-0.7167,2026-09-16,['018783'],-3.8936,7.9085,8.0376,-18.0100,114.0700,114.0700,33.5,
519975,长信量化中小盘股票A,国内权益,2015-02-04,11.6140,2.4682,长信基金,股票型,,左金保,2015-03-13,11.5127,0,0.15%,开放申购,4.5927,13.3662,1.0573,13.5127,6.0393,8.6687,23.7992,-47.4931,-48.4307,-51.0626,2020,44.1753,0.0518,2026-09-16,['023752'],1.0574,5.9454,8.6686,5.4000,78.1642,162.6100,33.5,
000471,富国城镇发展股票,国内权益,2014-01-28,12.6324,4.0907,富国基金,股票型,,蒲世林,2019-01-14,7.6715,0,0.15%,开放申购,-4.4781,1.1227,-2.0031,9.5895,1.6160,8.6552,16.1525,-34.6953,-54.2348,-64.7734,2015,106.8067,-0.3496,2026-09-16,[],-2.0026,1.5079,8.6552,-9.6200,16.1449,185.3700,33.5,
000612,华宝生态中国混合A,国内权益,2014-06-13,12.2601,5.1659,华宝基金,混合型-偏股,,夏林锋,2018-07-02,8.2081,0,0.15%,开放申购,-3.7369,-0.5292,-2.3820,11.9606,7.4416,11.6560,25.7464,-51.9481,-51.9481,-52.5913,2015,72.0332,-0.1973,2026-09-16,['016462'],-2.3829,7.3227,12.3044,-11.3600,102.7282,314.8300,33.4,
004119,广发创新驱动灵活配置混合,国内权益,2017-06-09,9.2704,1.1348,广发基金,混合型-灵活,,杨定光,2020-08-13,6.0917,0,0.15%,开放申购,9.0674,7.2986,-0.5972,11.5659,,8.3601,18.9565,-42.4434,-44.2838,-44.2838,2019,62.0647,0.5391,2026-09-16,[],-0.5971,7.7272,8.3601,-2.9500,110.5000,110.5000,33.3,
217010,招商大盘蓝筹混合,国内权益,2008-06-19,18.2423,3.8479,招商基金,混合型-偏股,,郭锐,2016-12-31,9.7084,0,0.15%,开放申购,4.1790,5.6469,-2.5903,10.7125,6.7203,7.8215,18.5052,-39.7032,-48.7786,-50.5173,2020,79.4484,0.1640,2026-09-16,[],-2.5908,6.6048,8.5808,-12.3000,89.5693,348.9700,33.3,
168601,汇安裕阳三年持有期混合,国内权益,2018-09-27,7.9699,1.5703,汇安基金,混合型-偏股,,邹唯,2018-09-27,7.9699,0,0.15%,开放申购,9.7811,6.8871,-3.1747,,,10.3484,29.9062,-48.6290,-48.6290,-48.6290,2020,61.6038,0.7034,2026-09-16,[],-4.2407,8.3694,10.6109,-19.4800,123.3925,123.3900,33.3,
360006,光大新增长混合A,国内权益,2006-09-14,20.0055,7.3961,光大保德信基金,混合型-偏股,,崔书田,2022-09-10,4.0164,2,0.15%,开放申购,1.0583,4.4711,-5.5088,7.6916,6.2933,5.4893,24.7257,-54.4601,-57.1906,-74.8076,2009,82.8140,0.0089,2026-09-16,['018005'],-2.2511,9.1185,10.9171,-10.7600,139.3227,694.7300,33.2,
501051,圆信永丰汇利混合(LOF),国内权益,2017-11-30,8.7940,1.4333,圆信永丰基金,混合型-偏股,,邹维,2021-11-19,4.8241,1,0.15%,开放申购,6.0564,10.4737,0.4445,12.0902,,8.5719,18.8254,-43.2138,-47.1367,-47.1367,2019,51.4779,0.2912,2026-09-16,[],0.4440,7.5004,8.5719,2.2400,106.1100,106.1100,33.2,
005739,富国转型机遇混合,国内权益,2018-04-25,8.3943,1.7581,富国基金,混合型-偏股,,曹文俊,2018-04-25,8.3943,0,0.15%,开放申购,13.2117,4.3435,-3.0634,11.4746,,8.7899,18.1990,-39.8051,-39.8051,-39.8051,2020,67.6348,0.4679,2026-09-16,[],-3.0641,7.3280,8.7899,-14.4100,102.8300,102.8300,33.1,
001605,国富沪港深成长精选股票A,国内权益,2016-01-20,10.6557,6.9104,国海富兰克林基金,股票型,,徐成,2017-10-21,8.9035,0,0.15%,开放申购,14.8216,16.3373,-1.8135,11.3495,9.4114,8.4969,19.9292,-54.9607,-60.5740,-60.5740,2020,64.3603,0.6463,2026-09-16,['017946'],-1.8125,9.3104,8.4969,-8.7400,143.5649,138.4500,33.0,
450003,国富潜力组合混合A,国内权益,2007-03-22,19.4880,12.8613,国海富兰克林基金,混合型-偏股,,徐荔蓉,2014-02-21,12.5667,0,0.15%,开放申购,2.1838,2.0395,-3.5306,10.2112,8.1426,7.8820,20.9509,-47.4012,-50.7893,-54.8102,2007,76.7900,0.0520,2026-09-16,['960021'],-3.5307,8.0033,7.9315,-16.4500,115.9578,342.5800,33.0,
003834,华夏能源革新股票A,国内权益,2017-06-07,9.2758,64.7588,华夏基金,股票型,,杨宇,2024-07-12,2.1793,1,0.15%,开放申购,-9.7980,1.0416,-8.0644,15.9145,,11.2086,25.9433,-56.0563,-56.5661,-56.5661,2020,117.1084,-0.3712,2026-09-16,['013188'],-8.0638,10.3563,11.2086,-34.3200,167.9000,167.9000,32.9,
001933,华商新兴活力混合,国内权益,2016-02-25,10.5572,1.5020,华商基金,混合型-灵活,,高兵,2019-08-29,7.0500,0,0.15%,开放申购,44.3072,10.9006,-0.8347,15.2376,10.1493,9.8149,36.1006,-67.1890,-67.1890,-67.1890,2020,69.6999,0.8209,2026-09-16,[],-0.8338,10.1063,9.8149,-4.1000,161.8908,168.7000,32.8,
005311,万家经济新动能混合A,国内权益,2018-02-07,8.6051,4.5284,万家基金,混合型-偏股,,黄兴亮,2019-10-30,6.8802,0,0.15%,开放申购,4.0953,16.1475,0.1030,10.9538,,10.1510,31.7702,-62.0846,-65.5217,-65.5217,2025,58.5619,0.0079,2026-09-16,['005312'],0.1038,8.6754,10.1510,0.5200,129.7800,129.7800,32.8,
006796,富国消费升级混合A,国内权益,2019-02-20,7.5702,1.1187,富国基金,混合型-偏股,,武明戈,2025-06-26,1.2238,5,0.15%,开放申购,-10.1816,7.5623,-0.8116,,,10.1403,20.5003,-40.4396,-51.0046,-51.0046,2020,85.5304,-0.5134,2026-09-16,['011567'],-0.8110,7.5856,10.1403,-3.9900,107.7500,107.7500,32.7,
288002,华夏收入混合,国内权益,2005-11-17,20.8296,14.1490,华夏基金,混合型-偏股,,林晶,2025-06-25,1.2266,1,0.15%,开放申购,7.2830,5.7952,-2.4920,7.3004,4.6698,13.7203,19.9735,-44.6068,-45.2777,-54.2885,2007,144.4560,0.3710,2026-09-16,[],-2.4911,4.5922,14.2318,-11.8500,56.6726,1498.3700,32.7,
005075,富国研究量化精选混合A,国内权益,2017-11-24,8.8104,2.6787,富国基金,混合型-偏股,,于鹏,2017-11-24,8.8104,0,0.15%,开放申购,15.9896,10.4468,-2.3592,13.8542,,9.4971,23.6390,-50.3503,-51.5535,-51.5535,2020,83.5766,0.4619,2026-09-16,['018176'],-2.3587,8.3217,9.4971,-11.2500,122.4100,122.4100,32.5,
000729,建信中小盘先锋股票A,国内权益,2014-08-20,12.0739,3.4096,建信基金,股票型,,张湘龙,2025-01-22,1.6482,2,0.15%,开放申购,-5.4414,0.9983,-2.7917,14.1925,8.5899,10.6833,22.0038,-45.6790,-45.6790,-53.1792,2015,79.8762,-0.3365,2026-09-16,['013919'],-2.7916,8.4743,10.6833,-13.2000,125.5629,240.6000,32.5,
217001,招商安泰偏股混合,国内权益,2003-04-28,23.3867,3.9139,招商基金,混合型-偏股,,"张西林,李正伟",2023-04-12,3.4305,1,0.15%,开放申购,14.6685,10.5113,-0.5196,8.5928,5.8719,5.7566,21.0312,-43.4970,-47.1701,-83.4401,2006,106.8033,0.4052,2026-09-16,[],-0.5194,5.7300,10.4980,-2.5700,74.5743,932.5600,32.4,
001822,华商智能生活灵活配置混合A,国内权益,2015-11-13,10.8419,3.8496,华商基金,混合型-灵活,,高兵,2020-04-14,6.4230,0,0.15%,开放申购,43.8809,10.4132,-2.0107,16.0204,11.0630,9.2518,36.0300,-69.5743,-69.5743,-69.5743,2020,73.3711,0.8096,2026-09-16,['015385'],-2.0113,10.9783,9.2518,-9.6600,183.3876,161.0000,32.4,
213008,宝盈资源优选混合,国内权益,2008-04-15,18.2259,17.9177,宝盈基金,混合型-偏股,,赵国进,2022-02-19,4.5722,1,0.15%,开放申购,38.7882,25.4730,5.6551,12.6948,4.5849,7.6239,31.0079,-59.3458,-62.3144,-75.1867,2025,93.3724,1.0660,2026-09-16,[],6.1638,4.7784,8.6438,34.8600,59.4840,353.1300,32.4,
163417,兴全合宜混合(LOF)A,国内权益,2018-01-23,8.6461,123.2405,兴证全球基金,混合型-灵活,,"谢治宇,薛怡然",2025-03-07,1.5277,3,0.15%,开放申购,0.2948,13.2993,1.9670,11.1814,,8.3939,24.6260,-47.3551,-52.1317,-52.1317,2020,69.2494,-0.0804,2026-09-16,['005491'],1.9671,7.2175,8.3939,10.2300,100.7500,100.7500,32.3,
001236,博时丝路主题股票A,国内权益,2015-05-22,11.3210,4.2451,博时基金,股票型,,王晗,2024-12-20,1.7385,2,0.15%,开放申购,-10.5118,3.7111,-3.9474,11.7164,9.4891,6.0332,22.1356,-38.0165,-38.0933,-48.0769,2020,73.8302,-0.4574,2026-09-16,['002556'],-3.9476,9.3367,6.0332,-18.2400,144.1509,94.1000,32.2,
000831,工银医疗保健股票,国内权益,2014-11-18,11.8275,21.9458,工银瑞信基金,股票型,,"赵蓓,丁洋",2023-05-05,3.3676,2,0.15%,开放申购,2.3703,5.8218,-4.6212,11.5506,9.3871,10.3224,25.1091,-52.4136,-55.3409,-56.9544,2020,77.6119,-0.0151,2026-09-16,[],-4.6220,9.3369,10.3224,-21.0700,144.1558,219.6000,32.0,
001471,融通新能源灵活配置混合A,国内权益,2015-06-29,11.2170,5.5521,融通基金,混合型-灵活,,任涛,2022-12-16,3.7509,1,0.15%,开放申购,-4.9671,15.2443,-3.3794,13.9868,10.9043,9.9363,29.5731,-58.5840,-58.5840,-58.5840,2025,80.5780,-0.1853,2026-09-16,['014948'],-3.3787,10.7970,9.9364,-15.7900,178.7918,189.3900,31.9,
020005,国泰金马稳健混合A,国内权益,2004-06-18,22.2450,8.1424,国泰基金,混合型-灵活,,谢泓材,2024-02-21,2.5681,2,0.15%,开放申购,-23.6226,-2.7632,-4.9366,6.0810,5.7754,2.4104,26.3325,-41.8044,-54.1010,-89.9700,2006,125.3055,-0.3270,2026-09-16,['015589'],-2.1549,7.2877,9.6912,-10.3200,102.0682,682.7500,31.8,
002345,华夏高端制造混合A,国内权益,2016-05-11,10.3491,14.1364,华夏基金,混合型-灵活,,吴昊,2020-06-12,6.2615,0,0.15%,开放申购,45.4545,26.4979,2.6420,16.7357,8.0097,7.8020,35.9315,-59.3438,-61.1187,-61.1187,2020,86.7456,0.8983,2026-09-16,['015058'],2.6426,7.9137,7.8020,13.9300,114.1732,117.6000,31.8,
001980,中欧量化驱动混合A,国内权益,2018-05-16,8.3368,8.0611,中欧基金,混合型-偏股,,曲径,2021-09-30,4.9610,1,0.15%,开放申购,9.1206,12.5343,-0.1291,10.5855,,8.4107,18.8942,-44.6191,-45.2599,-45.2599,2019,33.4134,0.3084,2026-09-16,['020875'],-0.1283,6.9643,8.4107,-0.6400,96.0592,96.0600,31.6,
000336,农银研究精选混合,国内权益,2013-11-05,12.8624,17.4623,农银汇理基金,混合型-灵活,,陈富权,2024-09-20,1.9877,4,0.15%,限大额,-0.1271,0.9800,-6.1448,16.0370,9.6217,10.6924,21.4459,-50.9163,-50.9163,-65.4854,2020,149.9183,-0.0817,2026-09-16,[],-6.1440,9.5159,10.6924,-27.1700,148.1825,269.3700,31.6,
590006,中邮中小盘灵活配置混合A,国内权益,2011-05-10,15.3539,2.0649,中邮基金,混合型-灵活,,曹思,2021-03-01,5.5441,0,0.15%,开放申购,0.2865,12.4910,1.0768,12.1445,7.3316,9.3566,26.3583,-49.0359,-49.0359,-52.7840,2015,57.3607,-0.0368,2026-09-16,['023175'],1.0766,7.2001,9.3566,5.5000,100.4254,294.8400,31.6,
040016,华安行业轮动混合,国内权益,2010-05-11,16.3504,2.9828,华安基金,混合型-偏股,,文康,2025-11-10,0.8487,2,0.15%,开放申购,14.1609,9.5048,-1.4469,10.8913,8.4637,9.3837,19.3329,-43.6349,-52.4058,-52.4058,2020,75.6175,0.5388,2026-09-16,[],-1.4473,8.3767,9.3744,-7.0300,123.5412,332.8000,31.6,
006250,摩根动力精选混合A,国内权益,2019-01-29,7.6304,4.6261,摩根基金(中国),混合型-偏股,,赵隆隆,2025-05-29,1.3005,2,0.15%,开放申购,-4.2411,9.9936,-5.6981,,,14.3481,32.9640,-65.3202,-65.3202,-65.3202,2020,107.7626,-0.1473,2026-09-16,['013137'],-5.6972,10.7723,14.3481,-25.4200,178.1700,178.1700,31.5,
169102,东方红睿阳三年持有混合,国内权益,2015-01-19,11.6578,4.4568,东方红资产管理,混合型-偏股,,秦绪文,2018-08-24,8.0630,0,1.50%,开放申购,5.0548,7.2454,-3.6898,6.3590,8.0788,10.6099,22.4678,-51.8320,-56.6401,-56.6401,2020,60.8014,0.1392,2026-09-16,[],-3.6905,7.9944,10.6100,-17.1400,115.7800,224.0000,31.4,
000083,汇添富消费行业混合,国内权益,2013-05-03,13.3717,59.5216,汇添富基金,混合型-偏股,,胡昕炜,2016-04-08,10.4394,0,0.15%,开放申购,-16.0204,-9.0157,-9.4287,5.3195,7.0765,11.7930,20.1741,-52.0108,-58.8554,-58.8554,2015,81.0579,-1.2096,2026-09-16,[],-9.4278,6.9530,11.7930,-39.0500,95.8536,344.0000,31.4,
001222,鹏华外延成长混合,国内权益,2015-05-19,11.3292,6.2192,鹏华基金,混合型-灵活,,陈璇淼,2023-03-24,3.4825,2,0.15%,开放申购,5.5524,3.3471,-2.9237,11.0964,9.3343,5.7402,15.4101,-44.2563,-50.4656,-50.4656,2019,75.7143,0.2813,2026-09-16,[],-2.9241,9.2215,5.7402,-13.7900,141.5918,88.2000,31.3,
162607,景顺长城资源垄断混合(LOF)A,国内权益,2006-01-26,20.6379,11.7297,景顺长城基金,混合型-偏股,,韩文强,2020-04-29,6.3819,0,0.15%,开放申购,-11.0895,-4.2748,-1.6315,4.1418,3.8092,4.4392,25.9340,-48.1775,-55.2222,-79.3013,2006,109.4062,-0.5970,2026-09-16,['023262'],-1.6324,6.0795,9.9376,-7.9000,80.4322,606.6000,31.2,
501083,银华科创主题灵活配置混合(LOF)A,国内权益,2019-07-05,7.2005,3.5707,银华基金,混合型-灵活,,唐能,2019-07-05,7.2005,0,1.50%,开放申购,10.2373,26.5979,1.3519,,,10.2237,31.4023,-57.9682,-59.6216,-59.6216,2020,67.7156,0.2159,2026-09-16,['028637'],1.3510,7.2606,10.2237,6.9400,101.5598,101.5600,31.1,
006243,中银双息回报混合A,国内权益,2018-09-27,7.9699,1.7246,中银基金,混合型-偏股,,刘腾,2024-05-07,2.3600,1,0.15%,开放申购,5.3400,7.6623,-1.5339,,,8.5352,12.7624,-33.1055,-36.4991,-36.4991,2020,59.8764,0.3596,2026-09-16,['014454'],-1.5344,6.7455,8.5355,-7.4400,92.0858,92.0900,31.1,
070010,嘉实主题混合,国内权益,2006-07-21,20.1561,16.2091,嘉实基金,混合型-灵活,,王丹,2019-11-19,6.8255,0,0.15%,开放申购,6.9008,6.8094,-2.6670,6.5427,1.7956,8.1348,16.5801,-41.1389,-51.9456,-64.0804,2007,113.3609,0.2665,2026-09-16,[],-2.3103,2.1707,8.5891,-11.0300,23.9550,426.3900,31.1,
630016,华商价值共享混合发起式,国内权益,2013-03-18,13.4976,2.5641,华商基金,混合型-灵活,,张文龙,2024-01-23,2.6475,2,0.15%,开放申购,9.0085,17.5033,-2.0141,13.0967,8.8655,12.9334,25.3137,-57.8313,-57.8313,-57.8313,2025,78.6471,0.1290,2026-09-16,[],-2.0135,8.7931,12.9334,-9.6700,132.2807,416.3900,31.1,
240008,华宝收益增长混合A,国内权益,2006-06-15,20.2546,6.1690,华宝基金,混合型-灵活,,毛文博,2019-07-13,7.1786,0,0.15%,开放申购,-2.4245,2.8236,-2.8462,7.8577,3.7268,10.8619,19.3241,-46.2979,-46.2979,-63.4365,2007,166.6417,-0.2936,2026-09-16,['015573'],-2.8454,3.6372,10.8619,-13.4400,42.9409,707.3300,30.8,
000127,农银行业领先混合,国内权益,2013-06-25,13.2266,6.1936,农银汇理基金,混合型-偏股,,张峰,2016-03-08,10.5243,0,0.15%,开放申购,-4.0904,4.3499,-4.7621,5.6676,5.7112,9.1586,14.6509,-43.1955,-50.3227,-50.3227,2020,65.1291,-0.3461,2026-09-16,[],-4.7625,5.6054,9.1585,-21.6500,72.5285,218.6900,30.8,
270006,广发策略优选混合,国内权益,2006-05-17,20.3340,33.3469,广发基金,混合型-灵活,,罗洋,2019-05-22,7.3210,0,0.15%,开放申购,14.8528,4.0288,-2.5276,9.7135,5.2703,8.9399,23.1748,-47.6036,-47.6036,-65.3227,2007,140.9699,0.4021,2026-09-16,[],-2.5265,5.1974,9.6574,-12.0100,65.9775,551.8300,30.7,
000294,华安生态优先混合A,国内权益,2013-11-28,12.7995,8.6409,华安基金,混合型-偏股,,陈媛,2018-05-14,8.3422,0,0.15%,开放申购,-6.7024,-1.8899,-6.0277,8.1512,7.7464,10.1111,24.6467,-49.2677,-61.1009,-61.1009,2020,84.4166,-0.2659,2026-09-16,['014977'],-6.0283,7.5965,10.0911,-26.7200,107.9609,242.3000,30.6,
001215,博时沪港深优质企业基金A,国内权益,2015-05-14,11.3429,2.0910,博时基金,混合型-灵活,,曾鹏,2022-05-05,4.3669,1,0.15%,开放申购,11.0843,20.0424,1.7234,12.0143,9.9836,5.5431,31.6694,-59.5916,-62.2111,-62.2111,2025,55.9339,0.1720,2026-09-16,['002555'],1.7236,9.9067,5.5431,8.9200,157.1827,84.4000,30.6,
160918,大成中小盘混合(LOF)A,国内权益,2014-04-10,12.4326,2.4791,大成基金,混合型-偏股,,侯春燕,2025-11-06,0.8597,2,0.15%,开放申购,-6.0936,-3.2398,-4.9204,7.8150,7.2995,11.8132,16.9796,-37.9908,-41.6443,-45.3339,2015,115.9656,-0.5493,2026-09-16,['011159'],-4.9211,7.1151,11.8132,-22.3000,98.8418,300.7700,30.5,
420003,天弘永定价值成长混合A,国内权益,2008-12-02,17.7878,4.7672,天弘基金,混合型-偏股,,王海山,2026-01-24,0.6434,3,0.15%,开放申购,-4.8699,7.3544,0.6833,8.7532,5.6471,6.9891,16.9669,-35.3758,-45.0795,-45.8444,2020,63.0531,-0.3843,2026-09-16,['015463'],0.6826,5.5880,8.3767,3.4600,72.2452,318.2500,30.5,
000001,华夏成长混合,国内权益,2001-12-18,24.7447,39.3821,华夏基金,混合型-灵活,,"郑晓辉,刘睿聪",2024-12-26,1.7221,4,0.15%,开放申购,20.6704,13.4307,1.7418,5.5070,3.7404,7.6224,23.1305,-47.2117,-55.1557,-64.9428,2007,133.2916,0.4870,2026-09-16,[],1.9634,3.8167,8.8325,10.2100,45.4362,712.0400,30.3,
005244,国泰聚优价值灵活配置混合A,国内权益,2017-11-15,8.8350,4.9589,国泰基金,混合型-灵活,,程洲,2017-11-15,8.8350,0,0.15%,开放申购,5.4694,12.0196,0.0521,11.5580,,8.1596,23.4073,-49.8305,-49.8305,-49.8305,2019,53.6268,0.1194,2026-09-16,['005245'],0.0519,7.1757,8.1596,0.2600,99.9700,99.9700,30.3,
320007,诺安成长混合A,国内权益,2009-03-10,17.5195,119.2819,诺安基金,混合型-偏股,,刘慧影,2023-09-29,2.9651,2,0.15%,开放申购,44.6217,24.3049,3.6646,16.3624,7.6209,7.6799,32.3854,-59.1755,-64.9276,-71.2628,2019,96.9889,1.0822,2026-09-16,['025333'],3.6653,7.5478,7.6799,19.7200,107.0220,265.5800,30.2,
163810,中银价值混合A,国内权益,2010-08-25,16.0602,1.2423,中银基金,混合型-灵活,,刘腾,2025-04-24,1.3963,1,0.15%,开放申购,3.3024,2.4309,-2.1637,10.4064,7.9910,7.2266,15.1349,-33.7403,-35.9528,-50.6110,2020,53.7408,0.1116,2026-09-16,['017005'],-2.1636,7.8756,7.2267,-10.3600,113.4184,206.6700,30.1,
270007,广发大盘成长混合,国内权益,2007-06-13,19.2608,21.3015,广发基金,混合型-灵活,,李巍,2022-11-04,3.8658,1,0.15%,开放申购,5.9279,9.9150,0.0684,12.3155,8.3372,4.6631,25.1808,-51.0344,-56.6046,-62.1754,2020,88.6391,0.0336,2026-09-16,[],0.0679,8.3432,4.6631,0.3400,122.8523,140.5700,30.1,
007137,鹏扬元合量化大盘A,国内权益,2019-07-09,7.1896,1.0280,鹏扬基金,股票型,,"姜峰,马超",2024-04-23,2.3984,3,0.15%,限大额,10.1057,16.4184,0.7108,,,8.6353,23.4084,-46.4287,-46.4287,-46.4287,2020,42.5127,0.4041,2026-09-16,['007138'],1.7646,6.6899,9.4252,9.1400,91.0885,91.0900,30.0,
000532,景顺长城优势企业混合A,国内权益,2014-03-19,12.4956,1.0919,景顺长城基金,混合型-偏股,,邓敬东,2022-07-07,4.1944,1,0.15%,开放申购,-8.7394,-4.8036,-5.6513,7.7986,8.0536,8.9033,18.4322,-39.7042,-46.9068,-56.1376,2020,72.5302,-0.6848,2026-09-16,['017170'],-5.6517,7.9252,8.9033,-25.2400,114.4018,190.3000,29.9,
690011,民生加银积极成长混合发起式,国内权益,2013-01-31,13.6235,2.6935,民生加银基金,混合型-灵活,,尹涛,2023-01-10,3.6824,2,0.15%,开放申购,5.2416,14.0723,-1.9790,13.2097,9.8660,9.0534,22.7311,-54.6944,-54.9405,-54.9405,2020,67.1599,0.1621,2026-09-16,[],-1.9788,9.7542,9.0534,-9.5100,153.6371,225.6700,29.9,
001126,摩根卓越制造股票A,国内权益,2015-04-14,11.4251,8.7430,摩根基金(中国),股票型,,赵隆隆,2025-05-29,1.3005,1,0.15%,开放申购,3.7877,14.7480,-1.7290,16.4791,10.5138,5.7498,23.9987,-51.1766,-51.1766,-58.3467,2020,99.6681,0.0420,2026-09-16,['015075'],-1.7287,10.4034,5.7500,-8.3500,169.0440,89.4100,29.8,
320012,诺安主题精选混合,国内权益,2010-09-15,16.0027,1.5450,诺安基金,混合型-偏股,,罗春蕾,2015-11-21,10.8200,0,0.15%,开放申购,3.4364,5.1505,-2.7312,8.2874,7.4006,7.7501,20.3401,-44.7339,-55.1002,-55.1002,2020,62.1759,0.1826,2026-09-16,[],-2.7312,7.3498,7.7500,-12.9300,103.2411,230.1900,29.7,
001445,华安国企改革主题灵活配置混合A,国内权益,2015-06-29,11.2170,2.3709,华安基金,混合型-灵活,,关鹏,2025-07-21,1.1554,3,0.15%,开放申购,-0.3662,-2.9201,-7.2067,11.3663,9.3807,9.3343,17.2849,-43.0724,-43.0724,-43.0724,2020,73.9755,-0.1340,2026-09-16,['016290'],-7.2065,9.2826,9.3343,-31.2000,142.9464,172.1000,29.6,
001703,银华沪港深增长股票A,国内权益,2016-08-10,10.0999,1.1565,银华基金,股票型,,周晶,2021-06-18,5.2457,0,0.15%,开放申购,-6.7387,4.4802,-4.0227,6.8053,8.0872,7.9182,19.2261,-46.3653,-54.0440,-54.0440,2020,66.3507,-0.5020,2026-09-16,['014364'],-4.0229,8.7383,8.5836,-18.5600,131.1138,129.7300,29.5,
000279,华商红利优选混合,国内权益,2013-09-17,12.9966,1.2970,华商基金,混合型-灵活,,邓默,2020-04-14,6.4230,0,0.15%,开放申购,5.9140,3.0539,-4.2674,5.5693,4.4883,7.9932,13.4596,-37.7095,-37.7095,-37.7095,2020,51.5499,0.3715,2026-09-16,[],-4.2669,4.4293,9.4644,-19.5900,54.2499,223.9000,29.5,
660005,农银中小盘混合,国内权益,2010-03-25,16.4791,7.4609,农银汇理基金,混合型-偏股,,徐文卉,2021-03-05,5.5332,0,0.15%,开放申购,22.3906,11.8145,-1.7680,10.8582,6.5895,9.7841,22.5445,-48.2984,-48.8124,-53.9295,2020,83.0761,0.6195,2026-09-16,[],-1.7674,6.4409,9.7840,-8.5300,86.6744,365.6400,29.5,
007345,富国科技创新灵活配置混合,国内权益,2019-05-06,7.3648,8.4106,富国基金,混合型-灵活,,曹晋,2024-11-22,1.8152,1,0.15%,开放申购,24.9161,19.1985,-2.4197,,,12.2673,23.6201,-61.6459,-62.4381,-62.4381,2020,83.3741,0.8513,2026-09-16,[],-2.4204,8.8957,12.2673,-11.5300,134.4800,134.4800,29.4,
501054,东方红睿泽三年持有混合A,国内权益,2018-01-31,8.6242,56.1693,东方红资产管理,混合型-偏股,,苗宇,2023-06-03,3.2882,1,1.50%,开放申购,26.4815,18.1962,1.7625,10.6991,,8.0436,24.5114,-51.1976,-59.1229,-59.1229,2020,63.4539,0.7795,2026-09-16,['011032'],1.7627,6.8997,8.0436,9.1300,94.8796,94.8800,29.4,
090015,大成内需增长混合A,国内权益,2011-06-14,15.2580,1.8086,大成基金,混合型-偏股,,齐炜中,2024-08-07,2.1081,2,0.15%,开放申购,-4.5789,0.7060,-1.8340,8.2890,5.7662,9.5506,18.5566,-38.1843,-45.1702,-45.6813,2015,71.3454,-0.3357,2026-09-16,"['960018', '019255']",-1.8341,5.6700,9.5506,-8.8400,73.5865,302.2000,29.3,
378010,摩根成长先锋混合A,国内权益,2006-09-20,19.9890,9.9040,摩根基金(中国),混合型-偏股,,倪权生,2020-12-18,5.7440,0,0.15%,开放申购,17.7738,14.9632,-2.8052,10.2692,9.0876,7.4060,20.9086,-51.4635,-52.1969,-61.9074,2007,154.4302,0.6015,2026-09-16,['015077'],-2.8050,8.9673,7.4060,-13.2600,136.0275,317.0900,29.3,
410001,华富竞争力优选混合A,国内权益,2005-03-02,21.5414,3.8907,华富基金,混合型-灵活,,翟伟,2026-02-12,0.5914,6,0.15%,开放申购,5.3466,16.5068,1.5862,11.5679,8.4787,6.6100,31.6553,-53.8481,-54.8200,-79.7471,2006,94.2176,0.0578,2026-09-16,['017966'],1.5868,8.4118,9.6503,8.1900,124.2679,627.5600,29.2,
005711,永赢惠添利灵活配置混合,国内权益,2018-05-31,8.2957,3.0531,永赢基金,混合型-灵活,,高楠,2025-01-23,1.6454,2,0.15%,限大额,3.9976,7.8244,0.0000,10.0653,,9.2795,26.4184,-47.4070,-53.0870,-53.0870,2019,81.5174,0.0280,2026-09-16,[],0.0000,7.6392,9.2796,0.0000,108.7881,108.7900,29.2,
005262,鑫元欣享灵活配置混合A,国内权益,2017-12-14,8.7556,6.5808,鑫元基金,混合型-灵活,,李彪,2021-03-25,5.4784,0,0.12%,开放申购,8.1711,1.8811,-1.2822,8.3553,,6.4091,25.2824,-51.2448,-51.2448,-51.2448,2020,54.5173,0.1197,2026-09-16,['005263'],1.3946,7.0119,8.0473,7.1700,96.9347,96.9300,28.9,
001858,建信鑫利灵活配置混合A,国内权益,2015-10-29,10.8830,1.4595,建信基金,混合型-灵活,,张湘龙,2023-06-28,3.2197,2,0.15%,开放申购,-2.6487,4.9192,-4.2829,13.7946,9.3107,8.6035,19.5170,-46.6951,-46.6951,-46.6951,2020,99.5470,-0.2512,2026-09-16,['019073'],-4.2836,9.3107,8.6035,-19.6600,143.5714,145.5200,28.9,
006881,华宝大健康混合A,国内权益,2019-03-29,7.4689,1.0387,华宝基金,混合型-偏股,,张金涛,2026-03-03,0.5394,3,0.15%,开放申购,-22.6339,11.6423,-1.3847,,,11.1103,29.5659,-48.7247,-52.1418,-52.1418,2020,77.9606,-0.7076,2026-09-16,"['025557', '018529']",-1.3838,8.1865,11.1103,-6.7300,119.6500,119.6500,28.8,
000535,长盛航天海工混合A,国内权益,2014-03-11,12.5175,3.1115,长盛基金,混合型-灵活,,王柄方,2023-04-13,3.4278,1,0.15%,开放申购,-4.8940,-0.0231,-1.8071,7.4402,3.8837,7.3590,29.2641,-45.2767,-45.2767,-51.5770,2020,72.4174,0.1480,2026-09-16,['018075'],0.8668,5.3744,8.6599,4.4100,68.7917,182.8100,28.8,
004698,博时军工主题股票A,国内权益,2017-07-04,9.2019,16.3192,博时基金,股票型,,曾鹏,2022-06-29,4.2163,1,0.15%,开放申购,11.2743,11.5196,0.9302,11.9843,,8.5197,28.8000,-57.7534,-57.7534,-57.7534,2020,102.4950,0.3019,2026-09-16,['011592'],0.9305,7.8138,8.5197,4.7400,112.2000,112.2000,28.7,
233011,大摩主题优选混合,国内权益,2012-03-13,14.5106,1.1629,摩根士丹利基金,混合型-偏股,,"缪东航,张伟",2026-03-07,0.5284,1,0.15%,开放申购,22.5149,11.5271,-0.7196,10.7773,6.7096,10.7972,19.1368,-49.6911,-54.1256,-56.6065,2015,71.7840,1.1482,2026-09-16,[],-0.7203,7.7716,11.6255,-3.5500,111.3709,393.2600,28.4,
001558,天弘医疗健康混合A,国内权益,2015-06-30,11.2142,2.1475,天弘基金,混合型-偏股,,吕俏,2025-02-26,1.5524,2,0.12%,开放申购,-8.3179,6.0667,-2.1446,10.9821,9.0511,5.0059,22.6990,-44.4812,-51.7723,-51.7723,2020,88.4211,-0.3636,2026-09-16,['001559'],-2.1440,8.9586,5.0059,-10.2700,135.8380,72.9400,28.1,
360012,光大中小盘混合A,国内权益,2010-04-14,16.4244,1.2044,光大保德信基金,混合型-偏股,,陈栋,2020-01-04,6.6995,0,0.15%,开放申购,15.9992,14.3160,1.9905,11.2094,5.6761,7.1514,25.2520,-52.5161,-53.7705,-53.7705,2015,71.7729,0.4474,2026-09-16,['019308'],1.9911,7.0310,8.0404,10.3600,97.2866,256.1500,28.1,
000866,华宝制造股票,国内权益,2014-12-10,11.7673,3.8641,华宝基金,股票型,,贺喆,2018-08-24,8.0630,0,0.15%,开放申购,5.1438,11.1010,-0.4334,12.6648,6.8366,8.4447,23.5442,-50.7337,-51.4286,-55.2829,2020,60.0763,0.0778,2026-09-16,[],-0.4337,6.6941,8.4447,-2.1500,91.1635,159.6000,28.0,
400001,东方龙混合,国内权益,2004-11-25,21.8070,2.3953,东方基金,混合型-灵活,,许文波,2019-03-20,7.4935,0,0.15%,开放申购,27.9498,10.2185,-2.1140,7.7699,2.9649,9.0093,20.7199,-46.0363,-52.6419,-63.9700,2006,104.3982,0.8399,2026-09-16,[],-2.1135,2.8257,9.3976,-10.1300,32.1349,609.0000,28.0,
000594,大摩进取优选股票,国内权益,2014-05-29,12.3012,2.9044,摩根士丹利基金,股票型,,缪东航,2021-05-29,5.3005,0,0.15%,开放申购,19.6767,10.7372,-1.0284,10.0667,7.0476,9.4451,18.9296,-49.3448,-57.5387,-57.5387,2019,52.5371,1.0926,2026-09-16,[],-1.0290,6.9298,9.4451,-5.0400,95.4282,203.5000,28.0,
000963,兴业多策略混合,国内权益,2015-01-23,11.6468,2.3367,兴业基金,混合型-灵活,,张超,2025-03-28,1.4702,5,0.15%,开放申购,17.8914,20.0212,4.2868,11.2733,7.2231,8.4889,27.0927,-52.8381,-52.8381,-52.8381,2019,48.3902,0.3416,2026-09-16,[],4.2864,7.1236,8.4889,23.3500,98.9985,158.3000,27.9,
000124,华宝服务优选混合,国内权益,2013-06-27,13.2211,3.3931,华宝基金,混合型-偏股,,蔡目荣,2022-12-21,3.7372,3,0.15%,开放申购,-15.5706,-2.8654,-5.0246,9.7593,6.4038,9.3193,20.7834,-42.0780,-42.0780,-61.6136,2015,102.8912,-0.7728,2026-09-16,[],-5.0241,6.3491,10.0424,-22.7200,85.0712,254.3800,27.6,
000524,摩根民生需求股票A,国内权益,2014-03-14,12.5092,1.6892,摩根基金(中国),股票型,,杨景喻,2019-04-26,7.3922,0,0.15%,开放申购,26.7753,17.4627,-1.9671,12.2359,6.4404,11.5392,26.2617,-54.5766,-55.9743,-55.9743,2015,79.2683,0.6134,2026-09-16,['017099'],-1.9679,6.2695,11.5393,-9.4600,83.6910,292.0000,27.6,
160505,博时主题行业混合(LOF),国内权益,2005-01-06,21.6920,41.8693,博时基金,混合型-偏股,,石炯,2025-11-27,0.8022,1,0.15%,开放申购,-7.8809,-0.3461,-6.8319,2.6926,2.6680,8.6590,16.8624,-44.6716,-51.1869,-62.1587,2007,133.7579,-0.4748,2026-09-16,[],-6.8319,2.5642,12.7031,-29.8000,28.8125,1238.4100,27.5,
006336,泓德量化精选混合,国内权益,2019-09-06,7.0281,1.5143,泓德基金,混合型-偏股,,"张天洋,孙泽宇",2025-12-27,0.7201,3,0.15%,开放申购,5.3904,10.1481,0.9390,,,9.0589,20.5452,-44.4006,-51.5064,-51.5064,2020,73.6417,0.1064,2026-09-16,[],0.9382,6.2841,9.0586,4.7800,83.9432,83.9400,27.0,
001500,泓德远见回报混合,国内权益,2015-08-24,11.0637,8.0879,泓德基金,混合型-灵活,,秦毅,2023-02-21,3.5674,1,0.15%,开放申购,-2.9995,1.4318,-3.4727,8.5021,7.3063,8.2456,17.7910,-43.4448,-46.8127,-46.8127,2020,72.0366,-0.2655,2026-09-16,[],-3.4730,7.2253,8.2455,-16.2000,100.8971,140.2700,26.9,
240001,华宝宝康消费品,国内权益,2003-07-15,23.1732,6.7544,华宝基金,混合型-平衡,,汤慧,2021-12-30,4.7118,1,0.12%,开放申购,-15.9108,-6.5456,-8.5185,3.0116,1.7880,5.6345,14.2816,-42.9153,-46.3923,-65.8261,2006,102.2041,-1.5808,2026-09-16,[],-8.5190,1.9084,10.5346,-35.9300,20.8089,918.5700,26.9,
660001,农银行业成长混合,国内权益,2008-08-04,18.1164,14.3142,农银汇理基金,混合型-偏股,,陈富权,2021-03-05,5.5332,0,0.15%,开放申购,-0.3947,4.3027,-4.4799,6.4526,3.2309,8.9008,18.7342,-44.0065,-44.0065,-57.4926,2009,64.5164,-0.0948,2026-09-16,[],-4.4798,3.1539,8.9008,-20.4800,36.4132,368.6700,26.7,
006128,银河和美生活混合A,国内权益,2018-11-22,7.8166,4.4370,银河基金,混合型-偏股,,郑巍山,2021-06-05,5.2813,0,0.15%,开放申购,52.1241,17.1698,0.2319,,,9.8501,37.2278,-66.0401,-66.0401,-66.0401,2026,41.2470,0.9343,2026-09-16,['015665'],0.2309,7.6197,9.8501,1.1600,108.4100,108.4100,26.5,
006371,长安鑫盈混合A,国内权益,2019-07-18,7.1650,5.3455,长安基金,混合型-灵活,,徐小勇,2024-12-27,1.7194,1,0.15%,开放申购,10.6526,16.9454,-2.9171,,,11.8886,36.5849,-60.1476,-61.6057,-61.6057,2020,93.3102,0.1947,2026-09-16,['006372'],-2.9173,8.3814,11.8886,-13.7600,123.6400,123.6400,26.5,
166011,中欧盛世成长混合(LOF)A,国内权益,2012-03-29,14.4668,5.1660,中欧基金,混合型-偏股,,钟鸣,2025-02-20,1.5688,4,0.15%,开放申购,-18.2437,1.0685,-4.3917,3.1042,2.0931,7.8938,20.9641,-40.9601,-43.1722,-43.1722,2020,49.9635,-0.5773,2026-09-16,"['001888', '004233']",-6.8558,3.7727,10.7664,-29.8900,44.8203,338.9800,25.9,
163803,中银持续增长混合A,国内权益,2006-03-17,20.5010,15.4697,中银基金,混合型-偏股,,李思佳,2025-04-24,1.3963,3,0.15%,开放申购,12.3368,10.0431,-3.2434,10.1397,6.8524,6.0670,20.0708,-49.8073,-53.8158,-76.9240,2020,62.5953,0.4796,2026-09-16,"['960011', '012236']",-3.2437,6.7724,11.0122,-15.2000,92.5714,751.4200,25.8,
161729,招商瑞利灵活配置混合(LOF)A,国内权益,2019-07-18,7.1650,3.1664,招商基金,混合型-灵活,,陆文凯,2023-01-20,3.6550,2,0.15%,限大额,-18.9440,-4.4199,-2.8773,,,9.4623,23.5628,-46.5060,-46.5060,-46.5060,2020,79.9350,-1.1535,2026-09-16,['018007'],-2.8768,6.6923,9.4623,-13.5800,91.1300,91.1300,25.7,
470008,汇添富策略回报混合,国内权益,2009-12-22,16.7337,6.9273,汇添富基金,混合型-偏股,,顾耀强,2009-12-22,16.7337,0,0.15%,开放申购,13.4347,7.7887,-3.1557,9.9296,7.1252,7.2092,21.0345,-53.5026,-57.7752,-60.4889,2020,74.0615,0.4035,2026-09-16,[],-2.7513,7.2314,7.7267,-13.0200,101.0106,247.4500,25.7,
519679,银河主题混合A,国内权益,2012-09-21,13.9849,4.6387,银河基金,混合型-偏股,,祝建辉,2023-03-31,3.4634,1,0.15%,开放申购,21.3550,9.6521,-5.4311,11.2188,7.0705,15.2281,24.8007,-57.6031,-60.0563,-60.0563,2015,92.9204,0.6320,2026-09-16,['018888'],-5.4307,6.9660,15.2282,-24.3600,96.0903,625.9300,25.7,
121005,国投瑞银创新动力混合,国内权益,2006-11-15,19.8357,9.8747,国投瑞银基金,混合型-偏股,,桑俊,2022-07-09,4.1889,4,0.15%,开放申购,10.6579,7.7416,-3.0792,8.4047,5.7420,3.1873,17.3788,-48.1660,-53.0017,-66.0338,2009,78.1584,0.3431,2026-09-16,[],-3.0800,5.6783,9.4121,-14.4800,73.7233,495.5100,25.6,
519670,银河行业混合A,国内权益,2009-04-24,17.3963,9.9788,银河基金,混合型-偏股,,袁曦,2023-03-31,3.4634,2,0.15%,开放申购,17.0989,15.0245,-2.1514,10.5821,6.2569,7.2261,28.0252,-56.3322,-60.8545,-76.3312,2020,73.1111,0.3963,2026-09-16,['015670'],-2.1505,6.1170,11.6096,-10.3000,81.0706,575.8200,25.6,
003069,光大创业板量化优选A,国内权益,2018-02-13,8.5886,1.1494,光大保德信基金,股票型,,王卫林,2023-08-22,3.0691,3,0.15%,开放申购,9.4534,18.4166,1.3428,12.7280,,8.6343,27.0755,-52.7471,-53.4193,-53.4193,2020,57.4564,0.1960,2026-09-16,['003070'],1.3434,7.3719,8.6343,6.9000,103.6600,103.6600,25.5,
180018,银华和谐主题混合A,国内权益,2009-04-27,17.3881,2.9923,银华基金,混合型-灵活,,唐能,2018-12-27,7.7207,0,0.15%,开放申购,6.9640,8.6754,-3.5574,8.2938,7.4611,8.2961,20.1672,-49.2958,-53.6481,-53.6481,2020,74.6325,0.2418,2026-09-16,['028786'],-3.5584,7.3784,8.2961,-16.5700,103.7829,299.8100,25.5,
630010,华商价值精选混合,国内权益,2011-05-31,15.2964,5.7033,华商基金,混合型-偏股,,彭欣杨,2020-01-08,6.6886,0,0.15%,开放申购,27.7903,15.7448,0.1329,10.3638,4.6241,9.0793,27.9076,-55.5141,-58.7783,-64.7152,2015,96.6710,0.6486,2026-09-16,[],0.1336,4.5515,9.0793,0.6700,56.0638,277.8500,25.5,
005911,广发双擎升级混合A,国内权益,2018-11-02,7.8713,45.4246,广发基金,混合型-偏股,,刘格菘,2018-11-02,7.8713,0,0.15%,开放申购,-15.0160,2.4603,-11.1614,,,9.3180,31.2819,-61.4347,-64.6058,-64.6058,2019,122.7538,-0.4609,2026-09-16,['009314'],-11.1601,7.7876,9.9956,-44.6600,111.6833,111.6800,25.3,
002190,农银新能源主题A,国内权益,2016-03-29,10.4668,58.3976,农银汇理基金,混合型-灵活,,"邢军亮,左腾飞",2024-02-06,2.6092,3,0.15%,限大额,-9.1345,0.1469,-10.2179,14.6323,9.7594,9.1605,24.6633,-61.3039,-61.3039,-61.3039,2020,157.3828,-0.4133,2026-09-16,['016494'],-10.2172,9.6862,9.1605,-41.6600,152.0697,150.2800,25.1,
020010,国泰金牛创新成长混合,国内权益,2007-05-18,19.3320,16.7250,国泰基金,混合型-偏股,,程洲,2023-09-05,3.0308,2,0.15%,开放申购,7.0599,11.5532,-6.5614,7.9550,5.7923,7.1891,27.0892,-64.5216,-64.5216,-64.5216,2009,89.1348,0.1586,2026-09-16,[],-1.6645,8.4441,8.9431,-8.0500,124.9352,423.7700,25.0,
001875,前海开源沪港深优势精选混合A,国内权益,2016-04-19,10.4093,27.9095,前海开源基金,混合型-灵活,,曲扬,2021-10-11,4.9309,1,0.15%,开放申购,-22.5752,-3.4157,-9.1623,6.3638,7.3304,8.4699,21.5289,-47.0273,-58.4386,-58.4386,2020,89.4073,-1.0198,2026-09-16,['011871'],-9.1619,7.2097,8.4698,-38.1500,100.6040,133.1000,24.9,
000849,汇丰晋信双核策略混合A,国内权益,2014-11-26,11.8056,4.0400,汇丰晋信基金,混合型-灵活,,韦钰,2025-09-01,1.0404,3,0.15%,开放申购,-3.3605,13.7689,-0.4902,6.4383,6.3705,10.1049,22.8635,-49.5499,-52.4426,-52.4426,2025,59.1617,-0.0717,2026-09-16,['000850'],-0.4908,6.3074,10.1050,-2.4300,84.3462,211.5700,24.8,
519150,新华优选消费混合,国内权益,2012-06-13,14.2587,1.0734,新华基金,混合型-偏股,,蔡春红,2021-09-03,5.0349,0,0.15%,开放申购,-31.7161,-9.2493,-8.2167,7.3914,5.2967,10.6642,20.2506,-45.3363,-47.1355,-47.1355,2020,98.2840,-2.0385,2026-09-16,[],-8.2155,5.2301,10.6643,-34.8600,66.4939,324.1200,24.8,
001616,嘉实环保低碳股票,国内权益,2015-12-30,10.7132,22.8331,嘉实基金,股票型,,姚志鹏,2018-03-21,8.4901,0,0.15%,开放申购,-9.0846,3.3221,-8.4369,12.4601,8.1011,9.3367,25.8534,-62.6067,-62.6067,-62.6067,2020,108.6957,-0.3489,2026-09-16,[],-8.4363,8.0290,9.3367,-35.6400,116.4725,160.2000,24.8,
002620,中邮未来新蓝筹混合,国内权益,2017-08-04,9.1170,2.8011,中邮基金,混合型-灵活,,白鹏,2024-06-18,2.2450,2,0.15%,开放申购,-25.9410,-5.8868,-8.9436,9.3798,,8.9459,27.3278,-45.1155,-45.1155,-45.1155,2020,68.8712,-0.6981,2026-09-16,[],-8.9427,8.1248,8.9459,-37.4000,118.4000,118.4000,24.8,
519018,汇添富均衡增长混合,国内权益,2006-08-07,20.1095,36.8006,汇添富基金,混合型-偏股,,詹杰,2024-10-18,1.9110,2,0.15%,开放申购,13.9449,12.7948,-1.4578,8.1485,5.1251,1.7115,21.9095,-49.8973,-53.6076,-80.2264,2015,59.8687,0.3553,2026-09-16,[],-1.4579,5.0389,9.3439,-7.0800,63.4941,502.7500,24.8,
160624,鹏华消费领先混合,国内权益,2013-12-23,12.6352,2.6003,鹏华基金,混合型-灵活,,孟昊,2020-03-13,6.5106,0,0.15%,开放申购,1.8481,3.4091,-6.6772,10.1761,7.9918,9.8017,20.9606,-53.5169,-53.5169,-53.5169,2020,76.8950,0.0014,2026-09-16,[],-6.6784,7.8229,9.8040,-29.2200,112.3779,226.0000,24.6,
160512,博时卓越品牌混合(LOF)A,国内权益,2011-04-22,15.2936,1.6269,博时基金,混合型-偏股,,冀楠,2022-07-22,4.1533,1,0.15%,开放申购,30.4977,9.1239,0.3624,9.9831,3.4004,8.2229,22.4411,-47.5314,-56.4817,-56.4817,2020,64.0309,0.7714,2026-09-16,['020059'],0.3633,3.2232,8.2229,1.8300,37.3321,234.8600,24.6,
005544,银华瑞和灵活配置混合A,国内权益,2018-04-26,8.3915,11.9641,银华基金,混合型-灵活,,"周书,张腾",2024-03-07,2.5270,1,0.15%,开放申购,35.3029,18.6908,-0.0926,10.5345,,9.1721,22.5834,-61.5851,-67.9889,-67.9889,2020,76.1761,1.2541,2026-09-16,['025476'],-0.0922,7.6419,9.1721,-0.4600,108.8400,108.8400,24.5,
001171,工银养老产业股票A,国内权益,2015-04-28,11.3867,11.6091,工银瑞信基金,股票型,,"赵蓓,李乾宁",2025-04-02,1.4565,3,0.15%,开放申购,-2.4808,2.7940,-6.1942,11.1053,9.7026,4.5016,21.3896,-49.8091,-52.6042,-52.6042,2020,88.4615,-0.2208,2026-09-16,['012238'],-6.1930,9.5693,4.5016,-27.3600,149.3958,65.1000,24.5,
004812,中欧先进制造股票A,国内权益,2018-01-19,8.6571,8.8161,中欧基金,股票型,,卢纯青,2023-02-06,3.6085,2,0.15%,开放申购,-21.3704,2.4605,-8.3617,13.3359,,9.8093,26.6325,-55.9102,-55.9102,-55.9102,2020,120.8985,-0.7591,2026-09-16,['004813'],-8.3625,8.4380,9.8093,-35.3800,124.8100,124.8100,24.5,
001009,摩根安全战略股票A,国内权益,2015-02-26,11.5537,3.7224,摩根基金(中国),股票型,,陈思郁,2019-07-19,7.1622,0,0.15%,开放申购,29.6688,19.7247,-3.4505,14.1248,9.2909,7.1048,24.3360,-61.2040,-62.0422,-62.0422,2020,78.6747,0.8483,2026-09-16,['015172'],-3.4500,9.2071,7.1050,-16.1000,141.2723,121.0100,24.4,
005680,财通资管价值成长混合A,国内权益,2019-03-25,7.4798,12.5872,财通资管,混合型-灵活,,李响,2025-08-15,1.0869,2,0.15%,开放申购,-8.0659,0.0427,-5.2435,,,11.0212,23.1697,-55.9543,-55.9543,-55.9543,2020,85.2022,-0.4115,2026-09-16,['005681'],-5.2439,8.1341,11.0213,-23.6100,118.5881,118.5900,24.1,
260108,景顺长城新兴成长混合A,国内权益,2006-06-28,20.2190,107.1467,景顺长城基金,混合型-偏股,,刘彦春,2016-01-27,10.6366,0,0.15%,开放申购,-18.7702,-10.4906,-10.2351,4.5828,6.7023,6.7880,21.4001,-52.2121,-61.5489,-63.7813,2007,91.1482,-1.3481,2026-09-16,['017110'],-10.2356,7.1846,7.4596,-41.7200,100.1349,328.3000,24.0,
519714,交银消费新驱动股票,国内权益,2012-11-07,13.8563,4.7090,交银施罗德基金,股票型,,韩威俊,2018-09-06,8.0274,0,0.15%,开放申购,-18.6797,-12.5621,-8.9045,5.5303,6.5485,4.4035,22.0212,-50.9860,-55.1972,-67.9325,2020,103.2389,-1.1025,2026-09-16,[],-8.9049,6.4176,9.7816,-37.2700,86.2667,264.4100,23.8,
660012,农银消费主题混合A,国内权益,2012-04-24,14.3956,3.7443,农银汇理基金,混合型-偏股,,徐文卉,2019-11-08,6.8556,0,0.15%,开放申购,-18.0926,-5.0651,-8.3216,4.5458,1.9903,7.5365,15.4744,-42.4031,-52.9742,-52.9742,2020,102.4464,-1.4742,2026-09-16,['960033'],-8.3228,1.8388,8.0774,-35.2400,19.9865,205.9400,23.4,
001490,汇添富国企创新股票A,国内权益,2015-07-10,11.1869,3.5133,汇添富基金,股票型,,邵蕴奇,2025-07-10,1.1855,3,0.15%,开放申购,21.6482,3.9102,-2.2644,12.0154,7.5755,6.2869,17.0595,-44.2246,-44.8482,-44.8482,2020,89.5495,0.9893,2026-09-16,"['015124', '015123']",-2.2642,7.4856,6.2869,-10.8200,105.8273,97.8000,23.4,
001043,工银美丽城镇股票A,国内权益,2015-03-26,11.4771,1.8729,工银瑞信基金,股票型,,母亚乾,2025-09-15,1.0021,3,0.15%,开放申购,-14.5671,-2.0750,-5.6718,9.8956,8.6059,6.2045,17.6565,-43.3947,-43.3947,-52.2293,2020,80.6826,-0.7075,2026-09-16,['011478'],-5.6719,8.5069,6.2047,-25.3200,126.2432,99.5500,23.4,
360001,光大量化股票A,国内权益,2004-08-27,22.0534,12.2532,光大保德信基金,股票型,,"王卫林,朱剑涛",2025-01-11,1.6783,6,0.15%,开放申购,17.7453,11.7255,0.8520,7.6994,3.1711,3.5214,20.7296,-52.7632,-57.2754,-82.1700,2006,118.5184,0.7845,2026-09-16,['007479'],0.7720,3.3228,8.9947,3.9200,38.6637,568.2100,23.4,
002011,华夏红利混合,国内权益,2005-06-30,21.2129,38.6136,华夏基金,混合型-灵活,,林晶,2023-11-13,2.8419,2,0.15%,开放申购,5.7499,1.5419,-7.7752,4.2580,0.9151,10.2170,16.8565,-50.1776,-51.9217,-52.5141,2007,169.1910,0.3020,2026-09-16,[],-7.7745,0.8523,11.4156,-33.2800,8.8576,890.5100,23.3,
460005,华泰柏瑞价值增长混合A,国内权益,2008-07-16,18.1684,7.3521,华泰柏瑞基金,混合型-偏股,,方纬,2022-07-08,4.1916,1,0.15%,开放申购,-2.0589,11.3228,-5.7712,10.2202,6.5822,11.3082,25.0526,-65.1170,-68.3180,-68.3180,2015,88.9902,-0.1661,2026-09-16,['010037'],-5.7707,7.4420,12.3658,-25.7100,104.9947,731.6500,23.3,
070022,嘉实领先成长混合,国内权益,2011-05-31,15.2964,4.2486,嘉实基金,混合型-偏股,,孟夏,2025-08-02,1.1225,2,0.15%,开放申购,16.4920,12.8292,0.3705,8.0658,4.8805,8.9219,21.3264,-49.0776,-54.5944,-54.5944,2015,66.4083,0.6786,2026-09-16,[],0.3712,4.7398,8.9220,1.8700,58.8981,269.6000,23.3,
110022,易方达消费行业股票,国内权益,2010-08-20,16.0739,97.0596,易方达基金,股票型,,萧楠,2025-04-12,1.4292,1,0.15%,开放申购,-24.9199,-9.5524,-7.8917,4.6507,7.7870,6.6411,19.6441,-46.2503,-57.3177,-57.3177,2019,73.2993,-1.7340,2026-09-16,[],-7.8909,7.6580,6.6411,-33.7000,109.1518,181.1000,23.1,
004263,华安沪港深机会灵活配置混合,国内权益,2017-05-10,9.3525,9.9617,华安基金,混合型-灵活,,盛骅,2025-12-01,0.7912,1,0.15%,开放申购,-11.4797,12.4823,-2.5619,8.3471,,9.5901,30.5192,-62.4800,-66.0268,-66.0268,2025,64.3297,-0.4903,2026-09-16,[],-2.5620,8.9440,9.5919,-12.1700,135.5222,135.5200,23.0,
001852,融通中国风1号灵活配置混合A/B,国内权益,2016-02-03,10.6174,10.4442,融通基金,混合型-灵活,,"万民远,程越楷",2025-09-06,1.0267,2,0.15%,开放申购,-2.4814,1.1720,-4.6764,10.1512,8.5931,8.7046,23.4784,-52.3348,-52.3348,-52.3348,2019,86.7769,-0.2156,2026-09-16,[],-4.6776,8.5199,8.7045,-21.3000,126.5130,142.5800,22.7,
001790,国泰智能汽车股票A,国内权益,2017-08-01,9.1253,24.5327,国泰基金,股票型,,王阳,2020-08-21,6.0698,0,0.15%,开放申购,-10.4333,1.9786,-5.7245,13.7866,,8.7957,31.3188,-61.8730,-61.8730,-61.8730,2020,110.2470,-0.2432,2026-09-16,['011323'],-5.7251,7.9964,8.7957,-25.5300,115.8200,115.8200,22.7,
003956,南方产业智选股票A,国内权益,2017-01-25,9.6400,7.5511,南方基金,股票型,,恽雷,2023-06-16,3.2526,2,0.15%,开放申购,-1.5006,6.8613,-3.9928,12.2232,,7.4663,21.0803,-46.5051,-47.1083,-47.1083,2019,82.8874,-0.1696,2026-09-16,['022518'],-3.9923,7.1881,7.4663,-18.4300,100.2000,100.2000,22.6,
320006,诺安灵活配置混合A,国内权益,2008-05-20,18.3244,9.3608,诺安基金,混合型-灵活,,刘晓飞,2024-11-09,1.8508,1,0.18%,开放申购,11.8521,10.0311,-2.6623,8.2021,5.5452,10.4383,24.0374,-52.4838,-52.4838,-52.4838,2009,71.5633,0.3194,2026-09-16,['028706'],-2.6620,5.4914,10.4383,-12.6200,70.6753,516.8000,22.4,
006218,富国生物医药科技混合A,国内权益,2019-03-12,7.5154,3.4840,富国基金,混合型-偏股,,曾新杰,2020-06-05,6.2806,0,0.15%,开放申购,-15.4628,4.4687,-4.5795,,,8.5050,27.9998,-48.7762,-54.5565,-54.5565,2020,86.2412,-0.5495,2026-09-16,['011308'],-4.5785,6.3266,8.5050,-20.8900,84.6800,84.6800,22.3,
200001,长城久恒灵活配置混合A,国内权益,2003-10-31,22.8775,1.4482,长城基金,混合型-灵活,,储雯玉,2018-08-16,8.0849,0,0.12%,开放申购,17.7636,18.9752,-1.2163,11.3482,6.5541,9.0548,38.0046,-67.4489,-67.4489,-67.4489,2006,113.4079,0.2904,2026-09-16,['018216'],-1.2173,6.5541,9.5488,-5.9400,88.6692,705.6100,22.3,
519025,海富通领先成长混合A,国内权益,2009-04-30,17.3799,1.2773,海富通基金,混合型-偏股,,李志,2024-06-21,2.2368,2,0.15%,开放申购,50.8141,19.7039,-0.1588,12.5881,8.3840,6.6575,29.8972,-55.3116,-56.3984,-62.8433,2020,65.9864,1.0135,2026-09-16,['028979'],-0.1585,8.2678,6.6575,-0.7900,121.3054,206.5400,22.2,
163302,大摩资源优选混合(LOF),国内权益,2005-09-27,20.9692,4.8766,摩根士丹利基金,混合型-灵活,,沈菁,2023-12-11,2.7652,2,0.15%,开放申购,7.4963,13.0291,-4.3101,4.1494,2.8378,11.5289,18.7224,-56.1930,-61.9585,-61.9585,2007,158.4023,0.2914,2026-09-16,[],-4.3098,5.2301,12.8067,-19.7700,66.4938,1151.4600,22.0,
320022,诺安研究精选股票A,国内权益,2012-12-10,13.7659,7.8793,诺安基金,股票型,,唐晨,2025-07-19,1.1608,3,0.15%,开放申购,-6.4924,1.2847,-4.7611,10.5719,7.4684,9.1248,27.6358,-48.1705,-48.1705,-49.1699,2019,74.3516,-0.2162,2026-09-16,['025949'],-4.7601,7.3638,9.1248,-21.6400,103.5069,232.7000,22.0,
240009,华宝先进成长混合,国内权益,2006-11-07,19.8576,9.6539,华宝基金,混合型-偏股,,陈怀逸,2025-12-31,0.7091,2,0.15%,开放申购,19.2919,11.8905,-2.5010,11.8405,7.1314,10.5262,24.8673,-53.5993,-53.5993,-60.8592,2007,139.0077,0.4965,2026-09-16,[],-2.4999,7.0227,10.5225,-11.8900,97.1329,629.1700,21.8,
007139,富国民裕进取沪港深成长A,国内权益,2019-05-21,7.3238,6.6380,富国基金,混合型-偏股,,赵年珅,2025-12-12,0.7611,1,0.15%,开放申购,-3.1241,11.1168,-1.3377,,,9.3118,25.0531,-51.7689,-55.4446,-55.4446,2020,68.0359,-0.2439,2026-09-16,['011556'],-1.3373,6.7379,9.3118,-6.5100,91.9500,91.9500,21.6,
002168,嘉实智能汽车股票,国内权益,2016-02-04,10.6146,32.2423,嘉实基金,股票型,,姚志鹏,2018-03-20,8.4928,0,0.15%,开放申购,-11.1819,2.8808,-10.7083,10.9638,7.6319,9.0569,30.8783,-69.1962,-69.1962,-69.1962,2020,90.2168,-0.3876,2026-09-16,[],-10.7088,7.5251,9.0569,-43.2400,106.5844,151.0000,21.5,
163110,申万菱信量化小盘股票(LOF)A,国内权益,2011-06-16,15.2526,2.3916,申万菱信基金,股票型,,夏祥全,2025-08-11,1.0979,2,0.15%,开放申购,-0.6628,6.2595,-2.0399,6.5642,3.7726,9.0235,22.2394,-47.2635,-48.2712,-48.2712,2015,85.7039,-0.1423,2026-09-16,['013918'],-2.0395,4.3499,9.4928,-9.7900,53.0807,298.7800,21.4,
070006,嘉实服务增值行业混合,国内权益,2004-04-01,22.4586,7.7322,嘉实基金,混合型-灵活,,常蓁,2024-06-19,2.2423,2,0.15%,开放申购,-3.8388,-1.7448,-6.0600,3.7014,-0.4019,9.0381,16.4884,-44.6554,-52.2502,-56.9456,2007,124.6780,-0.4006,2026-09-16,[],-6.0591,-0.5122,9.2854,-26.8400,-5.0056,634.6000,21.3,
519692,交银成长混合,国内权益,2006-10-23,19.8987,20.9519,交银施罗德基金,混合型-偏股,,徐森洲,2025-09-27,0.9692,1,0.15%,开放申购,13.8347,5.4220,-2.9245,6.9418,3.3031,9.8872,23.3662,-51.8081,-53.7810,-58.5536,2007,123.5230,0.2657,2026-09-16,[],-2.9241,3.1221,10.4788,-13.7900,35.9936,626.4300,21.0,
229002,宏利逆向策略混合,国内权益,2012-05-23,14.3162,1.2481,宏利基金,混合型-偏股,,李婷婷,2024-12-06,1.7769,3,0.15%,开放申购,8.0920,9.0520,-3.0883,8.1706,4.1452,9.7568,20.2957,-46.7493,-49.3949,-50.4997,2020,60.8343,0.2319,2026-09-16,[],-3.0890,4.0713,9.7567,-14.5200,49.0421,279.1600,20.9,
002562,泓德泓益量化混合A,国内权益,2016-04-26,10.3901,3.2182,泓德基金,混合型-偏股,,"苏昌景,孙泽宇",2023-12-15,2.7543,1,0.15%,开放申购,9.3650,9.1100,-2.3317,10.1638,7.6687,7.9840,18.8694,-52.2886,-56.1221,-56.1221,2020,70.8193,0.3988,2026-09-16,['022708'],-2.3323,7.5778,7.9840,-11.1300,107.5993,122.1300,20.8,
000566,华泰柏瑞创新升级混合A,国内权益,2014-05-06,12.3641,2.8503,华泰柏瑞基金,混合型-灵活,,刘腾飞,2025-10-20,0.9062,2,0.12%,开放申购,-6.7312,-1.0852,-7.8317,6.2083,7.0977,11.0804,21.3702,-49.2172,-50.0675,-50.0675,2020,58.7456,-0.3313,2026-09-16,['010028'],-7.8326,6.9824,11.0803,-33.4900,96.3921,266.6600,20.8,
070001,嘉实成长收益混合A,国内权益,2002-11-05,23.8631,15.9075,嘉实基金,混合型-偏股,,方晗,2024-12-16,1.7495,1,0.15%,开放申购,3.1076,5.4884,-5.5919,2.9136,1.2756,8.1435,18.0662,-51.7513,-57.8706,-70.1400,2006,116.5874,0.1168,2026-09-16,['960024'],-5.5912,1.2986,10.9250,-25.0000,13.7719,1087.2400,20.6,
003751,万家瑞隆混合A,国内权益,2016-11-30,9.7933,1.2124,万家基金,混合型-偏股,,刘洋,2018-09-18,7.9945,0,0.15%,开放申购,-1.5355,2.4822,-4.6435,10.5640,,7.4086,24.1357,-51.8069,-51.8069,-51.8069,2021,50.5401,-0.0923,2026-09-16,['015384'],-4.6437,7.2500,7.4086,-21.1600,101.3600,101.3600,20.5,
005968,创金合信工业周期股票A,国内权益,2018-05-17,8.3340,11.2224,创金合信基金,股票型,,李游,2018-05-17,8.3340,0,0.15%,开放申购,-1.2452,0.5884,-10.4374,11.8573,,8.9709,27.2607,-62.8621,-64.2912,-64.2912,2020,127.4889,-0.0205,2026-09-16,['005969'],-10.4368,7.4224,8.9709,-42.3700,104.6200,104.6200,20.4,
100029,富国天成红利混合,国内权益,2008-05-28,18.3025,4.9139,富国基金,混合型-灵活,,毛一凡,2025-03-24,1.4812,1,0.15%,开放申购,9.8624,3.2175,-6.3355,7.2619,5.1516,7.5548,14.3356,-45.0021,-46.4454,-46.4454,2020,65.9066,0.7570,2026-09-16,[],-6.3355,5.5497,8.6360,-27.9100,71.6208,355.4200,19.9,
040005,华安宏利混合A,国内权益,2006-09-06,20.0274,18.7178,华安基金,混合型-偏股,,王春,2016-09-21,9.9849,0,0.15%,开放申购,-17.8606,-7.0314,-13.7284,5.2598,3.6218,9.3891,26.2023,-60.5471,-62.3392,-62.3392,2007,151.4447,-0.5373,2026-09-16,['016294'],-13.7285,3.5371,9.6623,-52.2100,41.5662,534.2200,19.9,
004139,中邮军民融合灵活配置混合A,国内权益,2017-04-01,9.4593,7.0173,中邮基金,混合型-灵活,,王高,2023-12-11,2.7652,3,0.15%,开放申购,2.8903,6.2086,-1.5646,11.6019,,7.6873,28.4227,-55.8522,-55.8522,-55.8522,2020,90.3104,0.0240,2026-09-16,['022243'],-1.5642,7.2569,7.6873,-7.5800,101.4900,101.4900,19.8,
519655,银河服务混合A,国内权益,2015-04-22,11.4031,1.9737,银河基金,混合型-灵活,,施文琪,2023-12-13,2.7598,3,0.15%,开放申购,-0.9014,6.5429,-3.8774,10.3336,7.5912,5.4172,18.8951,-47.8856,-52.4961,-52.4961,2020,87.5110,-0.0986,2026-09-16,['018889'],-3.8772,7.5180,5.4172,-17.9400,106.4480,82.5000,19.8,
200007,长城安心回报混合A,国内权益,2006-08-22,20.0684,8.0587,长城基金,混合型-灵活,,"韩林,唐然",2023-02-10,3.5975,1,0.15%,开放申购,7.5392,6.7456,-4.1325,7.9893,5.6528,2.9537,18.6495,-49.8791,-52.1993,-83.1436,2020,63.2704,0.1192,2026-09-16,['015965'],-4.1316,5.5618,8.2305,-19.0200,71.8169,389.0400,19.5,
005927,创金合信新能源汽车股票A,国内权益,2018-05-08,8.3587,5.8141,创金合信基金,股票型,,曹春林,2018-05-08,8.3587,0,0.15%,开放申购,8.5681,5.3191,-11.5543,9.7615,,9.0651,30.0385,-64.7673,-67.1380,-67.1380,2020,92.6696,0.2071,2026-09-16,['005928'],-11.5554,7.5228,9.0651,-45.8800,106.5400,106.5400,19.4,
398011,中海分红增利混合,国内权益,2005-06-16,21.2512,3.5805,中海基金,混合型-灵活,,邱红丽,2016-08-05,10.1136,0,0.15%,开放申购,14.8619,15.1167,-3.1128,5.2667,4.5292,5.0040,37.3733,-65.0398,-73.3442,-73.3442,2006,86.8990,0.2698,2026-09-16,[],-3.1117,7.3494,7.4809,-14.6200,103.2336,363.2600,19.3,
000711,嘉实医疗保健股票,国内权益,2014-08-13,12.0931,7.4083,嘉实基金,股票型,,郝淼,2021-07-27,5.1389,0,0.15%,开放申购,12.3070,10.0689,-3.9759,8.6868,7.3633,8.2870,28.8832,-57.1302,-61.0411,-61.0411,2020,63.9891,0.2808,2026-09-16,[],-3.9758,7.2307,8.2870,-18.3600,100.9977,161.9000,19.3,
002300,长盛医疗量化股票A,国内权益,2016-02-03,10.6174,1.0169,长盛基金,股票型,,郝征,2024-08-12,2.0945,3,0.15%,开放申购,-8.1681,6.8614,-3.3100,9.9433,7.3935,7.3836,26.7228,-47.4066,-53.7037,-53.7037,2020,91.4992,-0.3693,2026-09-16,['018009'],-3.3100,7.2709,7.3836,-15.4900,101.7519,113.0500,19.2,
005303,嘉实医药健康股票A,国内权益,2017-12-04,8.7830,6.2411,嘉实基金,股票型,,"郝淼,孙晓晖",2025-04-11,1.4319,1,0.15%,开放申购,3.0185,9.4810,-3.3146,11.0939,,8.5644,27.8301,-53.3156,-57.4502,-57.4502,2020,78.9310,0.0324,2026-09-16,['005304'],-3.3146,7.4842,8.5644,-15.5100,105.8000,105.8000,19.0,
003745,广发多元新兴股票,国内权益,2017-04-25,9.3936,38.0403,广发基金,股票型,,周智硕,2025-09-10,1.0157,2,0.15%,开放申购,4.4379,13.4107,-3.8228,12.2471,,8.4443,27.2355,-59.2238,-62.0167,-62.0167,2019,110.5916,0.0885,2026-09-16,[],-3.8234,7.9125,8.4443,-17.7100,114.1500,114.1500,18.9,
630015,华商大盘量化精选混合,国内权益,2013-04-09,13.4374,1.6189,华商基金,混合型-灵活,,艾定飞,2022-01-14,4.6708,2,0.15%,开放申购,-7.0239,-1.2590,-5.5546,7.1213,3.7214,8.6032,20.0759,-48.0642,-48.0642,-55.5178,2020,59.5924,-0.4590,2026-09-16,[],-5.5535,3.5875,8.6032,-24.8500,42.2563,203.1300,18.8,
519068,汇添富成长焦点混合,国内权益,2007-03-12,19.5154,40.0268,汇添富基金,混合型-偏股,,陈潇扬,2024-05-17,2.3326,2,0.15%,开放申购,2.8816,3.8664,-5.5131,4.7077,5.0388,7.0395,20.9507,-50.9085,-62.0770,-62.0770,2015,80.9817,0.0350,2026-09-16,[],-5.5133,4.9747,8.3130,-24.6900,62.4980,375.1200,18.1,
020003,国泰金龙行业混合,国内权益,2003-12-05,22.7817,9.0936,国泰基金,混合型-灵活,,陈异,2023-09-01,3.0418,3,0.12%,开放申购,-1.6402,2.1684,-6.7931,5.0313,1.4221,4.5456,25.0719,-56.4286,-59.8023,-87.1887,2007,140.3368,-0.1656,2026-09-16,[],-6.7921,1.4077,10.6825,-29.6500,15.0035,909.7000,17.8,
000924,宝盈先进制造混合A,国内权益,2014-12-17,11.7481,4.1000,宝盈基金,混合型-灵活,,朱凯,2023-04-15,3.4223,2,0.15%,开放申购,-11.2682,2.2534,-8.6190,12.3110,8.5339,8.8421,28.9803,-63.3483,-63.3483,-63.3483,2019,82.8097,-0.2789,2026-09-16,['007579'],-8.6192,8.3400,8.8380,-36.2800,122.7870,170.4600,17.6,
398001,中海优质成长混合,国内权益,2004-09-28,21.9658,8.6079,中海基金,混合型-灵活,,许定晴,2020-03-14,6.5079,0,0.12%,开放申购,-14.4840,-4.7260,-11.1466,6.1017,3.8345,4.2094,24.5727,-56.4855,-57.0999,-81.1324,2006,104.3889,-0.5858,2026-09-16,[],-11.2245,3.6295,9.1987,-44.8600,42.8350,591.0000,17.4,
519690,交银稳健配置混合,国内权益,2006-06-14,20.2574,10.2911,交银施罗德基金,混合型-灵活,,芮晨,2025-04-22,1.4018,2,0.15%,开放申购,-21.1060,-4.8238,-8.0486,0.5537,3.0069,5.6932,22.2808,-47.9099,-49.0812,-66.2631,2007,105.0216,-0.8956,2026-09-16,[],-8.0498,2.9235,8.7733,-34.2700,33.3962,449.3500,17.3,
470021,汇添富优选回报混合A,国内权益,2013-01-24,13.6427,1.1296,汇添富基金,混合型-灵活,,赖中立,2024-05-17,2.3326,2,0.15%,开放申购,19.4269,13.3494,-0.0288,10.0312,7.4909,5.5298,34.7278,-60.1557,-60.1557,-60.1557,2020,54.1839,0.2961,2026-09-16,['002418'],-0.0280,7.4909,5.5298,-0.1400,105.9289,108.4000,17.2,
000452,南方医药保健混合A,国内权益,2014-01-23,12.6461,17.2459,南方基金,混合型-偏股,,蔡强,2025-10-17,0.9144,1,0.15%,开放申购,-2.6170,9.7787,-6.9061,8.4594,7.2866,10.0619,26.6837,-59.0267,-64.7739,-64.7739,2020,75.5062,-0.1757,2026-09-16,['014933'],-6.9063,7.1948,10.0619,-30.0800,100.3267,236.1600,17.1,
000220,富国医疗保健行业混合A,国内权益,2013-08-07,13.1088,6.6304,富国基金,混合型-偏股,,孙笑悦,2023-03-18,3.4990,2,0.15%,开放申购,-16.2044,1.7995,-8.5123,7.6372,5.6014,9.4412,28.5435,-54.8093,-59.7267,-59.7267,2020,82.0503,-0.6252,2026-09-16,['011151'],-8.5133,5.4849,9.4412,-35.9100,70.5698,226.3000,16.7,
001298,金鹰民族新兴混合A,国内权益,2015-06-02,11.2909,3.6600,金鹰基金,混合型-灵活,,陈颖,2025-01-14,1.6701,3,0.15%,开放申购,-16.3488,7.7841,-10.3115,13.9336,9.2871,8.1831,29.7051,-64.3452,-64.6623,-64.6623,2020,84.3674,-0.6364,2026-09-16,['023581'],-10.3128,9.2871,8.1832,-41.9700,143.0465,143.0500,16.6,
233007,大摩卓越成长混合,国内权益,2010-05-18,16.3313,3.1116,摩根士丹利基金,混合型-偏股,,王大鹏,2023-02-06,3.6085,1,0.15%,开放申购,14.0241,5.8532,-4.1743,6.6662,4.7827,8.6847,21.2411,-52.9810,-57.8611,-57.8611,2015,81.5725,0.6729,2026-09-16,[],-4.1742,4.6358,8.6847,-19.2000,57.3271,289.6500,16.4,
210003,金鹰行业优势混合A,国内权益,2009-07-01,17.2101,2.7129,金鹰基金,混合型-偏股,,倪超,2016-06-15,10.2533,0,0.15%,开放申购,4.7033,1.1013,-11.3331,10.4795,7.6307,6.2814,29.7514,-62.0478,-62.9907,-62.9907,2020,75.4920,-0.0148,2026-09-16,['018057'],-11.3342,7.4913,6.4308,-45.2000,105.9366,192.3000,16.4,
001417,汇添富医疗服务灵活配置混合A,国内权益,2015-06-18,11.2471,22.3477,汇添富基金,混合型-灵活,,张韡,2023-11-23,2.8145,1,0.15%,开放申购,-11.5619,14.2643,-5.0432,7.8892,7.4516,5.0694,28.0523,-56.7394,-61.4416,-61.4416,2020,67.9807,-0.4062,2026-09-16,"['015122', '015121']",-5.0438,7.3760,5.0694,-22.8000,103.7383,74.4000,16.3,
530011,建信内生动力混合A,国内权益,2010-11-16,15.8330,1.7429,建信基金,混合型-偏股,,杨荔媛,2025-08-25,1.0595,3,0.15%,开放申购,27.0849,9.9794,-4.1346,8.3864,7.2492,7.0348,22.4498,-52.1639,-56.8067,-56.8067,2020,75.0739,0.9767,2026-09-16,['016282'],-4.1340,7.7803,7.4109,-19.0300,111.5413,210.1600,16.0,
530001,建信恒久价值混合,国内权益,2005-12-01,20.7912,8.0072,建信基金,混合型-偏股,,蒋严泽,2024-02-22,2.5654,2,0.15%,开放申购,-10.1775,1.6956,-9.9486,6.9199,2.7133,5.0093,21.2359,-54.4345,-54.4345,-61.6012,2020,89.0365,-0.5469,2026-09-16,[],-9.9479,4.2568,9.7307,-40.7800,51.7207,589.4000,15.6,
000339,长城医疗保健混合A,国内权益,2014-02-28,12.5476,2.3280,长城基金,混合型-偏股,,谭小兵,2022-10-28,3.8850,2,0.15%,开放申购,-15.4670,2.9949,-8.4517,9.0342,7.4614,8.5363,27.1472,-56.4458,-57.9838,-57.9838,2019,74.9981,-0.6568,2026-09-16,['015562'],-8.4506,7.3593,8.5363,-35.6900,103.4207,179.5000,15.6,
001542,国泰互联网+股票,国内权益,2015-08-04,11.1184,6.4014,国泰基金,股票型,,孙家旭,2023-08-30,3.0472,1,0.15%,开放申购,-5.5074,2.0550,-7.5016,5.8799,6.8289,8.1867,33.6034,-53.8484,-58.0654,-58.0654,2020,75.6000,-0.1820,2026-09-16,[],-7.5024,6.7260,8.1867,-32.2900,91.7358,139.8600,15.6,
005402,广发资源优选股票A,国内权益,2017-12-14,8.7556,8.1842,广发基金,股票型,,苏文杰,2025-06-17,1.2485,1,0.15%,开放申购,20.9503,11.3172,-6.9941,11.4644,,8.5235,25.3023,-55.9455,-59.0997,-59.0997,2020,65.4835,0.6001,2026-09-16,['010235'],-6.9943,7.4245,8.5235,-30.4100,104.6600,104.6600,15.4,
003095,中欧医疗健康混合A,国内权益,2016-09-29,9.9630,127.3557,中欧基金,混合型-偏股,,"葛兰,赵磊",2025-07-04,1.2019,1,0.15%,限大额,-6.5886,0.0895,-10.9318,7.1807,,7.8064,27.0117,-62.9986,-67.3644,-67.3644,2020,99.4213,-0.2966,2026-09-16,['003096'],-10.9333,7.8853,7.9157,-43.9500,113.6100,113.6100,14.9,
340008,兴全有机增长混合,国内权益,2009-03-25,17.4784,10.6048,兴证全球基金,混合型-灵活,,"虞淼,徐留明",2026-02-02,0.6188,2,0.15%,开放申购,10.5475,1.2799,-6.1594,6.3606,4.2865,8.8594,17.2088,-51.4682,-51.4682,-51.4682,2015,62.8887,0.5346,2026-09-16,[],-6.1595,4.1987,8.8594,-27.2300,50.8777,340.9200,14.4,
003984,嘉实新能源新材料股票A,国内权益,2017-03-16,9.5031,27.9245,嘉实基金,股票型,,姚志鹏,2026-01-22,0.6489,1,0.15%,开放申购,-8.6761,6.3507,-9.6962,12.8886,,8.5128,31.0580,-69.3067,-69.3067,-69.3067,2020,103.7942,-0.3114,2026-09-16,['003985'],-9.6969,8.0732,8.5128,-39.9500,117.3600,117.3600,14.1,
000523,国投瑞银医疗保健混合A,国内权益,2014-02-25,12.5558,1.0275,国投瑞银基金,混合型-灵活,,刘泽序,2024-06-06,2.2779,2,0.15%,开放申购,7.7844,12.4074,-3.6842,8.3935,3.1898,7.1561,26.4235,-56.2670,-57.2145,-57.2145,2020,54.7650,0.1938,2026-09-16,['011082'],-3.6836,5.2512,8.8945,-17.1100,66.8289,191.5000,13.5,
007484,信澳核心科技混合A,国内权益,2019-08-14,7.0910,2.2342,信达澳亚基金,混合型-偏股,,徐聪,2023-02-16,3.5811,2,0.15%,开放申购,-20.8195,-0.5510,-7.4104,,,8.8874,31.8057,-60.0731,-60.0731,-60.0731,2020,51.0293,-0.7254,2026-09-16,['018203'],-7.4097,6.2236,8.8875,-31.9500,82.8978,82.9000,13.1,
379010,摩根中小盘混合A,国内权益,2009-01-21,17.6509,3.8170,摩根基金(中国),混合型-偏股,,叶敏,2025-05-29,1.3005,1,0.15%,开放申购,24.6858,21.3184,-3.1075,11.6445,7.3162,7.9850,30.0412,-62.6331,-64.8065,-64.8065,2019,72.3436,0.8228,2026-09-16,['017178'],-3.1072,7.2129,7.9850,-14.6000,100.6641,288.0600,12.4,
163801,中银中国混合(LOF)A,国内权益,2005-01-04,21.6975,7.2324,中银基金,混合型-灵活,,杨亦然,2025-04-24,1.3963,2,0.15%,开放申购,-11.4202,-3.9930,-10.9779,0.3978,0.6265,9.1044,22.2467,-57.0337,-62.7355,-62.7355,2007,124.3342,-0.4839,2026-09-16,['014537'],-10.9779,0.5112,9.8875,-44.0900,5.2311,673.5300,12.4,
340007,兴全社会责任混合,国内权益,2008-04-30,18.3792,31.5239,兴证全球基金,混合型-偏股,,何以广,2024-09-30,1.9603,2,0.15%,开放申购,9.3715,4.2148,-7.4334,3.8021,3.3261,7.6302,23.8113,-59.6581,-62.8463,-62.8463,2009,79.3451,0.3058,2026-09-16,[],-7.4342,3.2706,8.3700,-32.0400,37.9643,338.1300,12.1,
519001,银华价值优选混合,国内权益,2005-09-27,20.9692,14.0480,银华基金,混合型-偏股,,苏静然,2024-04-18,2.4120,1,0.15%,开放申购,-22.4679,-10.1472,-14.9032,-1.6216,-3.4091,2.5105,17.7918,-57.5601,-62.4286,-80.0475,2006,149.0866,-1.4258,2026-09-16,[],-14.9046,-3.5038,8.5791,-55.3800,-29.9995,461.7800,11.5,
006769,长城研究精选混合A,国内权益,2019-08-14,7.0910,2.2999,长城基金,混合型-偏股,,林皓,2026-02-06,0.6078,2,0.15%,开放申购,28.6887,14.6739,-2.7332,,,8.5323,23.8089,-59.2316,-61.7144,-61.7144,2020,78.3826,0.8287,2026-09-16,['014538'],-2.7334,5.9778,8.5323,-12.9400,78.7100,78.7100,11.4,
213001,宝盈鸿利收益灵活配置混合A,国内权益,2002-10-08,23.9398,7.6009,宝盈基金,混合型-灵活,,"侯嘉敏,张戈",2025-01-25,1.6400,3,0.15%,开放申购,-8.0603,-0.6565,-10.2480,6.2234,5.6664,5.4422,25.7266,-60.9304,-64.3424,-72.5091,2006,124.6510,-0.3624,2026-09-16,['007581'],-10.2480,5.9513,8.8641,-41.7600,78.2632,663.8600,11.3,
270005,广发聚丰混合A,国内权益,2005-12-23,20.7310,39.1645,广发基金,混合型-偏股,,苏文杰,2025-01-09,1.6838,2,0.15%,开放申购,14.8777,3.5463,-9.6928,3.2043,0.1696,1.0001,24.1703,-66.9514,-70.5971,-90.8639,2006,133.1395,0.4985,2026-09-16,['010025'],-9.6939,0.1314,8.8410,-39.9400,1.3221,479.0900,10.5,
001951,金鹰改革红利混合,国内权益,2015-12-02,10.7899,12.9745,金鹰基金,混合型-灵活,,"韩广哲,李恒",2025-12-31,0.7091,1,0.15%,开放申购,35.1750,8.6043,-9.1964,11.5722,7.4238,7.5901,33.0378,-67.8794,-67.8794,-67.8794,2020,97.4865,0.8266,2026-09-16,[],-9.1972,7.4138,7.5901,-38.2700,104.4568,120.2000,9.9,
080012,长盛电子信息产业混合A,国内权益,2012-03-27,14.4723,2.9776,长盛基金,混合型-偏股,,杨秋鹏,2022-07-22,4.1533,1,0.15%,开放申购,-10.9429,3.8617,-7.7274,2.6643,-1.7965,7.3379,26.0710,-61.6537,-64.2775,-64.2775,2015,84.6835,-0.6720,2026-09-16,['018010'],-7.7275,-0.9019,8.1950,-33.1100,-8.6620,212.6500,9.9,
310308,申万菱信盛利精选混合A,国内权益,2004-04-09,22.4367,5.8697,申万菱信基金,混合型-偏股,,龚霄,2025-12-15,0.7529,6,0.15%,开放申购,3.5821,6.6704,-8.5457,3.7648,3.5360,4.6136,17.3500,-60.0784,-65.6036,-65.6036,2006,101.6033,0.1667,2026-09-16,['022733'],-8.5447,4.3578,8.7513,-36.0200,53.1965,556.8600,8.9,
519087,新华优选分红混合A,国内权益,2005-09-16,20.9993,17.8858,新华基金,混合型-灵活,,姚海明,2026-08-21,0.0712,2,0.12%,开放申购,75.4228,43.0700,14.1828,19.8428,14.5241,9.4241,35.4093,-57.7825,-60.9609,-79.1695,2009,94.5766,1.7610,2026-09-16,[],13.4402,14.5241,15.8534,87.8600,,2098.0800,,
000017,财通可持续混合A,国内权益,2013-03-27,13.4730,6.7505,财通基金,混合型-偏股,,骆莹,2026-09-04,0.0329,1,0.15%,开放申购,87.4706,55.6227,18.5253,23.1026,16.2362,17.1858,31.6422,-47.2610,-57.9050,-58.5691,2025,89.0048,2.0479,2026-09-16,[],17.6612,16.2362,18.9788,125.5100,,939.4400,,
519770,交银优择回报灵活配置混合A,国内权益,2016-04-22,10.4011,44.1628,交银施罗德基金,混合型-灵活,,"周珊珊,高扬",2026-07-25,0.1451,5,0.08%,开放申购,89.3211,61.1785,33.0875,24.1297,20.0173,19.3691,24.7098,-29.3153,-29.3153,-29.3153,2025,144.1862,2.4069,2026-09-16,['519771'],32.3951,20.0173,19.1351,306.7800,,517.8700,,
001412,德邦鑫星价值灵活配置混合A,国内权益,2015-06-19,11.2444,33.6593,德邦基金,混合型-灵活,,陆阳,2026-05-29,0.3012,7,0.15%,开放申购,60.4379,72.4868,32.8211,23.8418,19.6792,17.5876,41.2900,-45.7976,-45.7976,-45.7976,2025,129.1882,1.4129,2026-09-16,['002112'],31.7330,19.6792,17.4662,296.7100,,511.1200,,
519158,新华趋势领航混合,国内权益,2013-09-11,13.0130,7.6913,新华基金,混合型-偏股,,蔡春红,2026-08-21,0.0712,4,0.15%,开放申购,88.8744,46.7812,11.6987,22.1695,15.8611,19.0514,37.5942,-70.2724,-70.2724,-70.2724,2025,78.4699,1.7548,2026-09-16,[],9.4939,15.8611,18.4910,57.3800,,809.6400,,
519732,交银定期支付双息平衡混合,国内权益,2013-09-04,13.0322,40.6927,交银施罗德基金,混合型-平衡,,徐嘉辰,2026-08-29,0.0493,4,0.15%,开放申购,47.0411,24.7838,11.9198,15.6534,16.3304,18.1566,21.3576,-29.6720,-44.2462,-44.2462,2015,55.8559,1.5840,2026-09-16,[],11.2615,16.3304,18.0363,70.5000,,768.0000,,
000522,华润元大信息传媒科技混合A,国内权益,2014-03-31,12.4627,3.0672,华润元大基金,混合型-偏股,,李武群,2026-03-20,0.4928,2,0.15%,开放申购,43.1561,47.0545,23.3400,25.4119,17.3841,17.0946,36.4086,-37.5088,-45.3284,-62.3114,2025,77.7807,1.3122,2026-09-16,[],21.5854,17.3841,16.9540,165.7100,,604.1300,,
050022,博时回报混合,国内权益,2011-11-08,14.8556,8.4715,博时基金,混合型-灵活,,刘宁,2026-08-05,0.1150,2,0.15%,开放申购,55.0493,41.5220,15.5943,22.7921,15.6678,14.8605,30.8122,-48.8368,-48.8368,-48.8368,2019,95.9947,1.4186,2026-09-16,[],14.0259,15.6678,15.0529,92.7600,,702.9100,,
000698,宝盈科技30混合,国内权益,2014-08-13,12.0931,20.4147,宝盈基金,混合型-灵活,,"容志能,赵国进",2026-06-13,0.2601,4,0.15%,开放申购,29.1062,41.2156,13.9493,24.1003,16.8601,17.9739,34.6499,-57.6647,-57.6647,-61.3543,2025,107.5026,0.9239,2026-09-16,[],13.0461,16.8601,17.8637,84.6200,,629.8000,,
213003,宝盈策略增长混合,国内权益,2007-01-19,19.6578,22.3939,宝盈基金,混合型-偏股,,"容志能,张戈",2026-07-04,0.2026,3,0.15%,开放申购,24.0960,41.0443,13.7352,18.4916,10.2849,7.9059,34.9941,-55.1500,-55.1500,-75.3704,2025,114.2687,0.8173,2026-09-16,[],12.7594,10.2849,9.3293,82.2900,,477.4000,,
740001,长安宏观策略混合A,国内权益,2012-03-09,14.5216,5.4601,长安基金,混合型-偏股,,"王浩聿,林忠晶",2026-07-29,0.1342,4,0.15%,开放申购,61.3149,37.0283,17.8262,15.1553,9.6072,12.5148,37.6835,-45.1561,-45.1561,-49.9452,2025,101.0870,1.5399,2026-09-16,[],15.3528,9.6072,12.3739,104.2400,,444.1800,,
530019,建信社会责任混合A,国内权益,2012-08-14,14.0890,3.2287,建信基金,混合型-偏股,,赵荣杰,2026-03-24,0.4819,4,0.15%,开放申购,66.3265,23.5332,6.8955,12.9081,8.8925,11.3778,35.4112,-62.9352,-68.2601,-68.2601,2025,63.1282,1.7301,2026-09-16,[],11.6387,8.8925,13.2605,73.4100,,477.9800,,
160220,国泰民益混合(LOF)A,国内权益,2013-12-30,12.7118,2.5028,国泰基金,混合型-灵活,,赵大震,2026-06-23,0.2327,2,0.15%,开放申购,71.6333,36.6010,20.5765,18.8087,13.4851,12.8011,21.4992,-30.2893,-30.2893,-30.2893,2025,56.9758,1.9727,2026-09-16,['160226'],19.7567,13.4851,12.5533,146.3200,,349.6300,,
001075,宝盈转型动力混合A,国内权益,2015-04-29,11.3840,29.9597,宝盈基金,混合型-灵活,,"容志能,叶秀贤",2026-06-13,0.2601,5,0.15%,开放申购,49.4369,60.8540,26.8166,25.8135,17.1418,11.6416,37.0827,-39.8012,-41.4298,-60.4167,2025,126.5152,1.2711,2026-09-16,[],25.1939,17.1418,11.4851,207.5500,,244.7600,,
002810,金信转型创新成长混合发起式A,国内权益,2016-06-08,10.2724,1.1526,金信基金,混合型-灵活,,杨超,2026-06-10,0.2683,5,0.15%,开放申购,31.7572,30.6981,17.5802,22.4228,14.6047,14.6601,28.7299,-39.6649,-39.6649,-39.6649,2020,92.7152,1.3949,2026-09-16,[],17.9023,14.6047,14.9478,127.8300,,318.3000,,
160215,国泰价值经典混合(LOF),国内权益,2010-08-13,16.0931,3.3402,国泰基金,混合型-灵活,,赵大震,2026-04-08,0.4408,3,0.15%,开放申购,31.4193,20.6898,9.4394,14.4628,12.0877,11.1193,29.5434,-49.6808,-49.6808,-51.1757,2025,54.2541,0.9674,2026-09-16,[],8.4804,12.0877,10.9543,50.2300,,432.7300,,
001040,新华策略精选股票A,国内权益,2015-03-31,11.4634,17.0875,新华基金,股票型,,王永明,2026-08-21,0.0712,2,0.15%,开放申购,85.2841,46.1216,16.5474,23.9677,17.9797,14.9787,36.8909,-57.9392,-60.3873,-60.3873,2025,78.7511,1.6130,2026-09-16,[],13.9429,17.9797,14.1797,92.0600,,357.2600,,
001607,英大策略优选A,国内权益,2015-12-02,10.7899,0.9615,英大基金,混合型-灵活,,"张媛,张大铮",2023-03-31,3.4634,1,0.08%,开放申购,66.0755,25.0129,12.6368,20.5356,16.5636,15.6860,26.6303,-39.5994,-39.5994,-39.5994,2019,56.4535,1.5475,2026-09-16,['001608'],11.8504,16.5636,15.5019,75.0600,,373.5100,,
001479,中邮风格轮动灵活配置混合,国内权益,2016-01-27,10.6366,0.8942,中邮基金,混合型-灵活,,江刘玮,2026-05-19,0.3285,7,0.15%,开放申购,42.0997,25.2284,11.4395,19.4488,14.4005,13.9742,27.7749,-44.3699,-44.3699,-44.3699,2020,63.1902,1.0197,2026-09-16,[],9.9287,14.4005,14.7897,60.5300,,333.6700,,
001470,融通通鑫灵活配置混合A,国内权益,2015-06-15,11.2553,0.9229,融通基金,混合型-灵活,,王迪,2026-06-13,0.2601,3,0.05%,开放申购,66.7390,21.4599,16.2569,14.4342,12.2641,11.0587,20.1433,-27.0783,-27.0783,-27.0783,2026,64.2437,1.3885,2026-09-16,[],15.2453,12.2641,10.7227,103.2900,,214.7000,,
000845,国投瑞银信息消费混合A,国内权益,2014-12-03,11.7864,0.9672,国投瑞银基金,混合型-灵活,,"马柯,王方",2026-09-02,0.0383,5,0.15%,开放申购,51.6167,25.0416,10.2522,13.0881,8.8352,12.2602,29.7800,-43.3972,-43.9562,-43.9562,2015,55.7087,1.3464,2026-09-16,[],9.1339,8.8352,12.1626,54.8100,,286.8400,,
001877,宝盈国家安全沪港深股票A,国内权益,2016-01-20,10.6557,9.7994,宝盈基金,股票型,,"容志能,赵国进",2026-07-04,0.2026,3,0.15%,开放申购,83.6172,41.4760,13.8556,20.3152,11.1090,12.0566,34.0022,-51.1113,-51.1113,-51.1113,2025,95.7621,1.7919,2026-09-16,[],13.3385,11.1090,11.8296,87.0200,,229.1600,,
002849,金信智能中国2025混合A,国内权益,2016-07-01,10.2094,4.5941,金信基金,混合型-灵活,,杨超,2026-06-06,0.2793,4,0.15%,开放申购,16.4659,20.5482,14.0277,15.1606,12.5267,12.1994,12.3339,-9.1734,-16.4545,-16.4545,2019,38.9356,1.2061,2026-09-16,[],13.5499,12.5267,12.2450,88.7700,,225.2200,,
673050,西部利得新盈混合A,国内权益,2016-01-22,10.6502,1.4834,西部利得基金,混合型-灵活,,吴海健,2026-04-18,0.4134,7,0.12%,开放申购,51.9221,22.8065,11.7767,14.1715,11.6050,11.0144,32.1072,-43.5334,-43.5334,-43.5334,2025,46.8238,1.9128,2026-09-16,[],12.0769,11.6050,11.3852,76.8400,,215.3000,,
001148,申万菱信多策略灵活配置混合A,国内权益,2015-03-31,11.4634,4.0660,申万菱信基金,混合型-灵活,,高付,2026-06-04,0.2847,8,0.07%,开放申购,9.0595,23.3798,11.1970,12.3021,10.9048,10.2570,21.4509,-35.5596,-35.5596,-35.5596,2025,36.2336,0.7246,2026-09-16,['001724'],11.5846,10.9048,10.4829,72.9900,,213.5500,,
001037,国投瑞银锐意改革混合A,国内权益,2015-03-31,11.4634,6.1269,国投瑞银基金,混合型-灵活,,"马柯,陈郑宇",2026-09-05,0.0301,5,0.15%,开放申购,57.0594,45.2842,11.3999,21.5634,13.7244,10.6648,33.1966,-55.8834,-56.7969,-62.6506,2025,69.3850,1.4639,2026-09-16,[],10.3177,13.7244,10.4641,63.3900,,212.9400,,
519172,浦银睿智精选混合A,国内权益,2016-02-03,10.6174,0.6069,浦银基金,混合型-灵活,,秦闻,2021-01-29,5.6290,0,0.15%,开放申购,62.7204,32.8688,10.1385,18.0741,11.5882,11.6759,30.9335,-49.9095,-50.3810,-50.3810,2019,60.2362,1.8591,2026-09-16,['519173'],9.1269,11.5882,11.5942,54.7600,,220.5000,,
002145,诺安景鑫灵活配置混合,国内权益,2015-12-08,10.7734,0.7861,诺安基金,混合型-灵活,,李玉良,2020-04-22,6.4011,0,0.15%,开放申购,18.4125,30.3834,7.7242,17.5708,11.6285,10.8324,23.7122,-43.8661,-43.8661,-43.8661,2025,60.8820,0.9642,2026-09-16,[],8.4515,11.6285,10.8109,50.0300,,202.2100,,
501046,财通多策略福鑫定开混合,国内权益,2017-10-23,8.8980,8.5083,财通基金,混合型-灵活,,金梓才,2022-03-04,4.5366,1,0.15%,暂停申购,140.1786,81.1480,23.2534,35.4727,,29.0259,42.4045,-56.8025,-58.1963,-58.1963,2026,103.8954,2.2943,2026-09-16,[],23.2532,25.4528,29.0258,184.4400,865.6134,865.6100,,
006401,先锋量化优选混合A,国内权益,2019-05-15,7.3402,0.4008,先锋基金,混合型-灵活,,曾捷,2023-01-12,3.6769,2,0.15%,开放申购,22.4776,15.8437,3.7230,,,88.9112,21.6398,-39.1266,-39.1266,-39.1266,2019,5012.2500,0.7516,2026-09-16,['006402'],3.7224,59.5064,88.9112,20.0500,10560.5606,10560.5600,,
005825,申万菱信智能驱动股票A,国内权益,2018-06-13,8.2601,11.0840,申万菱信基金,股票型,,卜忠林,2026-03-18,0.4983,5,0.15%,开放申购,126.0725,58.2706,21.0479,33.5121,,31.6487,31.9241,-52.7380,-52.7380,-52.7380,2026,90.2943,2.4618,2026-09-16,['015159'],24.8303,27.4441,34.1233,203.1100,1030.3107,1030.3100,,
004685,金元顺安元启灵活配置混合,国内权益,2017-11-14,8.8378,12.4473,金元顺安基金,混合型-灵活,,缪玮彬,2017-11-14,8.8378,0,0.15%,暂停申购,14.1237,20.1277,24.8627,26.8492,,24.8017,17.9611,-20.5859,-20.5859,-20.5859,2020,48.4114,0.7372,2026-09-16,[],24.8624,21.6291,24.8017,203.5000,608.5600,608.5600,,
006011,中信保诚稳鸿A,国内权益,2018-05-31,8.2957,0.1251,中信保诚基金,债券型-长债,,吴秋君,2025-11-03,0.8679,5,0.08%,开放申购,5.5244,3.4734,3.4730,3.9437,,29.9662,1.1153,-2.1851,-2.9543,-2.9543,2018,546.8000,2.6965,2026-09-16,"['020927', '006012', '021521']",3.4723,24.2883,29.9663,18.6100,779.6356,779.6400,,
161912,万家社会责任18个月定开A,国内权益,2019-03-21,7.4908,9.6374,万家基金,混合型-偏股,,莫海波,2019-03-21,7.4908,0,0.15%,暂停申购,28.9548,36.2381,11.9499,,,26.6888,28.1466,-43.4939,-43.8218,-43.8218,2020,87.5670,1.2158,2026-09-16,['161913'],12.8322,19.8567,27.3540,82.8800,511.8206,511.8200,,
001387,国联新经济混合A,国内权益,2015-11-17,10.8309,2.1809,国联基金,混合型-灵活,,辛鹏,2026-08-17,0.0821,2,0.15%,开放申购,55.3567,27.1817,6.9873,20.6980,24.0659,21.8943,29.2354,-51.7940,-51.7940,-51.7940,2017,121.9523,1.2834,2026-09-16,['001388'],6.9870,24.0283,21.8944,40.1700,761.4077,753.6600,,
005775,中加转型动力混合A,国内权益,2018-09-05,8.0301,0.9668,中加基金,混合型-灵活,,"薛杨,黄翱",2026-04-24,0.3970,5,0.15%,开放申购,22.6670,29.5504,15.7791,23.0798,,22.9870,22.4101,-21.3498,-21.3498,-21.3498,2025,99.1394,0.8339,2026-09-16,['005776'],15.7789,18.0750,22.9870,108.0400,426.7200,426.7200,,
006615,工银战略新兴产业混合A,国内权益,2019-04-24,7.3977,7.6770,工银瑞信基金,混合型-偏股,,马丽娜,2026-08-24,0.0630,3,0.15%,开放申购,59.7274,40.4560,12.5036,,,23.5959,32.1833,-48.8478,-52.6998,-52.6998,2020,116.5827,1.0756,2026-09-16,['006616'],12.5033,16.9665,23.5959,80.2300,379.3100,379.3100,,
003567,华夏行业景气混合A,国内权益,2017-02-04,9.6126,104.8917,华夏基金,混合型-偏股,,徐恒,2026-08-27,0.0548,1,0.15%,开放申购,31.8319,31.6683,10.5347,26.4480,,21.0294,26.6324,-51.2996,-51.2996,-51.2996,2021,77.4143,1.0758,2026-09-16,['025542'],10.5342,20.1378,21.0294,65.0000,526.3200,526.3200,,
002863,金信深圳成长混合A,国内权益,2016-12-22,9.7331,4.5851,金信基金,混合型-灵活,,黄飙,2026-06-06,0.2793,3,0.15%,开放申购,25.4608,24.5360,18.1207,20.6286,,17.5257,27.4504,-40.0712,-40.0712,-40.0712,2025,56.8723,1.1256,2026-09-16,"['020180', '025129']",18.1209,17.0202,17.5256,129.9500,381.5114,381.5100,,
001715,工银新焦点混合A,国内权益,2016-10-10,9.9329,1.2942,工银瑞信基金,混合型-灵活,,董明斌,2026-07-03,0.2053,4,0.15%,开放申购,81.3108,42.2703,15.9804,22.0577,,17.7178,28.1858,-46.4785,-50.0250,-50.0250,2020,90.3481,2.3657,2026-09-16,['001998'],15.9808,17.5891,17.7178,109.8600,405.4400,405.4400,,
002943,广发多因子混合,国内权益,2016-12-30,9.7112,134.5031,广发基金,混合型-灵活,,杨冬,2026-04-21,0.4052,1,0.15%,开放申购,8.0744,16.2866,6.7243,24.3716,,19.4815,21.3472,-34.4438,-34.4438,-34.4438,2021,84.4772,0.2682,2026-09-16,[],6.7247,18.8688,19.4815,38.4600,463.2197,463.2200,,
501082,博时科创主题灵活配置混合(LOF)A,国内权益,2019-06-27,7.2225,7.6215,博时基金,混合型-灵活,,齐宁,2026-04-28,0.3860,2,0.12%,开放申购,49.4278,36.3413,12.4783,,,20.5297,33.4079,-48.8900,-50.4805,-50.4805,2025,82.2709,0.9392,2026-09-16,['015491'],12.4784,14.4379,20.5297,80.0300,285.2100,285.2100,,
004496,前海开源多元策略混合A,国内权益,2017-07-03,9.2047,3.0195,前海开源基金,混合型-灵活,,田维,2026-04-20,0.4079,2,0.15%,开放申购,27.7519,23.5054,11.9991,22.3440,,17.2149,18.3484,-24.0069,-27.0264,-27.0264,2019,61.2353,1.4059,2026-09-16,['004497'],11.9995,15.7434,17.2148,76.2300,331.4835,331.4800,,
501064,国泰价值优选灵活配置混合(LOF)A,国内权益,2019-01-10,7.6824,0.7621,国泰基金,混合型-灵活,,郑有为,2023-09-01,3.0418,2,0.15%,开放申购,48.1046,17.7075,4.2180,,,20.2399,21.2379,-44.3699,-44.3699,-44.3699,2020,64.0254,2.2567,2026-09-16,['016617'],4.2187,15.2117,20.2401,22.9500,312.0658,312.0700,,
100022,富国天瑞强势混合A,国内权益,2005-04-05,21.4483,49.7903,富国基金,混合型-灵活,,毕天宇,2026-06-12,0.2628,4,0.15%,开放申购,32.6968,25.5896,4.3991,17.0059,13.9706,6.3888,29.7113,-55.6655,-55.6655,-82.9614,2006,127.2168,0.8357,2026-09-16,['023954'],7.6593,15.6312,17.8260,44.6300,327.3182,3272.9200,,
000746,招商行业精选股票基金,国内权益,2014-09-03,12.0356,24.8884,招商基金,股票型,,郭锐,2026-04-29,0.3833,3,0.15%,开放申购,15.6172,23.7975,7.9444,20.9277,16.7493,16.1181,18.0325,-31.8085,-41.3625,-52.2193,2020,98.5095,0.8517,2026-09-16,[],7.9451,16.6048,16.1181,46.5600,364.6923,504.1000,,
501085,财通科创主题灵活配置混合(LOF)A,国内权益,2019-07-11,7.1841,5.2023,财通基金,混合型-灵活,,袁泽强,2026-06-11,0.2656,3,1.20%,开放申购,48.9236,34.9196,9.3966,,,18.5203,34.7299,-48.7404,-50.2914,-50.2914,2025,53.8897,0.8452,2026-09-16,['027939'],9.3963,12.9831,18.5203,56.6800,238.9500,238.9500,,
005186,长安鑫兴混合A,国内权益,2017-11-29,8.7967,0.4279,长安基金,混合型-灵活,,江博文,2026-05-21,0.3231,8,0.12%,开放申购,25.1491,30.3367,12.3509,18.3989,,14.8465,20.0697,-28.9372,-28.9372,-28.9372,2025,70.4776,0.8902,2026-09-16,['005187'],12.3506,12.9494,14.8465,79.0100,237.9400,237.9400,,
002861,工银智能制造股票A,国内权益,2017-06-21,9.2375,8.4597,工银瑞信基金,股票型,,"林念,郭照阳",2026-09-07,0.0246,5,0.15%,开放申购,53.7850,39.5494,11.9689,21.8773,,13.7635,29.5138,-56.4426,-56.4426,-56.4426,2020,81.8548,1.1813,2026-09-16,['022710'],11.9689,12.6504,13.7635,75.9900,229.1000,229.1000,,
004183,富国产业升级混合A,国内权益,2017-06-09,9.2704,0.8454,富国基金,混合型-偏股,,章旭峰,2017-06-09,9.2704,0,0.15%,开放申购,32.1501,20.3848,8.0212,17.1813,,14.6107,26.4785,-41.9927,-43.5052,-43.5052,2020,73.1954,0.7272,2026-09-16,['013046'],8.0216,13.4760,14.6107,47.0800,254.0300,254.0300,,
161132,易方达科顺定开混合,国内权益,2018-10-26,7.8905,1.2976,易方达基金,混合型-灵活,,张晓宇,2023-03-07,3.5291,1,0.15%,暂停申购,44.4003,22.5617,10.0452,,,15.1893,25.7806,-32.5437,-47.7378,-47.7378,2020,75.1132,0.9871,2026-09-16,[],10.0449,11.8039,15.1893,61.3800,205.1900,205.1900,,
501062,南方瑞合定开混合(LOF),国内权益,2018-09-06,8.0274,10.0632,南方基金,混合型-灵活,,张磊,2026-07-24,0.1478,3,0.15%,暂停申购,7.0142,22.5047,10.8447,14.8529,,14.7958,20.8098,-28.0498,-28.0498,-28.0498,2025,41.1082,0.0445,2026-09-16,[],10.8447,11.7274,14.8140,67.3300,203.1067,203.1100,,
005689,中银医疗保健混合A,国内权益,2018-06-13,8.2601,3.9697,中银基金,混合型-灵活,,李文广,2026-03-19,0.4956,5,0.15%,开放申购,-5.1911,19.9073,2.9542,17.8094,,16.6516,30.1118,-48.4382,-53.7075,-53.7075,2020,89.2822,-0.2171,2026-09-16,['010159'],2.9542,13.5671,16.6516,15.6700,256.8811,256.8800,,
006863,国联安智能制造混合A,国内权益,2019-04-25,7.3949,0.2271,国联安基金,混合型-偏股,,高诗,2025-06-04,1.2841,2,0.15%,开放申购,49.2084,23.6986,10.8168,,,15.2130,26.7440,-44.8769,-51.7306,-51.7306,2025,69.4493,1.2616,2026-09-16,['020197'],10.8168,11.0401,15.2130,67.1200,184.9701,184.9700,,
501081,中欧科创主题混合(LOF)A,国内权益,2019-06-28,7.2197,14.0730,中欧基金,混合型-偏股,,卢纯青,2026-09-16,0.0000,1,0.15%,开放申购,2.2001,28.0591,8.0568,,,16.1130,30.9319,-50.9182,-50.9911,-50.9911,2025,56.5178,-0.0076,2026-09-16,['017290'],8.0569,11.3890,16.1130,47.3200,194.0500,194.0500,,
001869,招商制造业混合A,国内权益,2015-12-02,10.7899,15.5471,招商基金,混合型-灵活,,李华建,2026-06-30,0.2136,3,0.15%,开放申购,48.1018,23.9305,5.9000,18.7490,14.1705,14.3187,26.5561,-46.1329,-47.3877,-47.3877,2020,86.8172,0.9551,2026-09-16,['004569'],5.8996,14.0595,14.3187,33.1900,272.6626,323.7200,,
001938,中欧时代先锋股票A,国内权益,2015-11-03,10.8693,84.3309,中欧基金,股票型,,周蔚文,2026-07-10,0.1862,3,0.15%,开放申购,18.2603,17.6066,2.0639,14.7739,14.5272,15.6744,21.3783,-45.1300,-48.1165,-48.1165,2019,67.5379,0.6594,2026-09-16,['004241'],2.0631,14.4739,15.6744,10.7500,286.4245,386.7900,,
001701,国联产业升级混合,国内权益,2016-03-18,10.4969,0.9916,国联基金,混合型-灵活,,辛鹏,2026-08-17,0.0821,3,0.15%,开放申购,50.6903,25.3124,5.1984,19.8669,14.2117,13.6992,31.0514,-53.0700,-53.0700,-53.0700,2020,73.6960,1.0301,2026-09-16,[],5.1986,14.1113,13.6992,28.8400,274.3587,284.8400,,
002780,前海联合泓鑫混合A,国内权益,2016-11-30,9.7933,0.3649,前海联合,混合型-灵活,,张勇,2022-11-01,3.8741,2,0.15%,开放申购,13.0079,13.5725,2.4585,17.7816,,13.9516,21.1002,-47.7977,-51.1792,-51.1792,2020,107.9377,0.4100,2026-09-16,['007043'],3.3727,14.1500,14.4693,18.0400,275.6286,275.6300,,
519002,华安安信消费混合A,国内权益,2013-05-23,13.2293,16.8340,华安基金,混合型-偏股,,苏圻涵,2026-07-13,0.1780,1,0.15%,限大额,-4.7085,6.5670,0.9940,20.6496,14.7944,14.9029,16.2037,-26.4407,-30.6641,-55.3887,2020,84.6418,-0.3983,2026-09-16,['013686'],0.9940,14.6776,14.8912,5.0700,293.3577,527.4100,,
002707,大摩科技领先混合A,国内权益,2017-12-13,8.7584,2.1671,摩根士丹利基金,混合型-灵活,,"雷志勇,贾昌浩",2026-03-28,0.4709,1,0.15%,开放申购,57.8685,38.0868,8.7128,19.1640,,13.6914,34.6179,-60.9165,-60.9165,-60.9165,2020,58.0124,1.2876,2026-09-16,['014871'],8.7134,11.8944,13.6914,51.8500,207.6700,207.6700,,
003889,汇安丰泽混合A,国内权益,2017-01-13,9.6728,0.1567,汇安基金,混合型-灵活,,陆丰,2023-06-12,3.2635,1,0.15%,开放申购,19.2112,10.9474,-0.2450,13.8454,,15.2626,25.0057,-50.6960,-50.6960,-50.6960,2019,91.6157,0.4761,2026-09-16,['003890'],-0.2452,14.7282,15.2628,-1.2200,295.0951,295.1000,,
003659,山证资管策略精选混合A,国内权益,2016-12-29,9.7139,0.4430,山证(上海)资管,混合型-灵活,,独孤南薰,2026-01-12,0.6762,3,0.15%,开放申购,78.7613,38.0855,12.4121,16.1525,,11.7906,32.2282,-49.5061,-49.5061,-49.5061,2020,73.3169,1.2682,2026-09-16,['026137'],12.4121,11.4347,11.7906,79.5000,195.2600,195.2600,,
007130,中庚小盘价值股票,国内权益,2019-04-03,7.4552,10.8484,中庚基金,股票型,,韩逸平,2026-04-17,0.4162,4,0.15%,开放申购,10.1580,11.0096,3.9285,,,15.7907,22.8272,-34.8785,-34.8785,-34.8785,2021,61.5085,0.3742,2026-09-16,[],3.9289,11.5500,15.7907,21.2500,198.3300,198.3300,,
004959,圆信永丰优悦生活混合,国内权益,2018-01-29,8.6297,3.5966,圆信永丰基金,混合型-偏股,,田玉铎,2026-04-22,0.4025,2,0.15%,开放申购,19.7752,15.2153,6.7881,16.8943,,13.9562,20.5707,-28.9797,-28.9797,-28.9797,2020,79.6533,0.6997,2026-09-16,[],6.7878,11.9343,13.9563,38.8700,208.7684,208.7700,,
005726,国泰价值精选灵活配置混合A,国内权益,2018-08-08,8.1068,3.4975,国泰基金,混合型-灵活,,郑浩,2026-08-13,0.0931,2,0.15%,开放申购,39.4873,16.5822,5.6072,15.4393,,14.7086,26.2524,-44.6235,-47.8836,-47.8836,2019,68.4663,0.8958,2026-09-16,['011324'],5.6070,11.7669,14.7086,31.3600,204.1800,204.1800,,
003713,英大睿盛A,国内权益,2016-11-30,9.7933,0.4955,英大基金,混合型-灵活,,张媛,2023-03-31,3.4634,1,0.08%,开放申购,17.3927,11.3283,5.0449,17.2079,,13.5196,25.4204,-35.7986,-35.7986,-35.7986,2020,64.4916,0.3627,2026-09-16,['003714'],5.0447,13.2224,13.5197,27.9000,246.1985,246.2000,,
005628,汇安趋势动力股票A,国内权益,2018-04-25,8.3943,0.5808,汇安基金,股票型,,陈思余,2025-10-13,0.9254,4,0.15%,开放申购,106.1082,31.1759,9.3787,14.3196,,13.0367,39.9304,-56.3754,-56.3754,-56.3754,2026,97.2847,1.8773,2026-09-16,['005629'],9.3782,10.8342,13.0367,56.5500,179.7300,179.7300,,
168002,国寿安保策略精选混合A,国内权益,2017-09-27,8.9692,10.5046,国寿安保基金,混合型-偏股,,吴坚,2026-07-07,0.1944,4,0.15%,开放申购,69.1448,29.0856,3.1400,16.7802,,14.2403,32.2364,-59.7436,-59.7436,-59.7436,2020,93.4952,1.6529,2026-09-16,['022124'],3.1405,12.6833,14.2403,16.7200,230.0608,230.0600,,
005774,华夏产业升级混合A,国内权益,2018-08-24,8.0630,4.1212,华夏基金,混合型-偏股,,"屠环宇,彭锐哲",2026-08-04,0.1177,2,0.15%,开放申购,20.7894,14.6272,6.0601,14.1979,,13.9987,30.8045,-43.1457,-43.1457,-43.1457,2020,69.9151,0.4581,2026-09-16,['015059'],6.0597,11.1420,13.9989,34.2000,187.5962,187.6000,,
000936,博时产业新动力混合A,国内权益,2015-01-26,11.6386,3.7091,博时基金,混合型-灵活,,"蔡滨,郭永升",2026-05-07,0.3614,1,0.15%,开放申购,23.1663,15.7971,6.2469,13.7820,12.4990,12.1187,18.7960,-28.6284,-36.5515,-46.1538,2020,57.0740,0.7492,2026-09-16,['005878'],6.2472,12.4316,12.1186,35.3900,222.7645,278.6000,,
005535,泰信竞争优选混合,国内权益,2018-05-14,8.3422,0.7003,泰信基金,混合型-灵活,,徐慕浩,2020-05-22,6.3190,0,0.15%,开放申购,3.7723,5.3174,-0.5231,16.0016,,15.2448,18.1084,-41.1310,-41.1310,-41.1310,2020,89.1876,0.1330,2026-09-16,[],-0.5235,12.5652,15.2443,-2.5900,226.6189,226.6200,,
000309,大摩品质生活精选股票A,国内权益,2013-10-29,12.8816,3.2014,摩根士丹利基金,股票型,,赵伟捷,2026-06-22,0.2355,3,0.15%,开放申购,29.5982,21.1284,5.2959,16.9199,11.3954,13.6418,25.5122,-51.4188,-51.4188,-56.9028,2015,68.5094,1.5076,2026-09-16,['019484'],5.2964,11.2513,13.6418,29.4400,190.4362,419.3000,,
005495,创金合信科技成长股票A,国内权益,2017-12-28,8.7173,1.6870,创金合信基金,股票型,,赖鹏,2026-05-21,0.3231,1,0.15%,开放申购,40.7078,19.7814,7.2517,16.8424,,12.7685,34.3466,-47.0805,-47.0805,-47.0805,2019,80.2073,0.8052,2026-09-16,['005496'],7.2513,11.0436,12.7685,41.9100,185.0600,185.0600,,
519183,万家双引擎灵活配置混合A,国内权益,2008-06-27,18.2204,10.2388,万家基金,混合型-灵活,,李杨,2026-06-19,0.2437,1,0.15%,开放申购,30.4165,21.2280,6.6181,15.7218,12.1483,11.8747,27.4814,-33.2935,-35.5389,-35.5389,2025,64.2715,0.9865,2026-09-16,['020199'],6.6181,12.1274,11.8747,37.7700,214.1355,672.5300,,
005855,中科沃土沃瑞混合A,国内权益,2019-01-14,7.6715,0.1042,众盈基金,混合型-灵活,,徐伟,2022-03-01,4.5448,1,0.15%,开放申购,6.9157,0.3446,-0.8454,,,15.6394,18.4184,-27.7331,-27.7331,-27.7331,2020,77.5700,0.2716,2026-09-16,['005856'],-0.8462,11.7922,15.6394,-4.1600,204.8700,204.8700,,
001521,国寿安保成长优选股票A,国内权益,2015-12-11,10.7652,5.5022,国寿安保基金,股票型,,撒伟旭,2026-07-24,0.1478,3,0.15%,开放申购,48.9443,25.7406,3.5753,12.5828,9.4174,8.7901,32.5783,-61.6438,-61.6438,-61.6438,2019,50.4294,1.1042,2026-09-16,['017916'],8.2702,11.7704,11.0536,48.7800,204.2770,209.1500,,
169103,东方红睿轩三年持有混合,国内权益,2016-01-20,10.6557,8.0581,东方红资产管理,混合型-偏股,,周云,2022-05-21,4.3231,1,1.50%,暂停申购,13.2618,15.1903,7.2848,10.8388,11.5874,11.6405,16.6810,-27.7836,-39.2733,-39.2733,2017,57.7864,0.8275,2026-09-16,[],7.2845,11.5154,11.6406,42.1300,197.4043,223.2800,,
005265,博时厚泽回报混合A,国内权益,2017-11-22,8.8159,0.7810,博时基金,混合型-灵活,,冀楠,2021-11-08,4.8542,1,0.15%,开放申购,32.0168,15.1640,4.4687,15.6268,,12.2706,21.6710,-36.4034,-36.4034,-36.4034,2019,47.8229,0.8686,2026-09-16,['005266'],4.9014,11.3046,12.9173,27.0300,191.8302,191.8300,,
006160,博道启航混合A,国内权益,2018-08-10,8.1013,2.1809,博道基金,混合型-偏股,,刘兆阳,2026-05-21,0.3231,2,0.15%,开放申购,13.5756,18.5468,5.3745,13.6676,,13.2670,18.7757,-35.9376,-37.2650,-37.2650,2020,36.6583,0.5122,2026-09-16,['006161'],5.3744,10.6193,13.2669,29.9200,174.3522,174.3500,,
001907,国投瑞银境煊灵活配置混合A,国内权益,2015-10-28,10.8857,0.6382,国投瑞银基金,混合型-灵活,,周思捷,2021-08-07,5.1088,0,0.15%,开放申购,3.3505,6.1522,2.0566,15.8463,13.1865,12.3261,19.4915,-35.6795,-35.6795,-35.6795,2020,54.3677,0.1246,2026-09-16,"['015309', '001908']",2.0557,13.1645,12.3261,10.7100,244.4315,254.4200,,
005638,农银汇理量化智慧动力混合,国内权益,2018-03-26,8.4764,0.9459,农银汇理基金,混合型-偏股,,魏刚,2018-03-26,8.4764,0,0.15%,开放申购,22.0167,13.4200,5.3249,15.5338,,12.9330,24.5620,-35.8955,-35.8955,-35.8955,2020,63.3891,0.5113,2026-09-16,[],5.3241,10.8596,12.9330,29.6100,180.3700,180.3700,,
519642,银河智造混合A,国内权益,2016-03-11,10.5161,0.9862,银河基金,混合型-灵活,,鲍武斌,2023-03-31,3.4634,1,0.15%,开放申购,21.3859,18.4482,-1.4331,16.8964,13.9371,13.1342,29.4333,-56.7305,-59.2358,-59.2358,2020,104.1613,0.4153,2026-09-16,['017760'],-1.4325,13.8799,13.1342,-6.9600,266.8337,266.1000,,
004223,金信多策略精选混合A,国内权益,2017-06-08,9.2731,0.1423,金信基金,混合型-灵活,,"谭智汨,刘尚",2026-07-07,0.1944,3,0.15%,开放申购,-14.4643,13.8653,1.2711,9.3539,,13.1298,35.6436,-56.4590,-56.9551,-56.9551,2017,57.2000,-0.3813,2026-09-16,['020592'],1.2713,12.1199,13.1300,6.5200,213.9251,213.9300,,
006969,圆信永丰高端制造A,国内权益,2019-04-04,7.4524,5.3258,圆信永丰基金,混合型-偏股,,明兴,2026-04-22,0.4025,3,0.15%,开放申购,6.6667,18.0984,1.6747,,,14.3520,29.9776,-49.0205,-51.7589,-51.7589,2020,67.9043,0.0715,2026-09-16,['025395'],1.6749,10.5111,14.3520,8.6600,171.6800,171.6800,,
501070,广发睿阳三年定开混合,国内权益,2019-01-31,7.6249,4.8555,广发基金,混合型-偏股,,王瑞冬,2026-03-13,0.5120,2,0.15%,暂停申购,12.2102,9.1729,5.3044,,,13.1696,12.9725,-18.3156,-23.6344,-23.6344,2020,52.7862,0.4780,2026-09-16,[],5.3046,9.8926,13.1694,29.4900,156.8538,156.8500,,
002142,博时外延增长混合A,国内权益,2016-02-03,10.6174,1.1252,博时基金,混合型-灵活,,"蔡滨,李佳",2026-06-05,0.2820,1,0.15%,开放申购,16.9951,12.9770,4.2153,12.8491,11.6304,11.9091,17.9762,-30.1994,-40.7497,-40.7497,2020,59.2733,0.5780,2026-09-16,['021625'],4.2153,11.5899,11.9093,22.9300,199.3972,230.2400,,
002319,大成一带一路灵活配置混合A,国内权益,2017-06-02,9.2895,0.3863,大成基金,混合型-灵活,,齐炜中,2021-03-18,5.4976,0,0.15%,开放申购,14.1909,12.3480,4.7059,14.0918,,12.0914,21.4811,-33.9883,-33.9883,-33.9883,2020,43.7049,0.5222,2026-09-16,['019223'],4.7058,11.1861,12.0915,25.8500,188.7379,188.7400,,
162703,广发小盘成长混合(LOF)A,国内权益,2005-02-02,21.6181,67.2649,广发基金,混合型-偏股,,陈韫中,2026-06-03,0.2875,3,0.15%,开放申购,43.6356,20.0852,-0.0553,14.1804,11.4210,12.5301,31.2754,-58.9144,-64.5371,-69.7062,2007,130.4665,0.9870,2026-09-16,['009132'],-0.0561,12.0474,13.3175,-0.2800,211.9013,1392.0900,,
002133,广发鑫益混合,国内权益,2016-11-16,9.8316,0.7295,广发基金,混合型-灵活,,费逸,2019-10-29,6.8830,0,0.15%,开放申购,2.5187,16.0534,3.4188,16.1866,,11.8679,24.1951,-47.0266,-48.8372,-48.8372,2020,67.9275,-0.0026,2026-09-16,[],3.4182,11.6569,11.8679,18.3000,201.2000,201.2000,,
002350,华安安华灵活配置混合A,国内权益,2016-02-03,10.6174,5.8308,华安基金,混合型-灵活,,刘畅畅,2021-08-10,5.1006,0,--,暂停申购,31.4366,23.6956,9.8677,12.6154,10.3403,9.8340,24.9096,-44.2132,-44.2132,-44.2132,2025,54.1134,1.0173,2026-09-16,['016183'],9.8684,10.3294,9.8340,60.0900,167.2458,170.7200,,
005028,鹏华研究精选灵活配置混合,国内权益,2017-10-09,8.9363,6.0305,鹏华基金,混合型-灵活,,李琢,2026-09-09,0.0192,2,0.15%,开放申购,19.4170,21.0488,0.7272,17.2351,,13.0763,31.0742,-57.4851,-59.0648,-59.0648,2020,87.4397,0.3563,2026-09-16,[],0.7273,11.6079,13.0763,3.6900,199.8800,199.8800,,
003993,前海开源沪港深核心驱动混合,国内权益,2016-12-13,9.7577,0.7143,前海开源基金,混合型-灵活,,王可三,2026-04-20,0.4079,4,0.15%,开放申购,-4.3289,20.9922,9.7419,11.3858,,10.2132,27.9592,-38.7286,-45.7819,-45.7819,2025,66.9539,-0.2780,2026-09-16,[],9.7418,9.9538,10.2133,59.1700,158.2880,158.2900,,
001140,工银总回报灵活配置混合A,国内权益,2015-04-17,11.4168,5.2349,工银瑞信基金,混合型-灵活,,吕焱,2026-08-21,0.0712,3,0.15%,开放申购,16.3154,17.4143,6.2380,17.0804,11.9242,10.0364,17.8087,-32.8316,-33.7214,-33.7214,2020,89.3178,0.5870,2026-09-16,['011477'],6.2377,11.8664,10.0364,35.3300,206.9001,198.0000,,
001267,宏利蓝筹混合,国内权益,2015-06-03,11.2882,0.7490,宏利基金,混合型-偏股,,魏成,2022-12-05,3.7810,2,0.15%,开放申购,56.4066,34.5009,5.9969,18.6847,14.8751,7.1696,29.0019,-56.2462,-56.9733,-56.9733,2025,77.4632,1.2371,2026-09-16,[],5.9964,14.7288,7.1696,33.8000,295.1175,118.5000,,
165528,中信保诚鼎利混合(LOF)A,国内权益,2016-05-24,10.3135,0.9060,中信保诚基金,混合型-灵活,,杨柳青,2026-03-26,0.4764,3,0.15%,开放申购,37.3940,31.8040,10.7174,15.5484,9.9182,9.6134,34.3232,-46.0244,-47.2526,-47.2526,2025,67.2423,0.7239,2026-09-16,['015937'],10.7172,9.8963,9.6134,66.3700,156.9392,157.7100,,
005815,农银汇理睿选灵活配置混合,国内权益,2018-05-25,8.3121,0.5647,农银汇理基金,混合型-灵活,,王皓非,2026-01-07,0.6899,7,0.15%,开放申购,5.1194,12.1741,-1.0015,16.2721,,13.8932,19.1352,-44.7705,-44.7705,-44.7705,2020,88.5397,0.0901,2026-09-16,[],-1.0019,11.4196,13.8932,-4.9100,194.8600,194.8600,,
519056,海富通内需热点混合,国内权益,2013-12-19,12.7420,2.3414,海富通基金,混合型-偏股,,陆海燕,2026-07-23,0.1506,1,0.15%,开放申购,15.8325,14.5157,3.8428,13.9873,13.1854,9.7567,30.5776,-55.1235,-56.5461,-64.9423,2019,79.4170,0.4520,2026-09-16,[],3.8430,13.1141,9.7567,20.7500,242.9005,227.4700,,
162202,宏利周期混合,国内权益,2003-04-25,23.3949,3.2172,宏利基金,混合型-偏股,,魏成,2026-08-11,0.0986,4,0.15%,开放申购,7.0783,7.5976,-0.6643,16.8352,11.4161,13.6942,22.3238,-37.9037,-39.0130,-52.4420,2006,134.3486,0.1817,2026-09-16,[],-0.6648,11.2841,13.7611,-3.2800,191.2930,1941.5900,,
006813,博时汇悦回报混合,国内权益,2019-01-29,7.6304,0.6065,博时基金,混合型-偏股,,刘宁,2023-08-22,3.0691,2,0.15%,开放申购,35.4412,22.7255,4.1727,,,12.6804,25.5881,-52.1338,-52.1338,-52.1338,2020,74.1206,0.7880,2026-09-16,[],4.1729,9.5374,12.6804,22.6800,148.6700,148.6700,,
002776,招商安荣混合A,国内权益,2016-07-15,10.1711,0.8012,招商基金,混合型-灵活,,程泉璋,2025-07-14,1.1745,1,0.15%,开放申购,25.2485,17.0040,11.3177,12.1795,9.2853,9.1436,22.0545,-32.3306,-32.3306,-32.3306,2025,41.1005,0.6251,2026-09-16,['002777'],11.3176,9.2853,9.1435,70.9300,143.0053,143.4900,,
005708,国联安远见成长混合,国内权益,2018-05-15,8.3395,0.3013,国联安基金,混合型-偏股,,储乐延,2025-09-29,0.9637,5,0.15%,开放申购,8.3495,8.6708,-0.8853,13.9788,,13.4046,20.2785,-35.9321,-38.3377,-38.3377,2020,70.8690,0.2358,2026-09-16,[],-0.8855,11.0604,13.4046,-4.3500,185.4900,185.4900,,
000587,大成灵活配置混合A,国内权益,2014-05-14,12.3422,0.8787,大成基金,混合型-灵活,,王磊,2017-06-15,9.2539,0,0.15%,开放申购,9.9972,14.0364,1.1224,13.0758,9.6834,13.7875,21.6943,-48.9068,-48.9068,-52.9341,2020,65.3744,0.2788,2026-09-16,['019222'],1.1225,9.5551,13.7876,5.7400,149.0724,392.4200,,
007527,融通量化多策略混合A,国内权益,2019-08-21,7.0719,0.2844,融通基金,混合型-灵活,,蔡志伟,2022-12-16,3.7509,1,0.15%,开放申购,12.7144,17.3755,3.5534,,,12.9031,27.1453,-42.8681,-42.8681,-42.8681,2020,69.4407,0.2531,2026-09-16,['007528'],3.5542,8.9614,12.9031,19.0800,135.9000,135.9000,,
001300,大成睿景灵活配置混合A,国内权益,2015-05-26,11.3101,11.2536,大成基金,混合型-灵活,,"韩创,张天闻",2026-07-06,0.1971,1,0.15%,开放申购,3.5876,9.5913,1.0999,21.3583,13.8002,9.3318,23.1040,-40.5566,-40.5566,-47.7000,2021,77.0667,-0.0402,2026-09-16,['001301'],1.0996,13.6950,9.3318,5.6200,260.9211,174.3000,,
004352,华银研究精选股票,国内权益,2017-06-28,9.2183,0.5968,华银基金,股票型,,胡健强,2024-01-17,2.6639,1,0.15%,开放申购,54.7620,31.1261,5.4907,14.7269,,10.8231,27.0814,-48.5344,-49.0028,-49.0028,2025,49.4742,1.3598,2026-09-16,[],5.4910,9.9365,10.8231,30.6400,157.8800,157.8800,,
004250,银河量化优选混合A,国内权益,2017-04-27,9.3881,0.1995,银河基金,混合型-偏股,,罗博,2021-06-07,5.2758,0,0.15%,开放申购,6.4644,15.0551,4.9898,14.3535,,10.8425,18.9160,-33.0012,-33.0012,-33.0012,2019,43.1434,0.2046,2026-09-16,['018872'],4.9904,10.1465,10.8425,27.5700,162.8500,162.8500,,
481008,工银大盘蓝筹混合,国内权益,2008-08-04,18.1164,3.5654,工银瑞信基金,混合型-偏股,,张杭,2026-09-14,0.0055,4,0.15%,开放申购,23.4523,14.3036,5.1851,10.1152,9.8451,6.8076,16.1439,-28.5648,-40.3302,-52.0717,2009,70.4859,1.0038,2026-09-16,[],5.1856,11.8974,8.9913,28.7600,207.7525,375.7800,,
582003,东吴配置优化混合A,国内权益,2012-08-13,14.0917,0.5325,东吴基金,混合型-灵活,,周健,2021-04-22,5.4018,0,0.15%,开放申购,35.8986,30.8469,2.6122,15.5439,12.1855,9.6908,29.5537,-60.6877,-61.6433,-61.6433,2025,84.6482,0.8692,2026-09-16,['011707'],2.6119,12.1375,9.6907,13.7600,214.4189,268.1800,,
004833,先锋聚利混合A,国内权益,2018-05-09,8.3559,0.0398,先锋基金,混合型-灵活,,曾捷,2023-01-12,3.6769,2,0.15%,开放申购,47.2257,30.8800,16.8526,9.9995,,7.9815,27.5298,-34.7700,-36.6878,-36.6878,2026,46.9865,1.0969,2026-09-16,['004834'],16.8529,6.6268,7.9814,117.8700,89.9610,89.9600,,
007254,广发均衡价值混合A,国内权益,2019-06-21,7.2389,0.3739,广发基金,混合型-偏股,,王瑞冬,2021-01-12,5.6756,0,0.15%,开放申购,10.8066,8.9394,4.5399,,,12.0878,22.3163,-37.9699,-39.0477,-39.0477,2020,57.2342,0.2642,2026-09-16,['018224'],4.5405,8.6112,12.0880,24.8600,128.4272,128.4300,,
005977,中信保诚至兴混合A,国内权益,2018-06-27,8.2218,0.9896,中信保诚基金,混合型-灵活,,闵东旭,2026-05-25,0.3121,3,0.15%,开放申购,30.4037,26.0575,-1.0524,13.1832,,12.8428,33.6411,-61.6769,-61.6769,-61.6769,2020,71.3813,0.7475,2026-09-16,['005978'],-1.0519,10.4442,12.8428,-5.1500,170.0400,170.0400,,
070002,嘉实增长混合,国内权益,2003-07-09,23.1896,25.9233,嘉实基金,混合型-偏股,,归凯,2018-12-04,7.7837,0,0.15%,暂停申购,15.3550,7.3408,-0.5664,10.2747,7.7055,14.8206,17.7800,-39.9294,-45.6133,-52.3819,2007,108.9499,0.5497,2026-09-16,[],-0.5562,7.6618,15.2985,-2.7500,109.2266,2614.3400,,
160642,鹏华增瑞混合(LOF)A,国内权益,2016-09-20,9.9877,0.3939,鹏华基金,混合型-灵活,,"汪坤,陈大烨",2024-11-30,1.7933,3,0.15%,开放申购,36.8658,14.5299,4.7469,14.9082,,10.0987,23.1129,-50.0980,-50.0980,-50.0980,2020,46.1317,1.0320,2026-09-16,['022743'],4.7473,10.0856,10.0987,26.1000,161.4000,161.4000,,
260116,景顺长城核心竞争力混合A,国内权益,2011-12-20,14.7406,9.2649,景顺长城基金,混合型-偏股,,农冰立,2026-07-10,0.1862,2,0.15%,开放申购,5.0434,7.3437,-0.2769,9.7400,9.5974,13.1339,23.3430,-34.2969,-34.2969,-53.4331,2019,53.3129,0.0252,2026-09-16,"['960008', '015731']",-0.2775,9.5211,13.1339,-1.3800,148.3000,516.5800,,
519026,海富通中小盘混合,国内权益,2010-04-14,16.4244,6.2284,海富通基金,混合型-偏股,,吕越超,2026-05-28,0.3039,2,0.15%,开放申购,32.0329,31.7706,6.2743,19.8044,12.6917,6.6752,35.5316,-65.4183,-65.4183,-73.9537,2020,78.1870,0.6324,2026-09-16,[],6.2738,12.5510,6.6752,35.5600,226.2077,189.0200,,
000619,东方红产业升级混合,国内权益,2014-06-06,12.2793,31.5855,东方红资产管理,混合型-灵活,,刘辉,2026-04-30,0.3806,6,0.15%,开放申购,9.4258,5.1336,1.1555,6.9365,8.2092,13.5935,23.4260,-36.9835,-46.9992,-46.9992,2017,51.6040,0.1270,2026-09-16,[],1.1550,8.1397,13.5935,5.9100,118.7014,378.3000,,
519095,新华行业周期轮换混合A,国内权益,2010-07-21,16.1561,1.8469,新华基金,混合型-偏股,,侯淳,2026-03-26,0.4764,6,0.15%,开放申购,10.6324,9.4607,-1.3477,15.7912,10.7612,12.2269,25.8807,-42.8210,-42.8210,-54.2708,2020,79.6517,0.1646,2026-09-16,['018656'],-1.3478,10.7420,12.2268,-6.5600,177.4119,544.7100,,
005910,广发龙头优选混合A,国内权益,2018-08-08,8.1068,0.4510,广发基金,混合型-灵活,,田文舟,2020-02-10,6.5982,0,0.15%,开放申购,24.5619,9.7466,2.6734,11.7700,,11.5787,20.6869,-35.3216,-43.2115,-43.2115,2020,53.0386,0.9461,2026-09-16,['018290'],2.6732,9.2882,11.5787,14.1000,143.0700,143.0700,,
000549,华安大国新经济股票A,国内权益,2014-04-14,12.4244,0.7607,华安基金,股票型,,翁启森,2015-06-26,11.2252,0,0.15%,开放申购,17.4186,16.3007,1.8873,14.1042,9.3380,12.0529,24.9231,-50.0625,-50.0625,-55.4064,2019,72.5781,0.4629,2026-09-16,['016291'],1.8874,9.2026,12.0529,9.8000,141.1730,311.2000,,
006230,鹏华研究驱动混合,国内权益,2018-09-14,8.0055,0.6035,鹏华基金,混合型-偏股,,姜灿慧,2025-06-05,1.2813,2,0.15%,开放申购,18.6669,19.0336,0.3549,12.2326,,12.2237,26.0755,-49.7857,-50.9344,-50.9344,2025,63.1921,0.3340,2026-09-16,[],0.3555,9.6719,12.2237,1.7900,151.7400,151.7400,,
002624,广发优企精选混合A,国内权益,2016-08-04,10.1164,5.0418,广发基金,混合型-灵活,,"程琨,冯汉杰",2026-09-10,0.0164,1,0.15%,开放申购,5.3504,1.6223,1.0741,11.0170,10.8606,10.7182,18.2935,-25.7874,-29.5972,-29.5972,2020,51.4925,0.2574,2026-09-16,['010021'],1.0747,10.8717,10.7180,5.4900,180.6761,180.1100,,
004008,国联鑫思路混合A,国内权益,2017-01-16,9.6646,0.0506,国联基金,混合型-灵活,,郑玲,2023-03-29,3.4689,3,0.15%,开放申购,5.0204,6.0219,1.7303,6.1240,,10.7800,6.8471,-16.3421,-16.6575,-16.6575,2017,76.7568,0.6881,2026-09-16,['004009'],1.7310,10.4003,10.7801,8.9600,168.9682,168.9700,,
004671,国联核心成长,国内权益,2017-09-29,8.9637,1.1725,国联基金,混合型-灵活,,梁勤之,2026-08-17,0.0821,4,0.15%,开放申购,4.9090,13.7735,3.2702,17.3048,,10.7649,23.4918,-39.2099,-42.9021,-42.9021,2020,70.1070,0.1725,2026-09-16,[],3.2709,9.5976,10.7649,17.4600,150.0400,150.0400,,
004350,汇丰晋信价值先锋股票A,国内权益,2018-11-14,7.8385,0.5597,汇丰晋信基金,股票型,,李学伟,2026-02-14,0.5859,1,0.15%,开放申购,-8.3379,2.2790,1.5607,,,12.0304,21.7365,-37.0877,-37.0877,-37.0877,2019,41.2114,-0.4964,2026-09-16,['015364'],1.5605,9.3130,12.0302,8.0500,143.6227,143.6200,,
540004,汇丰晋信2026周期混合,国内权益,2008-07-23,18.1492,0.9289,汇丰晋信基金,混合型-偏债,,闵良超,2022-01-15,4.6680,2,0.075%,开放申购,3.2215,6.0198,3.5481,12.9081,10.3363,9.9595,6.9003,-9.9540,-19.3959,-51.6576,2009,66.7148,0.3325,2026-09-16,[],3.5473,10.2521,9.9595,19.0400,165.3795,460.2000,,
001965,圆信永丰兴源灵活配置混合A,国内权益,2017-06-21,9.2375,0.7138,圆信永丰基金,混合型-灵活,,肖世源,2020-02-13,6.5900,0,0.15%,开放申购,-8.3066,8.9539,9.1872,12.1536,,9.0457,28.8765,-36.0598,-36.8477,-36.8477,2019,38.3390,-0.4085,2026-09-16,['001966'],9.1875,8.3280,9.0457,55.1900,122.5400,122.5400,,
001054,工银新金融股票A,国内权益,2015-03-19,11.4962,10.2057,工银瑞信基金,股票型,,刘欣然,2026-08-14,0.0903,2,0.15%,开放申购,3.1667,9.3967,-1.4115,16.7275,12.4188,10.3266,16.3801,-42.6822,-42.6822,-47.6411,2020,100.9023,0.1507,2026-09-16,['013355'],-1.4113,12.3488,10.3266,-6.8600,220.3934,209.5000,,
007850,方正富邦天睿混合A,国内权益,2019-09-17,6.9979,0.8396,方正富邦基金,混合型-灵活,,汤戈,2024-06-11,2.2642,2,0.15%,限大额,21.8727,12.5692,3.8588,,,11.8066,22.2837,-37.5538,-38.6254,-38.6254,2020,67.5627,0.5694,2026-09-16,['007851'],3.8585,8.1228,11.8066,20.8400,118.3598,118.3600,,
003115,光大诚鑫混合A,国内权益,2016-12-15,9.7522,0.0752,光大保德信基金,混合型-灵活,,朱剑涛,2025-01-11,1.6783,6,0.08%,开放申购,12.8730,17.2867,9.9367,10.9304,,8.5894,21.7597,-37.1330,-37.1330,-37.1330,2025,53.3603,0.4176,2026-09-16,['003116'],9.9370,8.3680,8.5894,60.5900,123.3618,123.3600,,
002862,金信量化精选混合A,国内权益,2016-07-01,10.2094,1.9883,金信基金,混合型-灵活,,孔学兵,2026-06-26,0.2245,8,0.15%,限大额,35.3158,20.9789,8.5680,14.3223,9.2378,8.3472,32.5912,-54.4235,-54.4235,-54.4235,2020,94.9246,0.7830,2026-09-16,['020434'],8.5684,9.2378,8.3472,50.8400,141.9514,126.7100,,
000458,英大领先回报A,国内权益,2014-03-05,12.5339,0.5049,英大基金,混合型-灵活,,霍达,2023-02-08,3.6030,1,0.12%,开放申购,27.5827,16.0690,3.7666,10.8165,9.9120,6.6033,25.9193,-50.2058,-50.2058,-65.9054,2025,40.2823,0.7022,2026-09-16,"['000459', '022901']",3.7673,9.7898,10.0232,20.3100,154.4596,231.1000,,
006736,国投瑞银先进制造混合,国内权益,2019-01-25,7.6413,16.2065,国投瑞银基金,混合型-偏股,,施成,2020-02-07,6.6064,0,0.15%,开放申购,8.6546,9.5807,-10.7116,,,15.4142,37.8096,-72.6440,-74.3195,-74.3195,2020,96.2199,0.0840,2026-09-16,[],-10.7120,11.5769,15.4142,-43.2500,199.0500,199.0500,,
000743,红塔红土盛世普益混合发起式,国内权益,2014-09-18,11.9945,0.5501,红塔红土,混合型-灵活,,赵耀,2024-09-29,1.9630,1,0.08%,开放申购,0.2566,9.8088,8.2519,12.2643,8.6833,8.9632,6.6514,-9.0384,-23.9094,-23.9094,2020,41.8611,-0.2643,2026-09-16,[],8.2513,8.5602,8.9073,48.6500,127.3562,178.2800,,
001543,宝盈新锐混合A,国内权益,2015-11-04,10.8665,0.9642,宝盈基金,混合型-灵活,,蔡丹,2024-01-16,2.6667,2,0.15%,开放申购,-0.0991,9.8066,-1.4796,13.9075,11.6234,10.7199,27.1870,-65.3473,-65.3473,-65.3473,2019,80.0194,-0.1121,2026-09-16,['007578'],-1.4791,11.5902,10.7199,-7.1800,199.4059,202.4000,,
001474,兴银丰盈灵活配置A,国内权益,2015-06-24,11.2307,0.1428,兴银基金管理,混合型-灵活,,"罗怡达,石亮",2026-02-11,0.5941,3,0.05%,开放申购,11.0000,12.5336,1.3974,10.7822,9.3681,9.7409,19.7521,-38.9691,-40.6571,-40.6571,2020,43.8961,0.4634,2026-09-16,['018574'],2.4127,9.9139,10.2285,12.6600,157.3502,198.5300,,
005434,鹏华睿投混合A,国内权益,2018-05-30,8.2984,0.5774,鹏华基金,混合型-灵活,,刘方正,2018-05-30,8.2984,0,0.15%,开放申购,9.0984,12.4817,3.2131,12.9379,,10.8016,17.6927,-35.9556,-36.1398,-36.1398,2019,49.6775,0.5357,2026-09-16,['016950'],3.2128,8.8845,10.8016,17.1300,134.2397,134.2400,,
001782,九泰久益混合A,国内权益,2017-01-25,9.6400,0.0591,九泰基金,混合型-灵活,,"刘开运,于智伟",2026-01-21,0.6516,4,0.15%,开放申购,-1.6984,3.7968,0.3148,11.2135,,10.7813,21.2220,-37.7950,-37.7950,-37.7950,2021,43.5054,-0.1310,2026-09-16,['001844'],0.3140,10.3737,10.7812,1.5800,168.3226,168.3200,,
610006,信澳产业升级混合A,国内权益,2011-06-13,15.2608,3.0846,信达澳亚基金,混合型-偏股,,曾国富,2015-02-14,11.5866,0,0.15%,开放申购,53.4062,29.4680,-1.2306,17.7666,10.4598,11.4277,38.4654,-72.6875,-74.6351,-74.6351,2020,70.0146,0.9077,2026-09-16,['024207'],-1.2299,10.3216,11.4277,-6.0000,167.0571,421.3800,,
000589,光大银发商机混合A,国内权益,2014-04-29,12.3833,0.6229,光大保德信基金,混合型-偏股,,陈栋,2015-05-30,11.2991,0,0.15%,开放申购,7.2934,8.7584,0.8554,12.9444,8.8007,12.1196,17.8629,-42.1504,-42.2000,-48.1966,2019,64.3858,0.3076,2026-09-16,['019440'],0.8552,8.6792,12.1197,4.3500,129.8611,312.3100,,
000556,国投瑞银新机遇灵活配置混合A,国内权益,2014-03-11,12.5175,0.2299,国投瑞银基金,混合型-灵活,,"桑俊,敬夏玺",2022-04-13,4.4271,1,0.06%,开放申购,1.5193,2.0163,1.1668,12.2966,9.8851,10.6651,3.1684,-3.5332,-14.6098,-14.6098,2020,52.4390,-0.0332,2026-09-16,['000557'],1.1665,9.8780,10.6658,5.9700,156.5120,255.5800,,
162205,宏利风险预算混合,国内权益,2005-04-05,21.4483,0.9998,宏利基金,混合型-偏债,,"蔡熠阳,石磊",2024-10-15,1.9192,4,0.15%,开放申购,31.7795,13.1863,6.5668,9.1454,6.9431,10.9359,10.0993,-10.4391,-13.4977,-21.7434,2007,68.8484,1.4966,2026-09-16,[],6.5670,6.9005,10.9359,37.4400,94.8942,826.2400,,
006136,广发估值优势混合A,国内权益,2018-09-21,7.9863,0.6802,广发基金,混合型-偏股,,"叶帅,曾质彬",2025-03-14,1.5086,2,0.15%,开放申购,3.4420,8.6487,0.0347,,,11.7307,21.1602,-42.0979,-56.1577,-56.1577,2020,69.5814,0.1389,2026-09-16,['011430'],0.0340,9.2628,11.7310,0.1700,142.5057,142.5100,,
004434,博时逆向投资混合A,国内权益,2017-04-14,9.4237,0.7883,博时基金,混合型-偏股,,李喆,2023-09-11,3.0144,1,0.15%,开放申购,19.1466,18.8701,4.9270,15.9787,,9.5711,23.8298,-41.1645,-44.6068,-44.6068,2020,60.0070,0.4700,2026-09-16,['004435'],4.9262,8.9955,9.5712,27.1800,136.6380,136.6400,,
001069,华泰柏瑞消费成长混合,国内权益,2015-05-20,11.3265,10.3186,华泰柏瑞基金,混合型-灵活,,"钱建江,骆梦涛",2026-07-09,0.1889,2,0.15%,限大额,22.2222,25.3950,-0.0764,16.8177,10.4913,10.6145,22.1503,-58.0694,-58.8955,-58.8955,2019,80.9524,1.1607,2026-09-16,[],-0.0761,10.3867,10.6145,-0.3800,168.6375,213.5000,,
005810,南方瑞祥一年混合A,国内权益,2018-05-10,8.3532,1.5262,南方基金,混合型-灵活,,李锦文,2020-07-24,6.1465,0,0.15%,暂停申购,3.7919,8.7070,4.4170,10.9749,,10.1949,16.4434,-22.6474,-39.2671,-39.2671,2020,52.8616,0.1973,2026-09-16,['005811'],4.4163,8.4472,10.1949,24.1200,125.0000,125.0000,,
000410,益民服务领先混合A,国内权益,2013-12-13,12.7392,0.2066,益民基金,混合型-灵活,,"关旭,刘芳",2024-08-30,2.0452,5,0.15%,开放申购,-4.5737,8.3472,-2.5564,9.9839,7.8846,14.1110,18.4284,-38.3597,-38.3597,-38.3597,2015,118.0796,-0.2951,2026-09-16,['019615'],-2.5553,7.8290,14.1110,-12.1400,112.4991,437.4100,,
000066,诺安鸿鑫混合A,国内权益,2013-05-03,13.3717,0.7960,诺安基金,混合型-偏股,,李迪,2022-04-23,4.3997,1,0.15%,开放申购,22.0907,14.1344,3.5702,10.8668,9.2420,9.6900,23.9853,-48.3924,-48.3924,-48.3924,2025,71.8813,0.5891,2026-09-16,['014498'],3.5699,9.2338,9.6900,19.1700,141.8632,244.4300,,
004703,南方兴盛先锋混合A,国内权益,2017-09-13,9.0075,0.8050,南方基金,混合型-偏股,,林朝雄,2025-09-05,1.0294,3,0.15%,开放申购,14.2096,13.7753,3.1534,13.5407,,10.0521,15.8799,-31.5532,-36.4133,-36.4133,2019,50.9524,0.9218,2026-09-16,['018003'],3.1528,9.0109,10.0520,16.7900,136.9735,136.9700,,
161224,国投瑞银新丝路混合(LOF),国内权益,2015-04-10,11.4360,0.7947,国投瑞银基金,混合型-灵活,,朴虹睿,2026-07-24,0.1478,2,0.15%,开放申购,9.2352,9.7511,5.3790,14.1979,8.6728,9.2720,21.5325,-42.6644,-42.6644,-42.6644,2020,66.1911,0.4311,2026-09-16,[],5.3793,8.6434,9.2720,29.9500,129.1043,175.6700,,
000166,中海信息产业混合A,国内权益,2013-07-31,13.1280,0.9626,中海基金,混合型-偏股,,姚晨曦,2021-06-19,5.2430,0,0.15%,开放申购,60.2115,25.2409,7.2262,11.1190,8.1241,6.1627,38.5713,-58.8823,-65.5395,-65.5395,2019,50.1491,1.1044,2026-09-16,['018848'],7.2256,8.1241,8.8479,41.7400,118.3856,204.3500,,
005211,银河智慧混合A,国内权益,2017-12-01,8.7912,0.7589,银河基金,混合型-灵活,,袁曦,2017-12-01,8.7912,0,0.15%,开放申购,14.1581,12.8237,-3.1380,15.5127,,11.7585,29.1996,-56.0548,-56.9367,-56.9367,2020,77.8398,0.3130,2026-09-16,['017758'],-3.1390,10.2668,11.7583,-14.7400,165.7334,165.7300,,
001716,工银新趋势灵活配置混合A,国内权益,2015-12-15,10.7543,0.9633,工银瑞信基金,混合型-灵活,,刘欣然,2025-09-25,0.9747,2,0.15%,开放申购,-13.1899,4.5078,-4.9729,13.8966,11.8927,10.9833,20.7869,-41.6974,-43.1382,-43.1382,2020,116.4168,-0.5235,2026-09-16,['001997'],-4.9725,11.8703,10.9833,-22.5100,207.0070,206.7000,,
005618,融通红利机会主题精选混合A,国内权益,2018-03-27,8.4736,0.1407,融通基金,混合型-灵活,,张彩婷,2026-05-29,0.3012,2,0.15%,开放申购,4.5968,8.1440,2.3880,11.7175,,10.3700,19.6551,-41.1838,-41.1838,-41.1838,2020,51.5842,0.2408,2026-09-16,['005619'],2.3873,8.7202,10.3700,12.5200,130.7300,130.7300,,
005331,益民优势安享混合A,国内权益,2018-04-23,8.3997,0.6672,益民基金,混合型-灵活,,"马泉林,张婷",2024-05-28,2.3025,3,0.08%,开放申购,-8.0271,12.8486,0.9232,12.1716,,10.7765,19.2893,-37.9515,-37.9515,-37.9515,2020,63.1714,-0.4517,2026-09-16,['020282'],0.9228,8.9770,10.7767,4.7000,136.2364,136.2400,,
001864,中海魅力长三角混合,国内权益,2016-03-30,10.4641,0.4653,中海基金,混合型-灵活,,姚炜,2024-06-14,2.2560,1,0.15%,开放申购,-27.2986,5.0114,-0.9889,13.6856,10.3751,10.3663,32.4930,-41.5889,-41.5889,-41.5889,2020,81.9539,-0.5651,2026-09-16,[],-0.9894,10.2806,10.3663,-4.8500,166.0664,180.7000,,
000747,广发逆向策略混合A,国内权益,2014-09-04,12.0329,1.0578,广发基金,混合型-灵活,,"程琨,冯汉杰",2026-09-10,0.0164,1,0.15%,开放申购,7.8179,3.7303,1.8452,11.7702,8.4241,10.8302,17.9961,-26.4296,-28.7134,-37.6228,2020,48.9906,0.4129,2026-09-16,['011758'],1.8447,8.4382,10.8302,9.5700,124.8141,244.6400,,
002411,华夏新机遇混合A,国内权益,2016-03-30,10.4641,0.4734,华夏基金,混合型-灵活,,孙然晔,2024-01-24,2.6448,2,0.15%,开放申购,7.9452,15.9876,7.5623,10.2800,8.2552,8.0895,14.3479,-19.1441,-19.2082,-19.2082,2025,32.4710,0.3993,2026-09-16,['008212'],7.5624,8.2552,8.0895,43.9800,121.0483,125.6900,,
001827,富国研究优选沪港深灵活配置混合A,国内权益,2016-03-08,10.5243,0.9620,富国基金,混合型-灵活,,闫伟,2023-10-31,2.8775,3,0.15%,开放申购,10.8548,10.3031,-2.0992,13.1226,10.5095,10.7580,24.8596,-51.1608,-51.1608,-51.1608,2020,76.2994,0.1585,2026-09-16,['018246'],-2.0982,10.3671,10.7580,-10.0600,168.1610,193.1000,,
001623,兴业国企改革混合A,国内权益,2015-09-17,10.9979,0.8049,兴业基金,混合型-灵活,,刘方旭,2016-11-29,9.7960,0,0.15%,开放申购,4.7581,4.0995,1.0142,11.4114,10.4033,9.2357,13.5069,-24.9809,-37.8874,-37.8874,2020,75.9577,0.3891,2026-09-16,['015946'],1.0152,10.2804,9.2357,5.1800,166.0624,164.2000,,
005259,建信龙头企业股票,国内权益,2018-01-24,8.6434,0.9221,建信基金,股票型,,刘克飞,2020-11-09,5.8508,0,0.15%,开放申购,2.1251,15.1222,1.5771,13.6042,,10.2850,24.1330,-41.9874,-49.3434,-49.3434,2020,69.1490,-0.0080,2026-09-16,[],1.5774,8.8300,10.2850,8.1400,133.0700,133.0700,,
007243,安信核心竞争力混合A,国内权益,2019-06-05,7.2827,0.7175,安信基金,混合型-灵活,,张竞,2021-02-02,5.6181,0,1.50%,限大额,9.6624,11.1382,2.4176,,,10.9019,12.3521,-27.3063,-28.2161,-28.2161,2020,45.5305,0.5234,2026-09-16,['007244'],2.4182,7.8270,10.9019,12.6900,112.4600,112.4600,,
005587,安信比较优势混合A,国内权益,2018-03-21,8.4901,1.0772,安信基金,混合型-灵活,,张竞,2026-04-29,0.3833,1,0.15%,开放申购,14.2323,16.1580,3.8371,12.2166,,9.7418,15.9021,-34.8872,-36.7579,-36.7579,2025,53.7449,0.7251,2026-09-16,['023097'],3.8379,8.2122,9.7417,20.7200,120.1724,120.1700,,
005683,国寿安保华兴灵活配置混合,国内权益,2018-04-28,8.3860,0.1315,国寿安保基金,混合型-灵活,,宋易潞,2024-02-20,2.5708,2,0.15%,暂停申购,29.4563,14.0272,2.5593,11.4395,,10.1453,25.9757,-47.7314,-53.2579,-53.2579,2020,60.9313,0.6804,2026-09-16,[],2.5596,8.4408,10.1454,13.4700,124.8681,124.8700,,
001511,兴全新视野定开混合,国内权益,2015-07-01,11.2115,88.9895,兴证全球基金,混合型-灵活,,乔迁,2021-10-20,4.9062,1,0.15%,暂停申购,1.4206,13.5786,5.2635,10.6565,8.7479,8.4192,21.4723,-34.2583,-36.5010,-36.5010,2019,44.1767,-0.0502,2026-09-16,[],5.2639,8.7174,8.4192,29.2400,130.6701,147.5100,,
007016,富国睿泽回报混合,国内权益,2019-06-05,7.2827,1.3723,富国基金,混合型-偏股,,于渤,2026-05-28,0.3039,2,0.15%,限大额,-0.6225,4.7830,-0.0131,,,11.4916,15.0123,-34.1608,-34.1608,-34.1608,2020,64.9397,-0.2237,2026-09-16,[],-0.0140,8.2443,11.4919,-0.0700,120.8251,120.8300,,
166801,浙商聚潮新思维混合A,国内权益,2012-03-08,14.5243,0.3885,浙商基金,混合型-灵活,,方潇玥,2026-04-28,0.3860,6,0.15%,开放申购,-7.3333,4.8139,-2.2633,11.9825,8.3102,12.4958,21.8846,-44.7890,-44.7890,-44.7890,2020,53.4144,-0.6325,2026-09-16,['014085'],-2.2642,8.2150,12.4958,-10.8200,120.2283,452.9900,,
002376,国寿安保核心产业混合,国内权益,2016-02-03,10.6174,1.4791,国寿安保基金,混合型-灵活,,孟亦佳,2026-07-24,0.1478,3,0.15%,开放申购,82.2197,27.0268,6.8197,11.4596,7.8507,7.5284,25.0441,-51.2719,-51.2719,-51.2719,2026,59.9404,2.4341,2026-09-16,[],6.8201,8.1696,7.9176,39.0800,119.3062,124.5700,,
160722,嘉实惠泽混合(LOF),国内权益,2016-09-29,9.9630,0.6435,嘉实基金,混合型-灵活,,邓力恒,2022-06-23,4.2327,1,0.15%,开放申购,37.9418,22.2521,5.5951,11.1688,,8.3620,22.9668,-41.5048,-49.7941,-49.7941,2025,51.5482,1.2883,2026-09-16,[],5.5957,8.3298,8.3621,31.2900,122.5765,122.5800,,
001245,工银生态环境股票A,国内权益,2015-06-02,11.2909,18.2714,工银瑞信基金,股票型,,"何肖颉,李文明",2026-06-16,0.2519,2,0.15%,开放申购,13.1365,16.0434,-1.6407,20.7503,11.4034,8.9929,27.3151,-57.7290,-57.7290,-57.7290,2020,118.1707,0.3790,2026-09-16,['015002'],-1.6410,11.3047,8.9929,-7.9400,191.8322,164.4000,,
001162,前海开源优势蓝筹股票A,国内权益,2015-04-28,11.3867,0.8719,前海开源基金,股票型,,田维,2023-02-17,3.5784,1,0.15%,开放申购,36.6100,22.6518,5.6637,11.2045,9.7000,7.0319,16.8704,-35.4895,-42.4935,-42.4935,2019,57.6970,1.8965,2026-09-16,['001638'],5.6632,9.5857,7.0319,31.7100,149.7696,116.8000,,
007012,湘财长顺混合发起式A,国内权益,2019-03-28,7.4716,0.7009,湘财基金,混合型-偏股,,包佳敏,2025-08-20,1.0732,4,0.15%,开放申购,17.3025,14.1629,-0.2158,,,11.1836,25.3734,-54.0221,-54.0221,-54.0221,2020,61.2511,0.4890,2026-09-16,['007013'],-0.2149,8.2430,11.1836,-1.0700,120.7995,120.8000,,
006720,平安核心优势混合A,国内权益,2019-01-29,7.6304,0.4411,平安基金,混合型-偏股,,周思聪,2023-11-17,2.8309,2,0.15%,开放申购,-21.1421,10.2442,0.2019,,,10.9024,31.2678,-53.2756,-59.2415,-59.2415,2020,78.0405,-0.6073,2026-09-16,['006721'],0.2012,8.2160,10.9024,1.0100,120.2500,120.2500,,
005541,前海开源盛鑫混合A,国内权益,2018-04-04,8.4517,0.4174,前海开源基金,混合型-灵活,,"史延,杨德龙",2024-12-27,1.7194,6,0.15%,开放申购,-26.1185,4.8434,-2.9404,9.3774,,11.1426,27.5386,-37.1268,-41.5605,-41.5605,2025,59.1564,-0.6554,2026-09-16,['005542'],-2.9398,9.3395,11.1424,-13.8600,144.2137,144.2100,,
001266,国投瑞银招财混合A,国内权益,2015-06-03,11.2882,0.5161,国投瑞银基金,混合型-灵活,,贺明之,2022-09-21,3.9863,2,0.15%,开放申购,3.7672,7.5037,3.0129,14.4508,9.1349,8.2601,16.9850,-25.1121,-36.0467,-36.0467,2019,70.0300,0.0848,2026-09-16,['021543'],3.0129,9.1349,8.2603,16.0000,139.6824,144.9600,,
590008,中邮战略新兴产业混合A,国内权益,2012-06-12,14.2615,8.5933,中邮基金,混合型-偏股,,周楠,2026-05-19,0.3285,4,0.15%,开放申购,15.0458,18.2469,0.4676,11.8958,3.7595,15.0852,27.0593,-53.1071,-54.1558,-64.5937,2015,106.8266,0.3538,2026-09-16,['022222'],0.4676,3.6769,15.0852,2.3600,43.4900,641.7000,,
001314,易方达新益混合I,国内权益,2015-06-16,11.2526,2.6824,易方达基金,混合型-灵活,,吴奇,2026-06-02,0.2902,3,0.06%,开放申购,9.1802,6.1801,3.2996,8.6389,8.2424,9.0772,6.1199,-8.5941,-8.5941,-8.5941,2020,29.8498,0.7024,2026-09-16,['001315'],3.2990,8.2424,9.0772,17.6200,120.7883,165.8300,,
673071,西部利得新动力混合A,国内权益,2016-11-17,9.8289,0.2027,西部利得基金,混合型-灵活,,何奇,2024-07-18,2.1629,4,0.12%,开放申购,-2.5090,4.0350,1.7585,7.8914,,9.0465,27.7022,-49.1573,-49.1573,-49.1573,2020,41.1921,-0.1788,2026-09-16,['673073'],1.7590,8.8850,9.0465,9.1100,134.2504,134.2500,,
006302,银华行业轮动混合,国内权益,2018-12-03,7.7864,0.6038,银华基金,混合型-偏股,,贲兴振,2018-12-03,7.7864,0,0.15%,开放申购,-1.6476,5.0367,-0.9148,,,10.8643,14.4857,-37.2896,-44.9680,-44.9680,2020,68.4418,-0.2485,2026-09-16,[],-0.9146,8.3620,10.8644,-4.4900,123.2381,123.2400,,
000167,广发聚优灵活配置混合A,国内权益,2013-09-11,13.0130,2.0764,广发基金,混合型-灵活,,王丽媛,2026-03-19,0.4956,3,0.15%,开放申购,14.0632,8.1647,-0.2709,11.4929,9.8170,9.0680,20.4441,-38.5765,-52.9059,-60.8417,2020,81.3657,0.4917,2026-09-16,[],-0.2715,9.6910,9.0679,-1.3500,152.1797,209.4200,,
001482,摩根新兴服务股票A,国内权益,2015-08-06,11.1129,0.5455,摩根基金(中国),股票型,,杨景喻,2025-05-29,1.3005,1,0.15%,开放申购,29.7862,20.9053,-0.1611,14.1934,10.2792,8.5767,27.4266,-53.9395,-55.4174,-55.4174,2020,75.4828,0.6882,2026-09-16,['017177'],-0.1605,10.1623,8.5767,-0.8000,163.2278,149.5400,,
002419,汇添富创新活力混合A,国内权益,2016-04-19,10.4093,2.8506,汇添富基金,混合型-偏股,,夏正安,2026-06-29,0.2163,3,0.12%,开放申购,12.4212,13.6177,1.5197,10.7539,9.0647,8.9309,23.0024,-46.9357,-46.9357,-46.9357,2020,58.0567,0.4689,2026-09-16,"['014837', '014836']",1.5191,9.0540,8.9308,7.8300,137.9126,143.6200,,
202003,南方绩优成长混合A,国内权益,2006-11-16,19.8330,52.8097,南方基金,混合型-偏股,,王博,2026-07-16,0.1697,2,0.15%,开放申购,6.4663,10.7633,-0.0242,9.1309,7.9412,10.0660,18.6595,-33.9273,-43.7034,-59.4567,2007,146.0711,0.0793,2026-09-16,['006540'],-0.0240,7.8044,10.9344,-0.1200,112.0135,683.0700,,
710001,富安达优势成长混合A,国内权益,2011-09-21,14.9870,6.9580,富安达基金,混合型-偏股,,"李守峰,杨红",2026-07-08,0.1916,8,0.15%,开放申购,-11.2733,12.1710,1.7749,10.7014,8.1874,9.5492,24.9644,-37.9498,-40.6122,-65.3484,2015,82.0097,-0.4388,2026-09-16,['024667'],1.7758,8.1048,9.5493,9.2000,117.9957,292.3100,,
004351,汇丰晋信珠三角区域发展混合,国内权益,2017-06-02,9.2895,0.6230,汇丰晋信基金,混合型-偏股,,韦钰,2026-02-14,0.5859,1,0.15%,开放申购,-14.8761,3.6781,3.6469,11.0472,,8.6472,27.4900,-41.9909,-41.9909,-41.9909,2020,51.0865,-0.6675,2026-09-16,[],3.6462,8.0089,8.6472,19.6100,116.0700,116.0700,,
000073,摩根成长动力混合A,国内权益,2013-05-15,13.3388,2.4962,摩根基金(中国),混合型-灵活,,叶敏,2026-04-23,0.3997,3,0.15%,开放申购,24.2467,14.0947,-0.1639,13.6361,10.2911,8.3174,23.3749,-53.9842,-55.6602,-63.2479,2020,83.0552,0.6569,2026-09-16,['015638'],-0.1645,10.1804,8.3174,-0.8200,163.6603,190.2900,,
002681,金鹰元和灵活配置混合A,国内权益,2016-05-25,10.3107,0.8212,金鹰基金,混合型-灵活,,倪超,2020-11-18,5.8261,0,0.12%,开放申购,7.1509,8.7764,-0.4734,12.5080,9.4145,9.1288,29.4024,-43.7317,-43.7317,-43.7317,2020,68.0689,0.0936,2026-09-16,['002682'],-0.4724,9.4145,9.1288,-2.3400,145.8938,146.1400,,
002593,富国美丽中国混合A,国内权益,2016-05-19,10.3272,7.3934,富国基金,混合型-偏股,,沈衡,2026-05-28,0.3039,2,0.15%,开放申购,1.1900,1.8071,-3.7286,9.7446,10.0189,10.0732,19.9718,-44.5349,-45.1023,-45.1023,2020,64.9850,-0.0577,2026-09-16,['011566'],-3.7278,9.9660,10.0730,-17.3000,158.5733,169.4300,,
166006,中欧行业成长混合(LOF)A,国内权益,2009-12-30,16.7118,15.2847,中欧基金,混合型-偏股,,王培,2026-07-01,0.2108,2,0.15%,开放申购,8.3054,15.5330,-0.7550,12.0871,11.1572,7.0742,19.2167,-49.3669,-54.5190,-54.5190,2019,64.1049,0.3041,2026-09-16,"['001886', '004231']",-0.7553,11.0485,7.3802,-3.7200,185.1861,228.7000,,
001443,易方达瑞选灵活配置混合I,国内权益,2015-12-02,10.7899,0.2705,易方达基金,混合型-灵活,,罗川,2025-05-09,1.3552,2,0.06%,开放申购,6.0263,6.0692,3.7038,9.0027,8.2481,8.0522,6.2409,-7.8931,-7.8931,-7.8931,2020,27.5527,0.7131,2026-09-16,['001444'],3.7034,8.2377,8.0521,19.9400,120.6921,130.6200,,
000251,工银金融地产混合A,国内权益,2013-08-26,13.0568,9.3329,工银瑞信基金,混合型-偏股,,刘欣然,2026-08-14,0.0903,3,0.15%,开放申购,-7.5651,3.9465,0.4710,5.5997,5.9465,11.7776,18.8750,-28.8413,-32.1206,-40.4762,2014,103.0471,-0.6566,2026-09-16,['010696'],0.4715,5.8700,11.7775,2.3800,76.9004,327.9100,,
168105,九泰泰富灵活配置混合(LOF)A,国内权益,2016-09-26,9.9713,0.2121,九泰基金,混合型-灵活,,霍霄,2024-11-14,1.8371,3,0.12%,开放申购,32.6754,21.1677,0.8616,12.5354,,8.7379,28.4583,-60.2037,-60.2037,-60.2037,2020,54.5024,0.7310,2026-09-16,['015688'],0.8610,8.7118,8.7379,4.3800,130.5500,130.5500,,
100026,富国天合稳健优选混合,国内权益,2006-11-15,19.8357,21.8940,富国基金,混合型-偏股,,孙彬,2026-05-28,0.3039,2,0.15%,开放申购,0.2324,0.9808,-3.7665,7.0455,6.4252,9.4015,16.4906,-43.7706,-44.5344,-64.1201,2007,117.2394,-0.0844,2026-09-16,[],-3.7674,7.2715,12.4646,-17.4700,101.7648,927.8700,,
001583,安信新常态股票A,国内权益,2015-08-07,11.1102,2.4871,安信基金,股票型,,张明,2026-08-14,0.0903,2,0.15%,开放申购,-11.1937,3.5881,3.0758,8.9792,8.6693,7.7508,19.5268,-27.4438,-29.1610,-29.1610,2019,44.3065,-0.8105,2026-09-16,['011726'],3.0750,8.5503,7.7507,16.3500,127.1480,129.1900,,
003886,汇安丰利混合A,国内权益,2016-12-19,9.7413,0.1374,汇安基金,混合型-灵活,,陆丰,2020-05-11,6.3491,0,0.15%,开放申购,15.1153,12.2160,-1.8860,10.7601,,9.5054,27.0283,-49.9779,-51.6026,-51.6026,2020,67.3026,0.3584,2026-09-16,['003887'],-1.8858,9.2485,9.5055,-9.0800,142.1882,142.1900,,
001398,华泰柏瑞健康生活混合,国内权益,2015-06-18,11.2471,0.8500,华泰柏瑞基金,混合型-灵活,,吕慧建,2018-05-30,8.2984,0,0.15%,开放申购,24.7291,16.1784,2.4846,15.1525,10.5008,6.1514,24.6011,-52.9762,-52.9762,-52.9762,2020,69.0070,0.8385,2026-09-16,[],2.4854,10.4093,6.1514,13.0600,169.1884,95.7000,,
320018,诺安新动力灵活配置混合A,国内权益,2012-03-05,14.5325,0.4337,诺安基金,混合型-灵活,,李晓杰,2025-03-06,1.5305,2,0.15%,开放申购,7.4525,1.2656,-1.9133,11.3620,8.4569,10.0788,15.1830,-30.1990,-30.1990,-44.5602,2020,46.3585,0.4517,2026-09-16,['014551'],-1.9139,8.3763,10.0788,-9.2100,123.5330,303.7000,,
001357,泓德泓富混合A,国内权益,2015-06-09,11.2717,0.4887,泓德基金,混合型-灵活,,季宇,2024-10-26,1.8891,3,0.15%,开放申购,-4.0562,4.0022,0.2726,10.6598,7.5271,7.6164,12.2152,-23.5175,-29.2932,-29.2932,2020,63.8410,-0.3736,2026-09-16,['001376'],0.2725,8.5319,8.5774,1.3700,126.7649,152.8400,,
001709,华富物联世界灵活配置混合A,国内权益,2016-01-21,10.6530,0.3893,华富基金,混合型-灵活,,翟伟,2026-04-20,0.4079,4,0.15%,开放申购,-11.4528,11.8370,1.2325,11.8887,8.2530,8.3859,33.7564,-52.7269,-53.7617,-53.7617,2025,95.5609,-0.3086,2026-09-16,['019213'],1.2332,8.2327,8.3859,6.3200,120.5893,135.8100,,
005049,长安鑫旺价值混合A,国内权益,2017-09-21,8.9856,0.2923,长安基金,混合型-灵活,,江博文,2024-10-10,1.9329,1,0.12%,开放申购,9.0826,7.3700,-6.4154,12.5451,,10.7602,28.1923,-57.5563,-58.6225,-58.6225,2020,83.8664,0.4191,2026-09-16,['005050'],-6.4162,9.6179,10.7600,-28.2200,150.5050,150.5000,,
000529,广发竞争优势混合A,国内权益,2014-03-12,12.5147,4.0731,广发基金,混合型-灵活,,苏文杰,2026-05-09,0.3559,2,0.15%,开放申购,-3.8682,-0.2783,-3.4853,10.7902,8.9263,9.9446,21.6811,-44.4229,-49.8704,-58.0407,2020,96.8085,-0.2519,2026-09-16,['011755'],-3.4845,8.8097,9.9446,-16.2500,132.6349,227.5500,,
000793,工银高端制造股票,国内权益,2014-10-22,11.9014,11.5205,工银瑞信基金,股票型,,"修世宇,李文明",2026-04-28,0.3860,3,0.15%,开放申购,30.4911,18.1519,-0.0248,16.4308,9.2528,7.7009,25.3437,-51.8397,-54.0203,-74.8305,2020,122.1865,0.9889,2026-09-16,[],-0.0240,9.1115,7.7009,-0.1200,139.1691,141.8000,,
003284,中邮医药健康混合A,国内权益,2016-12-13,9.7577,0.9582,中邮基金,混合型-偏股,,"梁雪丹,梁筱雨",2026-05-06,0.3641,5,0.15%,开放申购,-6.9052,6.6939,-1.5088,10.2606,,8.8572,26.9026,-41.6925,-44.2651,-44.2651,2020,71.3816,-0.3145,2026-09-16,['019478'],-1.5089,8.6336,8.8573,-7.3200,128.8971,128.9000,,
005571,中银证券新能源混合A,国内权益,2018-08-02,8.1232,0.3859,中银证券,混合型-灵活,,张丽新,2023-01-14,3.6715,2,0.15%,开放申购,9.2214,14.9736,-3.0013,10.1771,,10.0504,34.3473,-62.7298,-63.1643,-63.1643,2025,61.8446,0.1811,2026-09-16,['005572'],-3.0008,8.0901,10.0504,-14.1300,117.7000,117.7000,,
000433,安信鑫发优选混合A,国内权益,2013-12-31,12.7091,0.2825,安信基金,混合型-灵活,,黎志军,2021-11-19,4.8241,2,0.10%,开放申购,8.4849,11.7537,-0.5981,13.0604,8.6782,8.2100,16.0205,-36.7973,-37.8331,-38.1333,2021,59.2706,0.2839,2026-09-16,['012891'],-0.5971,8.5961,8.2100,-2.9500,128.1088,172.5900,,
004895,华商鑫安灵活混合,国内权益,2017-09-06,9.0267,0.4813,华商基金,混合型-灵活,,陈恒,2022-06-20,4.2409,2,0.15%,开放申购,-9.6675,7.3333,-4.2886,13.8425,,9.7812,24.6020,-54.6886,-54.6886,-54.6886,2020,114.4657,-0.4055,2026-09-16,[],-4.2884,8.7886,9.7815,-19.6800,132.1851,132.1900,,
270001,广发聚富混合,国内权益,2003-12-03,22.7871,12.5140,广发基金,混合型-灵活,,"陈宇庭,丁一凡",2026-07-10,0.1862,2,0.15%,开放申购,3.2002,-0.3720,0.0954,7.2548,6.0815,8.9377,15.5680,-30.8118,-30.8118,-57.1118,2006,127.1731,0.0899,2026-09-16,[],0.0958,5.9840,10.3734,0.4800,78.8138,847.8800,,
257050,国联安主题驱动混合A,国内权益,2009-08-26,17.0568,0.4964,国联安基金,混合型-偏股,,刘佃贵,2021-08-30,5.0459,0,0.15%,开放申购,-1.9740,7.5470,0.4267,12.2235,9.5531,6.8488,15.1930,-35.2076,-38.9919,-58.6963,2020,77.1954,-0.2090,2026-09-16,['023713'],0.4263,9.4217,6.8488,2.1500,146.0570,209.5400,,
006692,金信消费升级股票A,国内权益,2019-01-31,7.6249,0.3886,金信基金,股票型,,杨超,2022-08-26,4.0575,2,0.15%,开放申购,-16.7511,-3.7802,-5.4696,,,9.3977,23.3078,-35.0168,-41.6364,-41.6364,2020,71.7575,-0.7377,2026-09-16,['006693'],-4.8527,7.9723,10.5832,-22.0200,115.3400,115.3400,,
519656,银河灵活配置混合A,国内权益,2014-02-11,12.5941,0.2386,银河基金,混合型-灵活,,石磊,2019-04-22,7.4031,0,0.15%,开放申购,5.9653,3.1138,-2.4258,9.1565,7.1901,10.1221,15.4277,-37.9980,-37.9980,-53.4536,2014,52.7000,0.3173,2026-09-16,['519657'],-2.4248,7.0446,10.1221,-11.5500,97.5367,236.8000,,
270008,广发核心精选混合,国内权益,2008-07-16,18.1684,5.4463,广发基金,混合型-偏股,,"程琨,冯汉杰",2026-09-10,0.0164,1,0.15%,开放申购,5.5792,3.7390,1.0016,9.1004,5.2438,10.0184,17.5645,-29.2150,-37.7673,-51.3802,2009,78.3278,0.2739,2026-09-16,[],1.0017,5.2297,10.0183,5.1100,66.4876,466.7000,,
004292,鹏华沪深港互联网股票,国内权益,2017-04-06,9.4456,1.2591,鹏华基金,股票型,,黄润,2026-09-09,0.0192,2,0.15%,开放申购,-6.4639,13.2411,-1.9741,10.1635,,8.6043,32.6030,-58.6738,-58.8678,-58.8678,2020,72.8909,-0.2530,2026-09-16,[],-1.9744,8.1084,8.6043,-9.4900,118.0700,118.0700,,
020001,国泰金鹰增长混合,国内权益,2002-05-08,24.3587,10.9710,国泰基金,混合型-灵活,,王兆祥,2026-04-08,0.4408,1,0.15%,开放申购,-4.8536,0.4201,-0.7239,1.1116,1.1105,7.0032,6.8960,-16.0896,-16.0896,-28.2051,2006,113.1250,-0.5218,2026-09-16,[],-2.7692,4.8326,12.0963,-13.1000,60.3109,1514.2600,,
163409,兴全绿色投资混合(LOF),国内权益,2011-05-06,15.3648,18.7980,兴证全球基金,混合型-偏股,,"邹欣,李君",2026-09-04,0.0329,1,0.15%,开放申购,4.4818,7.2328,-3.2437,11.6877,6.9896,10.1022,20.8525,-53.3669,-53.3669,-53.3669,2019,58.4352,0.1337,2026-09-16,[],-3.2437,6.9214,10.1022,-15.2000,95.2745,338.7200,,
450011,国富研究精选混合A,国内权益,2012-05-22,14.3190,0.5525,国海富兰克林基金,混合型-偏股,,徐荔蓉,2017-02-14,9.5852,0,0.15%,开放申购,7.3270,4.1702,-2.0183,11.6704,8.5772,7.8855,20.7029,-46.8927,-47.6291,-65.7809,2020,57.5188,0.2951,2026-09-16,['018342'],-2.0178,8.4364,7.8855,-9.6900,124.7763,196.4800,,
006424,嘉合锦程混合A,国内权益,2018-12-20,7.7399,0.4587,嘉合基金,混合型-偏股,,李国林,2021-01-21,5.6509,0,0.15%,开放申购,4.6000,4.4260,-4.9315,,,9.5199,28.4413,-44.5537,-47.4496,-47.4496,2020,82.4594,0.0082,2026-09-16,['006425'],-5.1523,7.7397,10.1111,-23.2400,110.7458,110.7500,,
166007,中欧互通精选混合A,国内权益,2010-06-24,16.2300,0.4940,中欧基金,混合型-偏股,,钱亚婷,2022-01-04,4.6982,3,0.15%,开放申购,5.5584,11.4746,0.6890,10.2527,8.5399,6.0873,16.5491,-34.5010,-34.7196,-46.4631,2014,51.4065,0.2021,2026-09-16,['001884'],0.6885,8.4572,6.3656,3.4900,125.2078,172.2600,,
001645,国泰大健康股票A,国内权益,2016-02-03,10.6174,2.0145,国泰基金,股票型,,"邱晓旭,任一林",2026-05-11,0.3504,2,0.15%,开放申购,3.4656,-3.1413,-5.6949,9.5074,7.7617,10.1605,25.2876,-54.6512,-54.6512,-54.6512,2019,85.6773,0.0584,2026-09-16,['011321'],-5.6947,7.7292,10.1606,-25.4100,110.5396,179.3900,,
005341,长安裕泰混合A,国内权益,2017-12-27,8.7201,0.2653,长安基金,混合型-灵活,,江博文,2024-10-10,1.9329,2,0.12%,开放申购,0.5550,8.0720,-6.7562,12.3583,,9.8277,26.8374,-59.3986,-60.4881,-60.4881,2020,86.2239,-0.0725,2026-09-16,['005342'],-6.7550,8.5178,9.8277,-29.5100,126.4700,126.4700,,
002249,招商境远灵活配置混合,国内权益,2015-12-15,10.7543,0.8691,招商基金,混合型-灵活,,郭锐,2024-03-27,2.4723,1,0.15%,开放申购,1.0808,4.5361,-2.2274,12.9437,8.2598,7.8080,18.4240,-37.7324,-44.1382,-44.1382,2020,88.9477,0.0082,2026-09-16,[],-2.2270,8.2492,7.8080,-10.6500,120.9252,124.4600,,
002189,农银汇理国企改革混合,国内权益,2016-06-03,10.2861,0.7818,农银汇理基金,混合型-灵活,,张峰,2016-06-03,10.2861,0,0.15%,开放申购,-3.0634,4.6201,-3.6297,8.1720,8.3384,8.2611,13.5751,-39.5509,-44.2243,-44.2243,2020,74.3577,-0.3477,2026-09-16,[],-3.6302,8.2386,8.2611,-16.8800,120.7102,126.2500,,
162605,景顺长城鼎益混合(LOF)A,国内权益,2005-03-16,21.5031,70.7737,景顺长城基金,混合型-偏股,,"刘彦春,柯海东",2026-05-09,0.3559,1,0.15%,开放申购,-18.8139,-10.7539,-10.1380,5.5164,7.1740,12.2039,24.4960,-53.1743,-62.5805,-62.5805,2006,151.8479,-0.7429,2026-09-16,['018600'],-10.1373,7.1258,12.2039,-41.4000,99.0402,1089.3900,,
150103,银河银泰混合,国内权益,2004-03-30,22.4641,10.4044,银河基金,混合型-偏股,,石磊,2023-03-31,3.4634,1,1.00%,暂停申购,9.2921,4.9408,-5.8205,2.4215,0.4920,7.3254,18.4050,-48.0994,-63.9403,-63.9403,2006,103.2228,0.6147,2026-09-16,[],-5.8596,5.0786,10.9212,-26.0600,64.1131,926.1400,,
260104,景顺长城内需增长混合A,国内权益,2004-06-25,22.2259,11.8161,景顺长城基金,混合型-偏股,,"刘彦春,徐亦达",2026-05-09,0.3559,1,0.15%,开放申购,-13.5751,-7.0945,-8.2029,6.9198,4.4802,11.4897,21.1356,-50.8344,-61.7554,-62.3182,2006,179.2152,-1.1547,2026-09-16,['023263'],-8.2042,4.4437,12.6520,-34.8200,54.4627,1312.3500,,
310368,申万菱信竞争优势混合A,国内权益,2008-07-04,18.2012,0.4763,申万菱信基金,混合型-偏股,,龚霄,2025-12-15,0.7529,3,0.15%,开放申购,8.1717,9.3347,-8.2475,10.9846,8.3947,8.5667,24.4497,-58.8375,-59.7704,-59.7704,2009,67.6781,0.3648,2026-09-16,['015173'],-8.2465,8.2757,8.5667,-34.9700,121.4681,346.4000,,
762001,国金国鑫发起A,国内权益,2012-08-28,14.0507,0.5944,国金基金,混合型-灵活,,王小刚,2023-09-28,2.9678,4,0.15%,限大额,-3.2385,4.8435,-1.5109,6.4994,3.6919,9.6131,19.1567,-38.4995,-44.0423,-44.0423,2015,54.9883,-0.4077,2026-09-16,['009762'],-1.5110,3.6444,10.8764,-7.3300,43.0405,326.6000,,
040004,华安宝利配置混合,国内权益,2004-08-24,22.0616,12.3450,华安基金,混合型-偏股,,"陈媛,许富强",2026-07-13,0.1780,1,0.12%,开放申购,-9.0708,-1.0326,-5.3657,5.3320,3.1216,11.1619,17.2886,-38.3670,-51.0119,-51.0119,2006,118.8068,-0.4556,2026-09-16,[],-5.3657,3.0081,12.0444,-24.1000,34.4972,1129.2000,,
001569,泰信国策驱动灵活配置混合,国内权益,2015-10-27,10.8884,0.5764,泰信基金,混合型-灵活,,吴秉韬,2019-08-30,7.0472,0,0.15%,开放申购,-5.0000,7.0222,-5.7621,14.5132,8.1217,5.4710,31.2030,-54.9251,-55.6417,-55.6417,2020,85.7311,-0.2393,2026-09-16,[],-5.7631,8.0165,5.4710,-25.6800,116.2228,78.6000,,
002768,华安安进灵活配置混合发起式A,国内权益,2016-07-05,10.1985,1.0144,华安基金,混合型-灵活,,桑翔宇,2025-09-01,1.0404,2,0.12%,暂停申购,47.9535,26.9518,11.4891,11.6637,9.7292,9.5418,27.7860,-41.9834,-41.9834,-41.9834,2026,39.1243,0.8765,2026-09-16,['016182'],12.5682,9.7292,10.0603,80.7500,,165.8100,,
501026,财通多策略福享混合(LOF)A,国内权益,2016-09-18,9.9932,7.5579,财通基金,混合型-灵活,,贾雅楠,2026-09-04,0.0329,2,0.15%,开放申购,86.6242,56.0567,19.0782,17.1513,,10.0544,31.4560,-46.2573,-56.3336,-56.3336,2025,92.4839,1.8305,2026-09-16,['028462'],19.0782,,10.0544,139.4200,,160.4900,,
000970,东方红睿元混合,国内权益,2015-01-21,11.6386,22.5429,东方红资产管理,混合型-灵活,,刘锐,2025-12-20,0.7255,3,1.50%,暂停申购,34.7985,22.4535,4.2868,10.2161,11.4693,13.6113,38.5966,-50.3454,-59.8582,-59.8582,2019,60.4848,,2026-09-11,[],4.2864,11.4693,13.6113,23.3500,,341.6000,,
003145,国联竞争优势,国内权益,2016-09-07,10.0233,0.5151,国联基金,股票型,,梁勤之,2025-09-08,1.0212,2,0.15%,开放申购,26.9205,22.2669,6.9060,20.3418,11.8303,11.7072,25.7029,-43.3487,-48.5441,-48.5441,2020,72.7652,1.0977,2026-09-16,[],6.9060,11.8303,11.7072,39.6400,,203.3400,,
006977,农银汇理海棠三年定开混合,国内权益,2019-04-16,7.4059,0.6245,农银汇理基金,混合型-偏股,,谷超,2022-03-23,4.4709,1,0.15%,暂停申购,-15.1869,-6.1566,-21.6530,,,-0.8734,70.5924,-75.8984,-75.8984,-75.8984,2020,83.7302,,2026-09-11,[],-7.7855,,13.9547,-33.3200,,163.1200,,
002939,广发创新升级混合,国内权益,2016-08-24,10.0616,46.2580,广发基金,混合型-灵活,,刘格菘,2026-06-03,0.2875,1,0.15%,开放申购,12.9948,14.1592,-4.3040,14.3704,11.4329,11.3436,33.5520,-63.6256,-66.5092,-66.5092,2019,114.4567,0.2199,2026-09-16,[],-4.3051,11.4329,11.3436,-19.7500,,194.8000,,
001210,天弘互联网混合A,国内权益,2015-05-29,11.3018,6.2817,天弘基金,混合型-灵活,,张磊,2026-04-30,0.3806,3,0.15%,开放申购,35.7234,26.4131,8.7928,15.8258,11.1904,4.8473,31.4266,-46.8782,-51.3630,-53.9509,2019,74.0000,0.8165,2026-09-16,['015461'],8.7934,11.1155,4.8473,52.4100,186.9098,70.7400,,
005373,中加紫金灵活配置混合A,国内权益,2018-04-04,8.4517,0.5142,中加基金,混合型-灵活,,林沐尘,2023-06-30,3.2142,3,0.08%,开放申购,5.2441,15.9245,8.4749,11.5956,,8.5996,17.5035,-27.5195,-27.5195,-27.5195,2025,50.5690,0.1463,2026-09-16,['005374'],8.4746,7.2213,8.5995,50.1900,100.8216,100.8200,,
005632,鹏华量化先锋混合,国内权益,2018-02-23,8.5421,0.9733,鹏华基金,混合型-偏股,,时赟超,2025-01-14,1.6701,2,0.15%,开放申购,14.1169,17.4876,7.0378,13.9596,,9.0333,20.8413,-30.4309,-33.4687,-33.4687,2025,41.5558,0.5274,2026-09-16,[],7.0373,7.5818,8.9323,40.5000,107.6774,107.6800,,
002383,大成趋势回报灵活配置混合A,国内权益,2016-03-22,10.4860,0.3976,大成基金,混合型-灵活,,徐雄晖,2023-04-10,3.4360,3,0.15%,开放申购,26.7103,18.5858,9.5911,11.2203,7.8750,7.0791,12.7190,-13.8378,-20.7843,-20.9393,2020,33.5106,1.7106,2026-09-16,['019184'],9.5911,7.7967,7.0790,58.0800,111.8626,104.8700,,
005960,博时量化价值股票A,国内权益,2018-06-26,8.2245,0.4614,博时基金,股票型,,杨振建,2025-12-17,0.7474,3,0.15%,开放申购,7.8579,14.2768,5.4170,10.0613,,9.1580,18.1430,-26.7611,-27.8219,-27.8219,2025,36.9625,0.2466,2026-09-16,['005961'],5.4166,7.4729,9.1578,30.1800,105.5842,105.5800,,
003626,平安鑫利混合A,国内权益,2016-12-07,9.7741,0.0442,平安基金,混合型-灵活,,王华,2023-12-29,2.7159,2,0.08%,开放申购,9.9862,20.4319,10.5780,8.4518,,7.5974,25.0340,-35.4954,-35.4954,-35.4954,2025,64.9705,0.1516,2026-09-16,['006433'],10.5784,7.4196,7.5976,65.3300,104.5671,104.5700,,
519197,万家颐达灵活配置混合A,国内权益,2016-06-02,10.2888,0.7562,万家基金,混合型-灵活,,乔亮,2023-07-26,3.1431,4,0.15%,开放申购,27.4877,17.9431,9.2140,8.9386,7.1505,7.0516,19.9884,-33.6453,-33.6453,-33.6453,2025,47.2400,1.0443,2026-09-16,['019077'],9.2142,7.1441,7.0514,55.3800,99.3808,101.5900,,
003373,大成景禄灵活配置混合A,国内权益,2016-09-29,9.9630,0.6629,大成基金,混合型-灵活,,李煜,2023-04-04,3.4524,3,0.15%,开放申购,-4.4125,16.5173,6.7820,10.3889,,7.5067,21.4316,-36.4532,-36.4532,-36.4532,2025,52.3274,-0.2118,2026-09-16,['003374'],6.7817,7.4779,7.5067,38.8300,105.6799,105.6800,,
001707,诺安高端制造股票A,国内权益,2017-06-08,9.2731,0.7316,诺安基金,股票型,,童宇,2020-12-31,5.7084,0,0.15%,开放申购,22.0838,18.0062,3.2767,12.5216,,8.6376,25.1185,-50.0000,-50.0000,-50.0000,2025,62.0405,0.9312,2026-09-16,['014536'],3.2762,7.9854,8.6376,17.4900,115.6000,115.6000,,
006138,国联安价值优选股票,国内权益,2018-09-20,7.9890,0.7360,国联安基金,股票型,,邹新进,2018-09-20,7.9890,0,0.15%,开放申购,-7.1734,2.0206,2.2893,,,9.5032,18.2786,-24.6302,-26.0374,-26.0374,2019,42.0911,-0.4472,2026-09-16,[],2.2888,7.5222,9.5032,11.9800,106.5300,106.5300,,
217002,招商安泰平衡混合,国内权益,2003-04-28,23.3867,2.8245,招商基金,混合型-平衡,,张韵,2026-04-29,0.3833,1,0.15%,开放申购,2.1638,7.5299,2.7745,11.2565,7.7121,9.2483,12.9503,-22.0571,-22.0571,-37.3455,2006,73.4277,-0.0433,2026-09-16,[],2.7738,7.6072,9.2483,14.6600,108.1683,691.4000,,
005847,富国沪港深业绩驱动混合型A,国内权益,2018-07-27,8.1396,16.8496,富国基金,混合型-偏股,,"张峰,宁君",2026-08-12,0.0958,4,0.15%,开放申购,-14.9228,9.3435,1.4918,10.0017,,9.6183,19.6179,-36.0538,-45.4340,-45.4340,2020,66.0421,-0.8622,2026-09-16,['011117'],1.4909,7.7614,9.6183,7.6800,111.1700,111.1700,,
003154,华宝新活力混合C,国内权益,2016-09-07,10.0233,0.4890,华宝基金,混合型-灵活,,姜松尚,2026-04-10,0.4353,4,0.00%,开放申购,3.9587,9.3833,5.0938,8.0118,7.7964,7.7776,10.9391,-17.0649,-24.3001,-24.3001,2017,31.1768,0.0472,2026-09-16,['024065'],5.0939,7.7942,7.7778,28.2000,111.8145,111.8600,,
001682,新华鑫回报混合,国内权益,2015-09-02,11.0390,0.5813,新华基金,混合型-灵活,,王丹,2021-12-30,4.7118,1,0.15%,开放申购,29.4311,15.4988,6.9157,11.0320,7.3343,7.3225,15.7093,-30.0219,-32.5724,-32.5724,2019,50.8816,1.2281,2026-09-16,[],6.9152,7.2647,7.3225,39.7000,101.6360,118.1700,,
519949,长信利信混合A,国内权益,2016-11-10,9.8480,0.0353,长信基金,混合型-灵活,,陆晓锋,2023-09-15,3.0034,3,0.15%,开放申购,35.8974,17.3060,6.8181,9.0794,,7.4120,18.9592,-26.1921,-26.2940,-26.2940,2026,32.8691,1.3305,2026-09-16,"['007294', '007293']",6.8186,7.2954,7.4118,39.0700,102.2138,102.2100,,
001430,中邮乐享收益灵活配置混合A,国内权益,2015-06-15,11.2553,0.2262,中邮基金,混合型-灵活,,衣瑛杰,2026-08-21,0.0712,2,0.15%,开放申购,15.1913,12.4624,6.6751,7.9868,7.3676,7.3559,17.3428,-30.5479,-30.5479,-30.5479,2025,35.0133,0.3881,2026-09-16,['019519'],6.6753,7.3480,7.3560,38.1400,103.2072,122.3100,,
006801,前海联合科技先锋混合A,国内权益,2019-08-14,7.0910,0.1324,前海联合,混合型-偏股,,张磊,2022-10-01,3.9589,1,0.15%,开放申购,18.7892,14.9527,3.4267,,,9.5954,25.8306,-44.9669,-46.7058,-46.7058,2020,52.9473,0.4254,2026-09-16,['006802'],3.4269,6.7129,9.5954,18.3500,91.5000,91.5000,,
003308,中信建投睿利A,国内权益,2016-12-07,9.7741,0.5824,中信建投基金,混合型-灵活,,"杨志武,艾翀",2024-02-06,2.6092,4,0.12%,开放申购,9.6407,18.8768,7.0050,8.2803,,7.2669,22.4113,-38.5536,-44.1921,-44.1921,2025,49.4720,0.2781,2026-09-16,['004635'],7.0053,7.0970,7.2671,40.2900,98.5062,98.5100,,
002389,招商安德灵活配置混合A,国内权益,2016-02-18,10.5763,0.2370,招商基金,混合型-灵活,,程泉璋,2025-07-01,1.2101,2,0.15%,开放申购,12.1147,11.1055,6.9778,8.4145,7.2918,7.0217,21.4145,-33.6914,-33.6914,-33.6914,2025,29.1009,0.2523,2026-09-16,['002390'],6.9778,7.2812,7.0219,40.1100,101.9469,104.9800,,
004142,招商盛合灵活混合A,国内权益,2017-03-01,9.5441,0.0354,招商基金,混合型-灵活,,刘浒,2025-12-15,0.7529,5,0.15%,开放申购,2.5016,5.8060,4.3629,11.3730,,7.9837,12.4636,-19.9780,-20.6771,-20.6771,2020,39.2908,0.0215,2026-09-16,['004143'],4.3624,7.6063,7.9837,23.8000,108.1500,108.1500,,
004944,鑫元鑫趋势灵活配置混合A,国内权益,2017-08-24,9.0623,0.8560,鑫元基金,混合型-灵活,,刘宇涛,2022-10-26,3.8905,4,0.12%,开放申购,18.0559,13.4533,4.9261,9.6930,,7.9649,17.8991,-34.3789,-34.3789,-34.3789,2020,40.5541,0.7952,2026-09-16,['004948'],4.9262,7.1918,7.9649,27.1800,100.2700,100.2700,,
001448,华商双翼平衡混合A,国内权益,2015-06-16,11.2526,0.8670,华商基金,混合型-偏债,,张飞,2026-08-12,0.0958,2,0.12%,开放申购,-12.1510,11.5833,5.6651,9.6255,7.1869,7.4045,21.6336,-32.9557,-32.9557,-32.9557,2025,48.3075,-0.8141,2026-09-16,['002176'],5.6648,7.1390,7.4045,31.7200,99.2864,123.4000,,
519971,长信改革红利混合,国内权益,2014-08-06,12.1123,0.2708,长信基金,混合型-灵活,,唐卓菁,2026-06-10,0.2683,4,0.15%,开放申购,-3.5791,13.7781,4.3594,7.9062,7.0109,8.0082,22.4812,-30.8378,-31.9298,-31.9298,2025,33.8906,-0.1940,2026-09-16,[],4.3590,6.9900,8.0084,23.7800,96.5313,154.2400,,
570005,诺德成长优势混合,国内权益,2009-09-22,16.9829,1.1558,诺德基金,混合型-偏股,,郝旭东,2026-09-09,0.0192,1,0.15%,开放申购,19.7710,14.6544,2.3091,6.6446,6.6009,9.4563,16.7632,-38.9886,-45.0998,-45.0998,2015,60.5749,0.8043,2026-09-16,[],2.3089,6.5303,9.4504,12.0900,88.2477,363.4700,,
161910,万家新机遇价值驱动A,国内权益,2012-08-02,14.1218,0.6765,万家基金,混合型-灵活,,陈贇,2025-03-15,1.5058,1,0.15%,开放申购,30.6367,10.5810,2.9458,11.5928,6.8007,9.0943,22.2730,-31.4217,-33.1964,-37.1602,2015,78.9920,0.7078,2026-09-16,['006085'],3.4688,7.5186,7.6755,18.5900,106.4594,184.1500,,
003152,华富天鑫灵活配置混合A,国内权益,2016-12-29,9.7139,0.5454,华富基金,混合型-灵活,,"王羿伟,时彧",2026-03-04,0.5366,3,0.15%,开放申购,9.8627,6.0618,-0.7117,11.0854,,6.8883,28.9556,-50.6322,-50.6322,-50.6322,2020,70.0458,0.3509,2026-09-16,['003153'],1.6131,7.9269,8.1699,8.3300,114.4351,114.4400,,
002662,前海开源沪港深大消费混合A,国内权益,2016-09-29,9.9630,0.2713,前海开源基金,混合型-灵活,,田维,2023-04-18,3.4141,2,0.15%,开放申购,-11.8174,2.7759,3.5758,9.5009,,7.5601,17.2913,-29.0092,-29.2457,-29.2457,2020,60.6187,-1.0301,2026-09-16,['002663'],3.5751,7.5311,7.5601,19.2000,106.7000,106.7000,,
002819,招商丰美混合A,国内权益,2016-11-10,9.8480,0.1576,招商基金,混合型-灵活,,"王刚,王梓林",2025-03-04,1.5359,1,0.15%,开放申购,8.1709,6.4580,4.9206,7.8049,,7.2060,13.1435,-18.1875,-18.1875,-18.1875,2021,16.6935,0.3572,2026-09-16,['002820'],4.9212,7.0928,7.2062,27.1500,98.4270,98.4300,,
004987,诺德新享灵活配置混合,国内权益,2017-08-09,9.1034,0.2043,诺德基金,混合型-灵活,,顾钰,2021-04-02,5.4565,0,0.15%,开放申购,26.4298,4.6082,0.7725,8.2781,,8.5838,25.0476,-39.9631,-46.1446,-46.1446,2020,87.1161,0.9134,2026-09-16,[],0.7293,7.7620,8.5583,3.7000,111.1827,111.1800,,
002317,招商睿逸混合,国内权益,2016-04-13,10.4257,2.6130,招商基金,混合型-偏债,,罗丽思,2026-04-17,0.4162,1,0.15%,开放申购,9.7031,10.2719,4.1915,10.1896,7.2972,7.2227,11.7795,-17.8653,-17.8653,-17.8653,2020,30.3391,0.9417,2026-09-16,[],4.1916,7.2763,7.2227,22.7900,101.8537,106.9000,,
006718,国融融盛龙头严选混合A,国内权益,2019-05-29,7.3018,0.5965,国融基金,混合型-偏股,,周德生,2023-02-07,3.6057,1,0.15%,开放申购,-8.5763,12.5818,3.6837,,,8.0135,38.5708,-44.0682,-46.8763,-46.8763,2024,51.2753,-0.2621,2026-09-16,['006719'],3.6843,6.2181,8.6121,19.8300,82.8046,82.8000,,
501032,财通福盛混合发起(LOF)A,国内权益,2017-01-25,9.6400,0.6381,财通基金,混合型-偏股,,张胤,2021-03-24,5.4812,0,0.15%,开放申购,10.0127,19.8374,3.8192,12.8757,,7.4496,31.4236,-45.2779,-45.6763,-45.6763,2025,52.6780,0.1494,2026-09-16,['014628'],3.8190,7.1721,7.4496,20.6100,99.9012,99.9000,,
006369,弘毅远方国企转型升级混合A,国内权益,2018-10-31,7.8768,0.3035,弘毅远方基金,混合型-偏股,,章劲,2022-07-08,4.1916,1,0.15%,开放申购,15.6320,13.0294,0.8548,,,9.0379,19.4561,-51.0212,-53.1436,-53.1436,2020,62.3962,0.7061,2026-09-16,['013530'],0.8552,7.0531,9.0377,4.3500,97.6932,97.6900,,
151002,银河收益混合A,国内权益,2003-08-04,23.1184,2.0209,银河基金,混合型-偏债,,"郑可成,陈舜键",2026-03-31,0.4627,3,0.15%,开放申购,8.4424,6.7263,3.5654,6.7859,5.5782,9.1455,5.3716,-6.2942,-6.2942,-14.0239,2014,52.1912,0.8041,2026-09-16,['028737'],3.5646,5.5647,9.1438,19.1400,71.8652,655.9300,,
003119,博时鑫源混合A,国内权益,2016-08-24,10.0616,0.0867,博时基金,混合型-灵活,,骆家伟,2025-12-26,0.7228,4,0.08%,限大额,11.5718,5.6508,0.8446,8.9433,7.9999,7.9490,6.8363,-20.0980,-21.5892,-21.5892,2019,51.0963,1.0850,2026-09-16,"['023213', '003120']",0.8436,7.9999,7.9490,4.2900,115.8900,115.8900,,
004153,中信保诚新悦混合A,国内权益,2016-12-29,9.7139,0.0009,中信保诚基金,混合型-灵活,,金山,2025-09-22,0.9829,2,0.10%,限大额,5.7583,4.4859,2.9991,8.0420,,7.5272,7.1031,-7.8358,-7.8358,-7.8358,2020,25.6997,0.4230,2026-09-16,['004154'],2.9987,7.3042,7.5272,15.9200,102.3795,102.3800,,
003131,国寿安保强国智造混合,国内权益,2016-09-27,9.9685,0.4437,国寿安保基金,混合型-灵活,,宋易潞,2024-02-08,2.6037,1,0.15%,开放申购,35.3401,15.0655,2.8634,11.3813,,7.3958,26.3071,-49.8914,-54.6716,-54.6716,2020,60.9241,0.8626,2026-09-16,[],2.8633,7.3717,7.3960,15.1600,103.6559,103.6600,,
004249,安信中国制造混合A,国内权益,2017-03-16,9.5031,0.3446,安信基金,混合型-灵活,,陈思,2025-01-13,1.6728,2,0.15%,开放申购,-8.9405,5.7622,3.0780,9.0658,,7.5223,19.2321,-26.5340,-33.0816,-33.0816,2019,41.6667,-0.5051,2026-09-16,['023094'],3.0785,7.1355,7.5223,16.3700,99.2200,99.2200,,
003670,国联物联网主题A,国内权益,2017-02-27,9.5496,0.3720,国联基金,混合型-灵活,,"赵菲,杜超",2026-02-11,0.5941,2,0.15%,开放申购,2.8530,20.5902,0.6519,13.1447,,8.1081,30.7231,-56.3270,-57.3829,-57.3829,2020,71.5140,-0.0427,2026-09-16,['022891'],0.6515,7.7292,8.1081,3.3000,110.5400,110.5400,,
000649,长城久鑫混合A,国内权益,2014-07-30,12.1314,0.9101,长城基金,混合型-灵活,,余欢,2021-06-04,5.2841,0,0.15%,开放申购,-14.6945,12.5367,0.5779,9.4491,7.5773,8.1415,28.6861,-51.3125,-55.7976,-55.7976,2025,88.6908,-0.3262,2026-09-16,['017461'],0.5773,7.5557,8.1415,2.9200,107.1737,158.4500,,
000121,华夏永福混合A,国内权益,2013-08-13,13.0924,4.5172,华夏基金,混合型-偏债,,"陆晓天,王磊",2026-04-29,0.3833,2,0.08%,限大额,3.6478,7.4582,2.3873,7.7519,6.5253,8.2200,7.5633,-15.2313,-16.3322,-16.3322,2020,27.7718,0.3299,2026-09-16,['002166'],2.3873,6.5111,8.2200,12.5200,87.9092,181.3000,,
004453,前海开源盈鑫A,国内权益,2017-03-21,9.4894,0.0171,前海开源基金,混合型-灵活,,王思岳,2026-04-20,0.4079,3,0.15%,限大额,-1.9970,2.6403,2.3539,8.1568,,7.5590,7.0128,-7.7511,-11.6977,-11.6977,2020,26.9345,-0.5524,2026-09-16,['004454'],2.3545,7.1595,7.5591,12.3400,99.6673,99.6700,,
006568,国联安行业领先混合,国内权益,2018-12-13,7.7591,0.4627,国联安基金,混合型-偏股,,呼荣权,2022-09-08,4.0219,2,0.15%,开放申购,-11.1665,2.3421,-3.2030,,,9.8472,21.6682,-40.8058,-42.4042,-42.4042,2020,77.6866,-0.6293,2026-09-16,[],-3.2027,7.5594,9.8475,-15.0200,107.2453,107.2500,,
002577,南方新兴龙头灵活配置混合A,国内权益,2016-05-03,10.3710,2.5274,南方基金,混合型-灵活,,麦骏杰,2026-06-26,0.2245,1,0.15%,开放申购,29.8103,13.6140,2.9299,14.7863,7.2800,7.0416,28.0765,-50.4393,-50.4393,-50.4393,2020,60.6673,0.5441,2026-09-16,['028537'],2.9293,7.2267,7.0416,15.5300,100.9226,102.5300,,
006202,交银核心资产混合A,国内权益,2019-01-18,7.6605,0.4651,交银施罗德基金,混合型-偏股,,陈俊华,2019-01-18,7.6605,0,0.15%,开放申购,-7.1987,5.8174,-0.0281,,,8.9026,16.8771,-31.5259,-36.1781,-36.1781,2020,51.7882,-0.4705,2026-09-16,['020523'],-0.0280,6.7513,8.9026,-0.1400,92.1908,92.1900,,
002945,大成盛世精选混合A,国内权益,2017-12-20,8.7392,0.8472,大成基金,混合型-灵活,,赵蓬,2024-04-26,2.3901,2,0.15%,开放申购,-12.7468,3.5122,-0.6275,12.6851,,8.4574,20.2961,-30.7968,-32.6362,-32.6362,2020,80.5219,-0.5581,2026-09-16,['019201'],-0.6278,7.3529,8.4574,-3.1000,103.3000,103.3000,,
006323,合煦智远嘉选混合A,国内权益,2018-09-18,7.9945,0.0246,合煦智远基金,混合型-偏股,,"杨志勇,刘武健",2026-04-01,0.4600,3,0.15%,开放申购,0.1039,2.6844,-2.9518,,,9.4006,14.2687,-31.5144,-33.3249,-33.3249,2020,61.5509,-0.1856,2026-09-16,"['022288', '006324']",-2.9511,7.4470,9.4006,-13.9100,105.0892,105.0900,,
005323,前海开源泽鑫混合A,国内权益,2018-01-24,8.6434,0.8674,前海开源基金,混合型-灵活,,王思岳,2026-04-20,0.4079,6,0.15%,开放申购,-3.3851,0.9986,0.4829,8.6569,,8.0833,5.0395,-6.2620,-16.5045,-16.5045,2019,30.2091,-1.1657,2026-09-16,['005324'],0.4833,6.9496,8.0833,2.4400,95.7900,95.7900,,
000273,华润元大安鑫灵活配置混合A,国内权益,2013-09-11,13.0130,0.0921,华润元大基金,混合型-灵活,,"李武群,洪潇",2025-06-20,1.2402,3,0.12%,开放申购,5.9670,5.6888,1.6193,8.0452,5.5150,8.8954,22.1797,-28.9746,-35.2651,-35.2651,2015,48.2899,0.1738,2026-09-16,['007632'],1.6187,5.4971,8.8953,8.3600,70.7680,203.1100,,
000935,浙商汇金转型成长,国内权益,2014-12-30,11.7125,0.6334,浙商证券资管,混合型-灵活,,马斌博,2022-02-11,4.5941,1,0.15%,开放申购,31.8219,21.6191,4.5223,12.1612,8.0011,4.8768,26.8408,-46.0602,-50.0000,-70.0053,2020,51.3761,0.5978,2026-09-16,[],4.5221,7.8872,4.9057,24.7500,113.6483,75.2300,,
001780,诺安改革趋势混合A,国内权益,2017-08-29,9.0486,0.2622,诺安基金,混合型-灵活,,杨琨,2018-06-21,8.2382,0,0.15%,开放申购,6.1966,2.5010,-0.6414,11.9117,,7.8895,17.2464,-33.5099,-33.5099,-33.5099,2020,65.7509,0.1459,2026-09-16,['020792'],-0.6422,7.1129,7.8895,-3.1700,98.8000,98.8000,,
530016,建信恒稳价值混合,国内权益,2011-11-22,14.8172,0.4731,建信基金,混合型-平衡,,杨荔媛,2025-11-14,0.8378,3,0.15%,开放申购,19.8929,5.6711,-3.3910,7.8277,7.1997,9.1485,16.9373,-44.2339,-45.0842,-45.0842,2020,60.6597,0.8571,2026-09-16,[],-3.3902,7.1296,9.1484,-15.8400,99.1103,265.8600,,
006121,华安双核驱动混合A,国内权益,2019-03-08,7.5264,0.3271,华安基金,混合型-偏股,,孙澍,2022-03-28,4.4709,1,0.15%,开放申购,-3.0626,7.7259,-3.3930,,,9.3241,20.4511,-46.6896,-57.3651,-57.3651,2020,92.4236,-0.2722,2026-09-16,['013504'],-3.3925,6.9397,9.3241,-15.8500,95.6100,95.6100,,
002067,诺安精选回报混合A,国内权益,2016-03-28,10.4695,0.8066,诺安基金,混合型-灵活,,周靖翔,2025-12-24,0.7283,5,0.15%,开放申购,-20.7499,2.9026,-1.6466,9.7600,7.8081,7.5372,27.8033,-49.2386,-49.2386,-49.2386,2025,54.5723,-0.5086,2026-09-16,['026834'],-1.6474,7.7974,7.5374,-7.9700,111.8775,114.0000,,
006564,圆信永丰精选回报混合,国内权益,2019-05-15,7.3402,0.1165,圆信永丰基金,混合型-偏股,,邹维,2020-05-19,6.3272,0,0.15%,开放申购,7.4437,9.4228,-0.5115,,,8.2976,20.3113,-44.0384,-45.9304,-45.9304,2020,59.2609,0.2765,2026-09-16,[],-0.5112,6.0256,8.2978,-2.5300,79.5180,79.5200,,
001763,广发多策略混合,国内权益,2015-12-09,10.7707,4.2562,广发基金,混合型-灵活,,"丁一凡,陈宇庭",2026-07-10,0.1862,2,0.15%,开放申购,15.9627,1.9868,1.8439,10.4007,7.1258,5.9679,18.4467,-38.6595,-38.6595,-38.6595,2020,39.8608,0.8336,2026-09-16,[],1.8447,7.0462,5.9679,9.5700,97.5661,86.7000,,
006511,博道卓远混合A,国内权益,2018-11-07,7.8576,0.4542,博道基金,混合型-偏股,,袁争光,2018-11-07,7.8576,0,0.15%,开放申购,-6.7945,2.9939,-2.1788,,,8.4408,20.0975,-44.0517,-44.0517,-44.0517,2020,41.8638,-0.4235,2026-09-16,['006512'],-2.1789,6.5744,8.4408,-10.4300,89.0300,89.0300,,
003238,新华外延增长主题灵活配置混合,国内权益,2017-03-02,9.5414,0.4383,新华基金,混合型-灵活,,邓岳,2023-08-22,3.0691,2,0.15%,开放申购,-9.8099,4.9390,-4.1161,12.1238,,8.1563,20.4569,-45.1203,-46.5484,-46.5484,2019,78.7167,-0.5219,2026-09-16,[],-4.1150,7.7681,8.1562,-18.9500,111.3017,111.3000,,
002293,南方益和灵活配置混合A,国内权益,2016-01-11,10.6804,0.7203,南方基金,混合型-灵活,,郑勇,2026-06-26,0.2245,3,0.15%,开放申购,2.4131,14.1682,-1.5755,8.6253,7.3632,7.1160,27.2695,-48.8598,-51.3176,-51.3176,2020,62.8578,-0.0134,2026-09-16,['028653'],-1.5748,7.3528,7.1160,-7.6300,103.2976,108.3800,,
005848,银华裕利混合发起式A,国内权益,2018-12-07,7.7755,0.4563,银华基金,混合型-偏股,,万鑫,2025-08-04,1.1170,4,0.15%,开放申购,-4.3579,-1.0756,-4.0894,,,8.8799,16.4104,-36.3774,-37.5166,-37.5166,2019,56.0674,-0.4753,2026-09-16,['028790'],-4.0890,6.8387,8.8799,-18.8400,93.7706,93.7700,,
001280,银华聚利灵活配置混合A,国内权益,2015-05-14,11.3429,0.6797,银华基金,混合型-灵活,,孙蓓琳,2017-11-09,8.8515,0,0.06%,开放申购,5.1664,3.8926,-3.0871,9.5182,7.3943,7.8196,17.7115,-42.4611,-45.7248,-45.7248,2020,76.2415,0.0920,2026-09-16,['002326'],-3.0868,7.3850,7.8195,-14.5100,103.9082,134.9000,,
006167,德邦乐享生活混合A,国内权益,2019-03-13,7.5127,0.2911,德邦基金,混合型-偏股,,"江杨磊,汪宇",2025-09-12,1.0103,6,0.15%,开放申购,13.0008,0.5562,-3.1023,,,8.3996,29.1221,-44.8268,-44.8268,-44.8268,2020,54.5439,0.1884,2026-09-16,['006168'],-3.1026,6.2466,8.4000,-14.5800,83.2957,83.3000,,
163818,中银中小盘成长混合,国内权益,2011-11-23,14.8145,0.7051,中银基金,混合型-偏股,,王伟然,2023-03-20,3.4935,1,0.15%,开放申购,12.3707,3.1502,-3.3516,12.2851,7.4661,7.2616,25.4230,-49.8875,-49.8875,-62.5460,2020,71.7737,0.2947,2026-09-16,[],-3.3512,7.3419,7.2616,-15.6700,103.0913,182.5000,,
007586,华泰保兴多策略,国内权益,2019-07-05,7.2005,0.8492,华泰保兴基金,股票型,,王恺钺,2026-04-29,0.3833,4,0.15%,暂停申购,-6.2041,1.6038,-6.6968,,,9.4377,20.6031,-50.4260,-50.4260,-50.4260,2020,84.0140,-0.4026,2026-09-16,[],-6.6969,6.7094,9.4380,-29.2900,91.4365,91.4400,,
580006,东吴新经济混合A,国内权益,2009-12-30,16.7118,2.4861,东吴基金,混合型-偏股,,徐慢,2024-06-21,2.2368,3,0.15%,开放申购,43.6247,31.8897,-1.1337,13.4803,7.1100,6.2878,38.3073,-76.3177,-76.8420,-76.8420,2025,110.5234,0.8371,2026-09-16,['012617'],-1.1334,7.0358,6.2878,-5.5400,97.3741,177.0700,,
001000,中欧明睿新起点混合A,国内权益,2015-01-29,11.6304,13.7041,中欧基金,混合型-偏股,,代云锋,2026-04-28,0.3860,1,0.15%,限大额,24.8386,18.8818,-2.8842,13.0512,7.8883,6.3625,32.4615,-64.4778,-64.7456,-69.9813,2020,77.7778,0.5149,2026-09-16,[],-2.8836,7.7765,6.3625,-13.6100,111.4654,104.9100,,
550003,中信保诚盛世蓝筹混合,国内权益,2008-06-04,18.2834,0.9448,中信保诚基金,混合型-偏股,,吴昊,2017-02-13,9.5880,0,0.15%,开放申购,5.0563,5.9027,-2.1075,5.1194,4.7725,9.0358,16.1271,-39.2518,-44.4332,-48.3888,2009,68.0542,0.1752,2026-09-16,[],-2.1069,4.6783,9.0358,-10.1000,57.9672,386.2800,,
001719,工银国家战略股票,国内权益,2016-01-29,10.6311,1.3070,工银瑞信基金,股票型,,"张玮升,郭照阳",2026-04-28,0.3860,3,0.15%,开放申购,-1.1945,-2.8587,-4.1412,12.3783,7.7538,7.0735,25.5260,-47.7893,-50.2928,-50.2928,2019,74.5383,-0.1062,2026-09-16,[],-4.1411,7.6553,7.0735,-19.0600,109.1001,106.8000,,
000209,中信保诚新兴产业混合A,国内权益,2013-07-17,13.1663,15.8712,中信保诚基金,混合型-偏股,,孙浩中,2022-03-21,4.4901,1,0.15%,开放申购,27.9554,12.2514,-9.5362,15.4747,7.3469,9.9212,29.6599,-71.3910,-71.7933,-71.7933,2020,98.5587,0.7152,2026-09-16,['013526'],-9.5351,7.2160,9.9212,-39.4100,100.7221,247.4500,,
002307,银华多元视野灵活配置混合,国内权益,2016-05-19,10.3272,0.5793,银华基金,混合型-灵活,,贾鹏,2025-10-31,0.8761,1,0.15%,开放申购,-4.8090,1.8613,-6.3419,8.6084,7.3716,7.5375,19.3595,-50.2377,-51.3781,-51.3781,2020,81.6419,-0.2954,2026-09-16,[],-6.3407,7.3406,7.5375,-27.9300,103.0681,111.8000,,
410003,华富成长趋势混合A,国内权益,2007-03-19,19.4962,5.7161,华富基金,混合型-偏股,,时彧,2026-04-01,0.4600,3,0.15%,开放申购,-10.9900,2.0053,-3.6496,9.9484,5.8809,4.2943,29.8314,-51.2213,-51.4656,-66.8351,2020,62.0381,0.0237,2026-09-16,['020383'],-1.2257,7.1062,4.9610,-5.9800,98.6759,157.0200,,
003940,银华盛世精选灵活配置混合发起式A,国内权益,2016-12-22,9.7331,15.2248,银华基金,混合型-灵活,,张萍,2026-07-02,0.2081,1,0.15%,开放申购,-11.6305,-4.3638,-9.2025,7.8306,,8.0725,21.1757,-49.6281,-52.7599,-52.7599,2020,78.5293,-0.5366,2026-09-16,['014047'],-9.2031,7.8488,8.0726,-38.2900,112.8882,112.8900,,
000854,鹏华养老产业股票,国内权益,2014-12-02,11.7892,3.8159,鹏华基金,股票型,,张峻晓,2026-09-05,0.0301,4,0.15%,开放申购,-17.7596,-2.3743,-7.7790,7.0237,7.3752,7.7391,22.3130,-55.7389,-61.5203,-61.5203,2019,85.5274,-0.8550,2026-09-16,[],-7.7800,7.3118,7.7391,-33.3000,102.5231,140.8000,,
519959,长信多利混合A,国内权益,2015-07-01,11.2115,0.5455,长信基金,混合型-灵活,,刘亮,2021-07-16,5.1691,0,0.15%,开放申购,-19.0186,5.3869,-3.9148,7.9066,7.1231,5.9135,20.0058,-48.9220,-59.5688,-59.5688,2020,82.0305,-1.3008,2026-09-16,"['015774', '013488']",-3.9147,7.0562,5.9134,-18.1000,97.7500,90.4300,,
360005,光大红利混合A,国内权益,2006-03-24,20.4819,2.2323,光大保德信基金,混合型-偏股,,"崔书田,岳子曈,吴濛旸",2026-07-22,0.1533,2,0.15%,开放申购,5.5584,3.2176,-3.4861,6.8438,2.1245,9.6900,16.2680,-38.9714,-45.6275,-67.0663,2007,164.8981,0.2576,2026-09-16,['019303'],-3.4868,2.0373,9.8400,-16.2600,22.3459,583.6800,,
000126,招商安润灵活配置混合A,国内权益,2013-04-19,13.4100,3.3960,招商基金,混合型-灵活,,孟焱毅,2026-06-12,0.2628,1,0.15%,开放申购,-4.5742,-0.9305,-11.1457,7.7972,6.3151,7.0826,27.7344,-58.5769,-58.5769,-58.5769,2020,74.1500,-0.2393,2026-09-16,['015398'],-12.3575,7.8523,8.2698,-48.2900,112.9586,190.2300,,
690004,民生加银稳健成长混合,国内权益,2010-06-29,16.2163,0.5765,民生加银基金,混合型-偏股,,郑爱刚,2020-09-25,5.9740,0,0.15%,开放申购,0.7909,4.8102,-7.1555,6.9975,7.1736,6.0368,27.3716,-59.8841,-59.8841,-59.8841,2020,86.2579,-0.0223,2026-09-16,[],-7.1553,7.0829,6.0368,-31.0100,98.2452,158.7100,,
162203,宏利稳定混合,国内权益,2003-04-25,23.3949,1.2053,宏利基金,混合型-偏股,,刘硕,2026-08-13,0.0931,4,0.15%,开放申购,-21.2648,-5.8530,-11.7963,4.4386,5.3749,8.9828,17.7504,-50.7061,-60.1942,-60.1942,2006,133.7965,-1.4309,2026-09-16,[],-11.7952,5.2976,8.9828,-46.6100,67.5663,648.1500,,
510081,长盛动态精选混合,国内权益,2004-05-21,22.3217,1.7886,长盛基金,混合型-灵活,,王永锋,2026-03-19,0.4956,3,0.15%,开放申购,-26.5436,-4.9819,-9.3963,5.3911,3.3968,8.3044,16.8673,-41.0175,-43.3588,-66.0433,2006,126.9771,-1.7220,2026-09-16,[],-9.3952,3.3748,9.1568,-38.9400,39.3624,606.9000,,
260109,景顺长城内需增长贰号混合A,国内权益,2006-10-11,19.9316,18.7427,景顺长城基金,混合型-偏股,,"刘彦春,徐亦达",2026-05-09,0.3559,1,0.15%,开放申购,-16.8685,-9.5577,-9.5571,4.0522,1.9621,6.9703,21.0427,-51.3528,-63.5348,-65.2301,2007,112.0364,-1.4052,2026-09-16,['023264'],-9.5560,3.3397,9.4600,-39.4800,38.8909,505.9300,,
460001,华泰柏瑞盛世中国混合,国内权益,2005-04-27,21.3881,8.0224,华泰柏瑞基金,混合型-偏股,,陆从珍,2024-08-02,2.1218,1,0.15%,开放申购,10.1523,-0.8216,-14.5520,3.1879,2.8455,2.4077,24.9584,-70.3513,-70.4924,-81.8209,2006,107.0503,0.4263,2026-09-16,[],-12.1248,4.1800,9.4699,-47.6000,50.6063,592.5300,,
400015,东方新能源汽车混合,国内权益,2011-12-28,14.7187,63.2958,东方基金,混合型-偏股,,李瑞,2018-01-24,8.6434,0,0.15%,开放申购,-10.6793,3.7207,-12.3574,10.5961,4.9708,8.3543,32.1379,-70.4745,-70.9643,-70.9643,2020,114.1255,-0.3406,2026-09-16,[],-12.3575,4.8543,8.3542,-48.2900,60.6433,225.7500,,
002871,华夏智胜价值成长A,国内权益,2016-08-09,10.1027,4.5633,华夏基金,股票型,,叶津佐,2026-07-14,0.1752,3,0.15%,限大额,10.0892,14.6813,9.2932,14.3558,8.7302,8.6302,20.9482,-25.9597,-40.6315,-40.6315,2025,43.5202,0.2960,2026-09-16,['002872'],9.2928,8.7302,8.6302,55.9400,,130.7800,,
006111,泰康弘实3月定开混合,国内权益,2018-08-23,8.0520,60.5214,泰康基金,混合型-偏股,,"陆建巍,范子铭",2026-01-04,0.6845,3,0.15%,暂停申购,24.3070,12.2097,2.2985,5.6382,,5.5640,31.2842,-36.5264,-53.4026,-53.4026,2020,53.2817,,2026-09-11,[],2.2979,,9.7453,12.0300,,111.4400,,
001728,银华战略新兴定开混合,国内权益,2015-08-27,11.0418,6.8372,银华基金,混合型-灵活,,"苏静然,向伊达",2024-04-18,2.3984,2,1.50%,暂停申购,39.7534,21.7123,0.9687,11.2819,9.6767,8.1695,54.3772,-56.4248,-58.8696,-58.8696,2025,55.2075,,2026-09-11,[],0.9690,9.6767,8.1695,4.9400,,138.0000,,
003142,鹏华弘达混合A,国内权益,2016-08-10,10.0999,1.2039,鹏华基金,混合型-灵活,,"寇斌权,李政",2026-07-24,0.1478,3,0.15%,开放申购,6.4391,4.7896,-1.9714,1.9180,10.1056,9.9877,7.5772,-24.2968,-24.2968,-24.2968,2017,124.5330,2.0328,2026-09-16,"['022248', '003143']",-1.9723,10.1056,9.9877,-9.4800,,161.5600,,
003053,嘉实文体娱乐股票A,国内权益,2016-09-07,10.0233,1.9456,嘉实基金,股票型,,赵钰,2026-09-09,0.0192,3,0.15%,限大额,12.9825,14.9946,6.2880,13.8282,9.9245,9.9004,34.3479,-50.2481,-50.2481,-50.2481,2019,60.7229,0.2687,2026-09-16,['003054'],6.2879,9.9245,9.9004,35.6500,,157.6000,,
004848,中欧睿泓定开混合,国内权益,2017-11-24,8.7967,2.3751,中欧基金,混合型-灵活,,袁维德,2021-02-10,5.5825,0,0.15%,暂停申购,-11.6322,4.8507,-1.5840,11.0594,,9.1335,34.7585,-46.1240,-46.1240,-46.1240,2021,51.3750,,2026-09-11,[],-1.5834,,9.1336,-7.6700,,115.7300,,
001117,中欧精选定期开放混合A,国内权益,2015-03-18,11.4990,25.0879,中欧基金,混合型-灵活,,周蔚文,2016-12-01,9.7906,0,0.15%,暂停申购,18.2345,18.3044,6.0863,15.5097,12.7347,8.3321,19.4776,-34.6905,-43.2785,-53.1796,2019,65.0750,0.7034,2026-09-16,['001890'],6.0866,12.7347,8.3321,34.3700,,151.0000,,
007188,嘉实养老2050混合(FOF)A,国内权益,2019-04-25,7.3895,3.2098,嘉实基金,FOF-均衡型,,邱成,2026-04-09,0.4326,6,0.08%,开放申购,5.3521,9.0148,-0.0327,,,8.0300,14.2412,-35.1932,-36.0163,-36.0163,2020,35.8466,0.2321,2026-09-14,['017249'],-0.0320,,8.0300,-0.1600,,76.9600,,
515880,通信ETF国泰,场内ETF/LOF,2019-08-16,7.0856,590.1878,国泰基金,指数型-股票,中证全指通信设备指数,艾小军,2019-08-16,7.0856,0,--,场内交易,58.2176,56.9072,32.8398,,,22.0407,38.3199,-40.8736,-46.5363,-46.5363,2025,133.6568,1.0421,2026-09-16,[],32.8400,,22.0406,313.6600,,310.1400,84.8,1
515050,通信ETF华夏,场内ETF/LOF,2019-09-17,6.9979,249.9140,华夏基金,指数型-股票,中证5G通信主题指数,李俊,2019-09-17,6.9979,0,--,场内交易,56.6152,51.6986,23.8220,,,17.7978,36.9341,-44.3767,-52.2749,-52.2749,2025,107.1500,1.0614,2026-09-16,[],23.8216,,17.7978,191.0600,,214.6400,78.4,1
512190,浙商之江凤凰ETF,场内ETF/LOF,2019-08-05,7.1157,4.4206,浙商证券资管,指数型-股票,中证浙江凤凰行动50指数,周文超,2024-07-26,2.1410,3,--,场内交易,17.7645,18.4568,8.5734,,,15.6812,18.4471,-24.5300,-25.4889,-25.4889,2025,42.9108,0.8921,2026-09-16,[],8.5727,,15.6812,50.8700,,181.9400,73.3,1
513000,日经225ETF易方达,场内ETF/LOF,2019-06-12,7.2635,22.6959,易方达基金,指数型-海外股票,东京日经225指数,"余海燕,刘依姗",2024-11-27,1.8015,2,--,场内交易,30.2185,20.0399,10.4566,,,11.2930,22.5075,-27.2153,-31.1927,-31.1927,2025,23.5939,0.9763,2026-09-16,[],10.4564,,11.2930,64.4200,,117.5300,69.7,
512890,红利低波ETF华泰柏瑞,场内ETF/LOF,2018-12-19,7.7426,312.8978,华泰柏瑞基金,指数型-股票,中证红利低波动指数,柳军,2018-12-19,7.7426,0,--,场内交易,1.6066,7.7406,6.6696,,,11.8381,16.1507,-14.8223,-16.5246,-16.5246,2019,21.4771,0.0393,2026-09-16,[],6.6691,,11.8381,38.1000,,137.8000,69.5,1
512480,半导体ETF国联安,场内ETF/LOF,2019-05-08,7.3593,254.0606,国联安基金,指数型-股票,中证全指半导体产品与设备指数,"黄欣,章椹元",2020-08-13,6.0917,0,--,场内交易,45.1924,34.3920,10.4791,,,20.8460,37.4133,-58.8231,-62.4230,-62.4230,2025,51.9365,0.8235,2026-09-16,[],10.4792,,20.8460,64.5900,,302.8800,66.7,1
513520,日经ETF华夏,场内ETF/LOF,2019-06-12,7.2635,24.2893,华夏基金,指数型-海外股票,东京日经225指数,赵宗庭,2019-06-12,7.2635,0,--,场内交易,28.6548,20.0535,10.4373,,,11.1820,21.8045,-27.8304,-30.1402,-30.1402,2025,22.7927,0.9776,2026-09-16,[],10.4376,,11.1820,64.2800,,115.9600,66.6,
515000,科技ETF华宝,场内ETF/LOF,2019-07-22,7.1540,40.5955,华宝基金,指数型-股票,中证科技龙头指数,胡一江,2026-02-12,0.5914,1,--,场内交易,30.1302,28.9722,8.7415,,,13.7836,29.8783,-48.3345,-54.0494,-54.0494,2025,58.1669,0.6737,2026-09-16,[],8.7420,,13.7836,52.0500,,151.8800,64.7,1
513880,日经225ETF华安,场内ETF/LOF,2019-06-12,7.2635,27.2996,华安基金,指数型-海外股票,东京日经225指数,倪斌,2019-06-12,7.2635,0,--,场内交易,29.9923,19.1388,9.6942,,,10.1586,22.6300,-27.3758,-29.8265,-29.8265,2025,23.9657,1.0001,2026-09-16,[],9.6935,,10.1586,58.8200,,101.9300,61.9,1
512760,芯片ETF国泰,场内ETF/LOF,2019-05-16,7.3374,136.8484,国泰基金,指数型-股票,中华交易服务半导体芯片行业人民币指数,艾小军,2019-05-16,7.3374,0,--,场内交易,37.8082,31.7526,8.5245,,,21.8779,37.0063,-59.2602,-62.2367,-62.2367,2019,55.7000,0.6796,2026-09-16,[],8.5251,,21.8779,50.5400,,327.0400,60.2,1
512220,TMTETF景顺,场内ETF/LOF,2014-07-18,12.1643,9.7046,景顺长城基金,指数型-股票,中证科技传媒通信150指数,金璜,2025-02-07,1.6044,3,--,场内交易,45.7519,39.3711,17.5156,17.2481,10.3998,11.7103,32.2322,-42.8125,-45.8734,-66.1155,2025,72.5025,1.3287,2026-09-16,[],16.0183,10.3998,11.5197,110.2000,,276.7000,59.7,1
513800,日本东证指数ETF南方,场内ETF/LOF,2019-06-12,7.2635,19.2934,南方基金,指数型-海外股票,东证指数,王鑫,2026-08-07,0.1095,3,--,场内交易,17.7311,14.4406,8.4992,,,9.3878,20.2429,-25.5678,-27.3592,-27.3592,2025,20.1125,0.7155,2026-09-16,[],8.9912,,9.7290,53.8000,,96.2800,56.6,1
512040,价值ETF富国,场内ETF/LOF,2018-11-07,7.8576,47.2820,富国基金,指数型-股票,中证国信价值指数,曹璐迪,2026-06-24,0.2300,2,--,场内交易,9.9142,-10.8061,-6.3670,,,3.7708,36.3914,-55.6049,-55.6049,-55.6049,2021,26.3214,0.5887,2026-09-16,[],7.5564,,13.3406,43.9400,,167.5100,55.0,1
159968,中证500ETF博时,场内ETF/LOF,2019-08-01,7.1266,6.9587,博时基金,指数型-股票,中证500指数,万琼,2019-08-01,7.1266,0,--,场内交易,11.9280,14.1106,3.9002,,,10.1467,22.2385,-36.4997,-37.6178,-37.6178,2025,38.8509,0.3705,2026-09-16,[],3.8997,,10.1467,21.0800,,99.1200,52.4,1
512770,战略新兴ETF华夏,场内ETF/LOF,2018-07-13,8.1780,3.2953,华夏基金,指数型-股票,中国战略新兴产业成份指数,鲁亚运,2024-06-11,2.2642,2,--,场内交易,26.5871,25.3091,2.6453,13.2929,,12.0508,28.4172,-58.4626,-60.8544,-60.8544,2020,77.0475,0.6316,2026-09-16,[],2.6444,,12.0508,13.9400,,153.5800,49.1,1
159909,TMT50ETF招商,场内ETF/LOF,2011-06-27,15.2225,8.2596,招商基金,指数型-股票,深证电子信息传媒产业50指数,侯昊,2025-03-20,1.4921,1,--,场内交易,27.3935,30.9700,12.1024,16.3359,9.7449,9.3574,31.0158,-45.1779,-48.3557,-67.3374,2025,64.4294,0.9785,2026-09-16,[],11.0966,9.7449,9.3513,69.2400,,289.9400,49.0,1
159964,创业板ETF平安,场内ETF/LOF,2019-03-15,7.5072,5.3288,平安基金,指数型-股票,创业板指数(价格),"李严,王郧",2026-09-15,0.0027,4,--,场内交易,8.8235,19.9483,2.4903,,,10.9343,29.6254,-54.5248,-55.0885,-55.0885,2020,63.9725,0.1780,2026-09-16,[],2.4908,,10.9343,13.0900,,117.9300,47.4,
159971,创业板ETF富国,场内ETF/LOF,2019-06-11,7.2663,19.2498,富国基金,指数型-股票,创业板指数(价格),曹璐迪,2026-06-24,0.2300,2,--,场内交易,8.0778,19.2158,1.8468,,,11.5893,29.6902,-55.3034,-56.2243,-56.2243,2020,60.2490,0.1561,2026-09-16,[],1.8465,,11.5894,9.5800,,121.8400,45.5,
159967,创业板成长ETF华夏,场内ETF/LOF,2019-06-21,7.2389,62.0943,华夏基金,指数型-股票,创业板动量成长指数,荣膺,2025-06-30,1.2129,2,--,场内交易,28.7038,21.0318,0.4947,,,14.9840,33.5070,-60.7202,-60.7202,-60.7202,2020,94.9885,0.5594,2026-09-16,[],0.4951,,14.9842,2.5000,,174.7600,44.8,1
512090,MSCIA股ETF易方达,场内ETF/LOF,2018-05-17,8.3340,6.9804,易方达基金,指数型-股票,MSCI中国A股国际通指数,"宋钊贤,吕方",2025-10-18,0.9117,2,--,场内交易,4.2500,10.8292,2.3046,10.4675,,8.3764,17.7660,-33.7331,-35.7936,-35.7936,2020,44.9812,0.0922,2026-09-16,[],2.3052,,8.3764,12.0700,,95.5000,41.4,1
159977,创业板ETF天弘,场内ETF/LOF,2019-09-12,7.0116,67.8766,天弘基金,指数型-股票,创业板指数(价格),洪明华,2026-03-17,0.5010,4,--,场内交易,7.8552,19.1692,1.7838,,,10.6482,29.8633,-55.5305,-56.2574,-56.2574,2020,63.0614,0.1491,2026-09-16,[],1.7833,,10.6480,9.2400,,103.2900,40.3,
159961,深100ETF方正富邦,场内ETF/LOF,2018-11-02,7.8713,2.6889,方正富邦基金,指数型-股票,深证100指数(价格),"吴昊,于润泽",2023-07-31,3.1294,1,--,场内交易,2.8451,10.2316,-0.4600,,,9.9693,22.2471,-46.1364,-51.4042,-51.4042,2019,58.4390,0.0174,2026-09-16,[],-0.4602,,9.9692,-2.2800,,111.2800,36.4,
510180,上证180ETF华安,场内ETF/LOF,2006-04-13,20.4271,186.0605,华安基金,指数型-股票,上证180指数,许之彦,2015-09-11,11.0144,0,--,场内交易,-1.2379,8.4568,1.5964,5.7966,5.3373,8.4532,16.4505,-28.8474,-35.5692,-96.4316,2006,387.2644,-0.1818,2026-09-16,[],1.6918,5.3373,8.2357,8.7500,,403.6100,36.2,1
159957,创业板ETF华夏,场内ETF/LOF,2017-12-08,8.7721,22.4515,华夏基金,指数型-股票,创业板指数(价格),林海涵,2026-08-13,0.0931,1,--,场内交易,8.0695,19.4973,2.1644,13.3655,,9.2849,29.7931,-54.9827,-55.4971,-55.4971,2020,66.0688,0.1556,2026-09-16,[],2.1643,,9.2850,11.3000,,117.9000,34.7,
159958,创业板ETF工银,场内ETF/LOF,2017-12-25,8.7255,5.5523,工银瑞信基金,指数型-股票,创业板指数(价格),赵栩,2023-09-27,2.9706,1,--,场内交易,8.3123,19.7861,2.0472,12.4095,,8.3496,29.6526,-55.2625,-56.0603,-56.0603,2020,61.1787,0.1630,2026-09-16,[],2.0465,,8.3496,10.6600,,101.3200,28.6,
159901,深证100ETF易方达,场内ETF/LOF,2006-03-24,20.4819,38.9425,易方达基金,指数型-股票,深证100指数(价格),"成曦,刘树荣",2017-07-18,9.1636,0,--,场内交易,2.4121,10.0285,-0.8523,-0.5655,-1.2816,6.5149,22.5572,-47.1007,-76.4029,-91.7133,2014,568.7311,0.0000,2026-09-16,[],-0.8524,-1.2816,9.9027,-4.1900,,591.7200,28.3,1
159973,民企ETF弘毅远方,场内ETF/LOF,2019-07-16,7.1704,4.3877,弘毅远方基金,指数型-股票,国证民企领先100指数,马佳,2022-12-07,3.7755,2,--,场内交易,0.1096,14.2644,0.4021,,,8.5296,23.9953,-51.1638,-55.4324,-55.4324,2020,58.9942,-0.0683,2026-09-16,[],0.4027,,8.5293,2.0300,,79.8400,28.1,1
512600,消费ETF嘉实,场内ETF/LOF,2014-06-13,12.2601,8.0880,嘉实基金,指数型-股票,中证主要消费指数,刘珈吟,2024-01-11,2.6804,2,--,场内交易,-25.1206,-10.8996,-7.9425,4.6317,6.6530,8.7351,21.0973,-49.7370,-57.4229,-57.4229,2020,74.4065,-1.5509,2026-09-16,[],-7.9437,6.6530,8.7352,-33.8900,,179.1900,25.7,1
510630,消费ETF华夏,场内ETF/LOF,2013-03-28,13.4702,3.9967,华夏基金,指数型-股票,上证主要消费行业指数,司帆,2022-08-22,4.0684,1,--,场内交易,-19.7123,-9.2821,-8.3815,5.6233,7.4775,8.8852,22.0045,-50.7844,-56.3614,-56.3614,2020,94.6711,-1.2551,2026-09-16,[],-8.3823,7.4775,8.8852,-35.4500,,214.7600,24.7,1
159915,创业板ETF易方达,场内ETF/LOF,2011-09-20,14.9897,468.6780,易方达基金,指数型-股票,创业板指数(价格),"成曦,刘树荣",2017-07-18,9.1636,0,--,场内交易,8.8396,19.4856,1.8882,12.4448,4.9406,9.3448,29.8631,-55.7889,-56.5186,-69.6677,2013,80.8324,0.5046,2026-09-16,[],1.8874,4.9406,9.3448,9.8000,,281.5700,20.5,1
510650,金融地产ETF华夏,场内ETF/LOF,2013-03-28,13.4702,0.3164,华夏基金,指数型-股票,上证金融地产行业指数,司帆,2022-03-14,4.5092,1,--,场内交易,0.3456,11.7790,6.9962,7.7808,7.3072,8.3145,17.5303,-25.8264,-28.4712,-43.0117,2014,84.9152,-0.1827,2026-09-16,[],6.5173,7.3072,8.4840,37.1200,,199.4900,,
512930,AI人工智能ETF平安,场内ETF/LOF,2019-07-12,7.1814,33.3317,平安基金,指数型-股票,中证人工智能主题指数,白圭尧,2026-05-19,0.3285,3,--,场内交易,-71.0617,-19.0463,-15.2069,,,-5.3717,73.1854,-79.6216,-79.6216,-79.6216,2025,75.0842,0.3092,2026-09-16,[],13.0229,,15.5886,84.4300,,183.0200,,
159956,创业板ETF建信,场内ETF/LOF,2018-02-06,8.6078,1.1300,建信基金,指数型-股票,创业板指数(价格),葛鲁禹,2022-12-28,3.7180,5,--,场内交易,8.0443,19.6129,2.5086,13.3468,,9.0528,29.4885,-53.8317,-54.4817,-54.4817,2020,64.5963,0.1550,2026-09-16,[],2.5089,,9.0529,13.1900,,110.8500,,
510550,中证500ETF方正富邦,场内ETF/LOF,2018-11-30,7.7947,0.5029,方正富邦基金,指数型-股票,中证500指数,于润泽,2022-03-28,4.4709,2,--,场内交易,9.1706,11.5926,1.7165,,,9.1598,21.9337,-38.9559,-40.1007,-40.1007,2025,35.7906,0.2647,2026-09-16,[],1.7161,,9.1598,8.8800,,98.0100,,
510680,上证50ETF万家,场内ETF/LOF,2013-10-31,12.8761,0.5809,万家基金,指数型-股票,上证50指数,吴宜蓉,2026-01-07,0.6899,2,--,场内交易,0.5243,7.4392,1.0757,5.3031,5.9547,9.3054,16.5080,-30.6985,-39.1046,-52.0603,2014,42.5600,-0.1457,2026-09-16,[],1.0766,5.9547,9.3054,5.5000,,214.4500,,
512150,富时A50ETF汇安,场内ETF/LOF,2018-12-21,7.7372,0.3791,汇安基金,指数型-股票,富时中国A50指数,陈思余,2023-10-25,2.8939,1,--,场内交易,-0.5662,7.9245,2.1813,,,8.4447,17.0855,-29.6762,-37.7005,-37.7005,2020,36.3090,-0.2132,2026-09-16,[],2.1808,,8.4450,11.3900,,87.2500,,
159933,金融地产ETF国投瑞银,场内ETF/LOF,2013-09-17,12.9966,0.9910,国投瑞银基金,指数型-股票,沪深300金融地产指数,赵建,2026-04-18,0.4134,3,--,场内交易,-3.5785,8.6794,3.6097,7.0542,6.4707,8.5659,17.9257,-26.6787,-31.3100,-42.4297,2014,90.8925,-0.3772,2026-09-16,[],3.6098,6.4707,8.5659,19.4000,,191.0000,,
512260,中证500低波动ETF华安,场内ETF/LOF,2018-11-30,7.7947,0.4433,华安基金,指数型-股票,中证500行业中性低波动指数,苏卿云,2018-11-30,7.7947,0,--,场内交易,5.8910,6.3122,2.1737,,,8.3331,18.6053,-26.5744,-26.9751,-26.9751,2025,20.3260,0.2360,2026-09-16,[],2.1734,,8.3333,11.3500,,86.6200,,
007817,国泰中证全指通信设备ETF联接A,指数/指数增强,2019-09-03,7.0363,23.6170,国泰基金,指数型-股票,中证全指通信设备指数,艾小军,2019-09-03,7.0363,0,0.10%,开放申购,57.7171,54.5923,31.8484,,,21.2691,35.7087,-38.8488,-44.0643,-44.0643,2025,122.1223,1.1017,2026-09-16,"['007818', '022500']",31.8484,14.5326,21.2691,298.4500,288.4100,288.4100,84.1,1
007431,浙商之江凤凰联接A,指数/指数增强,2019-07-31,7.1294,1.5582,浙商证券资管,指数型-股票,中证浙江凤凰行动50指数,周文超,2024-07-26,2.1410,3,0.08%,开放申购,16.4803,16.4528,7.7576,,,13.6509,16.6868,-22.6243,-23.4998,-23.4998,2025,37.3427,0.9192,2026-09-16,['019292'],7.7574,9.5519,13.6509,45.2900,149.0000,149.0000,81.5,1
006748,富国中证价值ETF联接A,指数/指数增强,2018-12-25,7.7262,4.4438,富国基金,指数型-股票,中证国信价值指数,曹璐迪,2026-06-24,0.2300,2,0.12%,开放申购,9.0962,11.5243,7.0158,,,13.2220,16.0651,-17.4444,-17.4444,-17.4444,2021,24.6000,0.5612,2026-09-16,"['022053', '007191']",7.0160,10.0698,13.2218,40.3600,161.0248,161.0200,79.7,1
003359,大成360互联网+大数据100C,指数/指数增强,2017-01-18,9.6564,6.8350,大成基金,指数型-股票,中证360互联网+大数据100指数,夏高,2017-01-18,9.6591,0,0.00%,开放申购,2.3857,17.1752,14.8493,18.6636,,11.2459,28.8073,-37.6224,-47.5889,-47.5889,2025,41.7935,0.0295,2026-09-16,[],14.8492,10.7801,11.1845,99.8200,178.3673,178.3700,78.8,1
006729,万家中证500指数增强A,指数/指数增强,2019-05-23,7.3183,11.5007,万家基金,指数型-股票,中证500指数,乔亮,2019-10-22,6.9021,0,0.10%,开放申购,18.5041,15.0445,5.4978,,,14.2085,21.2082,-33.7856,-34.5497,-34.5497,2025,42.8664,0.6180,2026-09-16,['006730'],5.4974,10.3450,14.3985,30.6800,167.6253,167.6300,78.5,1
007300,国联安中证半导体ETF联接A,指数/指数增强,2019-06-26,7.2252,20.0720,国联安基金,指数型-股票,中证全指半导体产品与设备指数,"黄欣,章椹元",2020-08-13,6.0917,0,0.08%,开放申购,43.1551,32.5660,10.4506,,,20.7771,35.2058,-55.6246,-59.4181,-59.4181,2025,48.5626,0.8288,2026-09-16,['007301'],10.4510,14.6134,20.7771,64.3800,291.1609,291.1600,77.2,1
501060,中金中证优选300指数(LOF)A,指数/指数增强,2018-08-30,8.0465,6.9676,中金基金,指数型-股票,中证中金优选300指数,耿帅军,2021-11-04,4.8652,1,0.10%,开放申购,2.2826,11.0816,4.4970,11.4363,,11.3222,14.7066,-22.0909,-24.8044,-24.8044,2019,40.1371,0.0326,2026-09-16,"['023711', '501061']",4.4969,9.0140,11.3222,24.6000,137.0400,137.0400,74.7,1
004788,富荣沪深300指数增强A,指数/指数增强,2018-02-11,8.5941,11.2601,富荣基金,指数型-股票,沪深300指数,"郎骋成,孟亚强",2025-08-01,1.1253,2,0.12%,开放申购,14.3278,14.3662,5.9995,15.5958,,11.9684,18.4881,-32.1458,-32.8914,-32.8914,2020,85.1848,0.5786,2026-09-16,"['004789', '027325']",5.9996,10.2030,11.9684,33.8200,164.2000,164.2000,74.0,1
002236,大成360互联网+大数据100A,指数/指数增强,2016-02-03,10.6174,6.0926,大成基金,指数型-股票,中证360互联网+大数据100指数,夏高,2016-02-03,10.6174,0,0.12%,开放申购,3.0033,17.8949,15.5452,19.3758,10.6843,11.9650,28.8036,-37.5448,-47.9005,-47.9005,2025,42.6360,0.3508,2026-09-16,[],15.3844,10.6843,12.0347,104.5200,,234.1900,72.8,
501059,西部利得国企红利指数增强A,指数/指数增强,2018-07-11,8.1834,2.3565,西部利得基金,指数型-股票,中证国有企业红利指数,盛丰衍,2024-02-07,2.6064,1,0.12%,开放申购,6.5456,6.7833,3.8521,12.0649,,11.7531,16.2710,-17.5946,-19.2785,-19.2785,2019,31.6034,0.4334,2026-09-16,['009439'],4.0589,9.6289,11.8893,22.0100,150.7557,150.7600,72.4,1
519677,银河定投宝,指数/指数增强,2014-03-14,12.5092,3.2673,银河基金,指数型-股票,中证腾讯济安价值100A股指数,黄栋,2023-11-29,2.7981,1,0.00%,开放申购,3.4877,11.1640,4.9574,13.0627,8.2999,11.0470,17.7721,-26.3192,-32.7214,-52.6955,2020,38.6432,0.3319,2026-09-16,[],5.4861,8.2999,11.2061,30.6100,,277.6000,72.0,1
160517,博时中证银行ETF联接A,指数/指数增强,2015-06-09,11.2717,4.4419,博时基金,指数型-股票,中证银行指数,赵云阳,2015-12-23,10.7324,0,0.10%,开放申购,4.1315,14.2579,8.2143,9.9101,9.2329,6.8470,15.9668,-21.8557,-26.4501,-31.8204,2024,40.8387,-0.0064,2026-09-16,[],7.5982,9.2329,6.9889,44.2200,,114.1400,70.4,1
001759,嘉实成长增强混合,指数/指数增强,2016-11-10,9.8480,7.1195,嘉实基金,混合型-灵活,,陈涛,2025-08-02,1.1225,1,0.15%,开放申购,74.1474,29.9416,13.6881,17.1078,,12.4148,27.2222,-40.0757,-44.8756,-44.8756,2026,59.4962,1.7991,2026-09-16,[],13.6879,12.2150,12.4148,89.9200,216.6000,216.6000,70.2,1
000368,汇添富沪深300安中指数A,指数/指数增强,2013-11-06,12.8597,6.9467,汇添富基金,指数型-股票,沪深300安中动态策略指数,吴振翔,2013-11-06,12.8597,0,0.12%,开放申购,8.2970,11.0812,4.6272,11.2864,9.5753,9.3093,15.6715,-22.5944,-31.4738,-49.6223,2020,44.3479,0.4609,2026-09-16,"['021924', '018947']",4.6275,9.5033,9.3094,25.3800,147.8973,214.1400,70.2,1
006034,富国MSCI中国A股国际通指数增强A,指数/指数增强,2018-12-25,7.7262,2.1030,富国基金,指数型-股票,MSCI中国A股国际通指数,"徐幼华,方旻",2019-01-07,7.6906,0,0.12%,开放申购,9.2062,12.3840,3.6779,,,13.3582,16.7183,-27.0853,-28.2995,-28.2995,2020,40.8456,0.3443,2026-09-16,['014170'],3.6774,10.1721,13.3582,19.7900,163.4600,163.4600,70.0,1
161631,融通人工智能指数(LOF)A,指数/指数增强,2017-04-10,9.4346,9.7931,融通基金,指数型-股票,中证人工智能主题指数,"何天翔,林丽娟",2024-12-17,1.7467,1,0.12%,开放申购,17.9695,30.9013,13.4691,16.1438,,11.2648,32.3338,-42.5386,-46.4385,-46.4385,2025,71.7428,0.3879,2026-09-16,['009239'],13.4691,10.5954,11.2648,88.1000,173.7600,173.7600,69.9,1
165312,建信央视财经50指数(LOF),指数/指数增强,2013-03-28,13.4702,3.1207,建信基金,指数型-股票,央视财经50指数,叶乐天,2013-03-28,13.4702,0,0.12%,开放申购,0.6347,3.7712,1.9411,3.7092,6.2769,7.3515,7.2891,-11.0697,-14.8569,-37.3447,2017,47.2228,-0.0380,2026-09-16,[],3.8224,8.8611,9.4594,20.6300,133.7359,237.8700,68.3,1
161217,国投瑞银中证资源指数(LOF)A,指数/指数增强,2011-07-21,15.1567,3.5898,国投瑞银基金,指数型-股票,中证上游资源产业指数,殷瑞飞,2014-08-23,12.0657,0,0.12%,开放申购,27.6076,20.2231,8.3567,17.1957,14.0756,5.4158,23.5218,-28.4083,-36.4912,-53.1340,2025,59.8450,1.0798,2026-09-16,[],8.6990,14.0756,5.6184,51.7500,,128.9900,67.8,1
006165,建信中证1000指数增强A,指数/指数增强,2018-11-22,7.8166,8.2745,建信基金,指数型-股票,中证1000指数,"叶乐天,赵云煜",2018-11-22,7.8166,0,0.15%,开放申购,9.5207,13.9923,6.0718,,,15.4761,24.4516,-39.0481,-39.0481,-39.0481,2025,41.1256,0.2767,2026-09-16,"['006166', '013442']",6.0724,11.9045,15.4763,34.2800,207.9461,207.9500,67.8,1
501025,鹏华中证香港银行指数(LOF)A,指数/指数增强,2016-11-10,9.8480,7.6500,鹏华基金,指数型-股票,中证香港银行投资人民币指数,张羽翔,2022-08-03,4.1205,1,0.12%,开放申购,23.0200,27.4268,17.1509,8.6081,,8.1798,16.6971,-22.4805,-36.8752,-36.8752,2025,37.5051,1.3944,2026-09-16,"['010365', '025127']",17.1507,8.0506,8.1800,120.6600,116.9064,116.9100,67.4,1
161039,富国中证1000指数增强(LOF)A,指数/指数增强,2018-05-31,8.2957,6.8478,富国基金,指数型-股票,中证1000指数,"徐幼华,方旻",2025-08-08,1.1061,2,0.12%,开放申购,7.5859,12.5195,4.2816,13.7856,,12.4401,22.9166,-36.1134,-37.2142,-37.2142,2019,42.5793,0.1999,2026-09-16,['013331'],4.2814,10.2155,12.4401,23.3200,164.5000,164.5000,67.0,
007466,华泰柏瑞中证红利低波ETF联接A,指数/指数增强,2019-07-15,7.1732,65.0624,华泰柏瑞基金,指数型-股票,中证红利低波动指数,柳军,2019-07-15,7.1732,0,0.12%,开放申购,0.9040,5.9320,5.4211,,,9.7347,15.0345,-13.8837,-15.4603,-15.4603,2021,18.8657,0.0317,2026-09-16,"['022951', '022678', '007467']",6.1245,7.2462,10.2441,34.6100,101.2894,101.2900,67.0,1
161121,易方达中证银行ETF联接(LOF)A,指数/指数增强,2015-06-03,11.2882,7.0959,易方达基金,指数型-股票,中证银行指数,刘树荣,2020-04-23,6.3984,0,0.10%,开放申购,4.1126,13.3159,7.3630,9.5793,8.2875,5.3316,14.5420,-20.1524,-28.1672,-33.7585,2024,37.0453,0.0107,2026-09-16,['009860'],7.3900,8.2875,6.0788,42.8300,,94.6700,66.5,
005561,创金合信中证红利低波动指数A,指数/指数增强,2018-04-26,8.3915,16.9257,创金合信基金,指数型-股票,中证红利低波动指数,"孙悦,董梁",2022-03-29,4.4682,1,0.15%,开放申购,0.6015,6.8401,6.1736,11.8600,,9.5958,15.2626,-14.1057,-19.7361,-19.7361,2021,25.8693,-0.0480,2026-09-16,"['022900', '005562']",6.1733,7.9924,9.5958,34.9200,115.7400,115.7400,66.5,
006809,泰康香港银行指数A,指数/指数增强,2019-04-16,7.4196,4.7564,泰康基金,指数型-股票,中证香港银行投资港元指数,袁帅,2024-06-07,2.2752,1,0.10%,开放申购,24.4220,28.4128,17.7659,,,9.3624,16.7924,-22.8841,-29.1327,-29.1327,2024,38.7247,1.4946,2026-09-16,['006810'],17.7664,6.8657,9.3624,126.5200,94.2600,94.2600,65.8,1
003016,中金中证500指数增强A,指数/指数增强,2016-07-22,10.1520,9.8787,中金基金,指数型-股票,中证500指数,"耿帅军,王家列,王阳峰",2026-09-09,0.0192,3,0.10%,开放申购,11.4502,15.2921,4.7433,13.5225,9.0794,9.1977,20.4772,-34.1097,-34.8913,-34.8913,2025,40.8856,0.6188,2026-09-16,['003578'],4.5773,9.0794,9.2491,25.0800,,145.4800,65.1,
006593,博道中证500增强A,指数/指数增强,2019-01-03,7.7016,15.9950,博道基金,指数型-股票,中证500指数,杨梦,2019-01-03,7.7016,0,0.12%,开放申购,15.9939,18.1363,3.6032,,,14.6934,21.1632,-43.5363,-44.4562,-44.4562,2025,39.9372,0.5232,2026-09-16,"['025038', '006594']",3.6029,12.0831,15.9645,19.3600,212.8972,212.9000,64.9,
005994,国投瑞银中证500指数量化增强A,指数/指数增强,2018-08-01,8.1259,9.6416,国投瑞银基金,指数型-股票,中证500指数,殷瑞飞,2018-08-01,8.1259,0,0.12%,开放申购,14.9609,15.5555,3.2815,14.6507,,14.3926,20.6088,-39.3543,-40.5361,-40.5361,2020,40.6324,0.5315,2026-09-16,"['022909', '007089']",3.2815,11.5459,14.3926,17.5200,198.2200,198.2200,64.3,
005313,万家中证1000指数增强A,指数/指数增强,2018-01-30,8.6270,9.8990,万家基金,指数型-股票,中证1000指数,乔亮,2019-10-22,6.9021,0,0.15%,开放申购,6.5206,10.1117,4.1562,13.5022,,12.5817,24.1837,-40.5263,-40.5263,-40.5263,2019,41.5230,0.2885,2026-09-16,['005314'],5.0628,11.2453,13.1482,28.0100,190.2810,190.2800,64.0,
001617,天弘中证电子ETF联接A,指数/指数增强,2015-07-29,11.1348,4.6773,天弘基金,指数型-股票,中证电子指数,洪明华,2025-09-30,0.9610,2,0.10%,开放申购,29.0880,30.7248,10.4864,16.2515,10.6070,8.4756,30.8098,-47.9001,-49.0209,-49.0209,2019,69.0759,1.0216,2026-09-16,['001618'],8.9940,10.6070,8.3337,53.8200,,143.8300,63.9,1
003986,申万菱信中证500指数优选增强A,指数/指数增强,2017-01-10,9.6810,13.7383,申万菱信基金,指数型-股票,中证500指数,刘敦,2020-04-21,6.4038,0,0.12%,开放申购,18.6469,14.7915,3.2037,13.1409,,10.8892,20.1325,-37.2042,-38.1512,-38.1512,2019,51.3833,0.7520,2026-09-16,"['022919', '007794']",3.2040,10.5242,10.8890,17.0800,172.0027,172.0000,62.6,
217027,招商央视财经50指数A,指数/指数增强,2013-02-05,13.6099,4.6755,招商基金,指数型-股票,央视财经50指数,廖裕舟,2025-11-13,0.8405,1,0.12%,开放申购,0.3109,7.4562,3.3845,8.4167,8.9597,9.2252,15.2586,-24.2955,-31.4138,-41.2312,2019,45.8946,-0.0989,2026-09-16,['004410'],3.3850,8.8597,9.2252,18.1100,133.7060,232.3300,62.5,
006048,长城中证500指数增强A,指数/指数增强,2018-08-13,8.0931,10.9155,长城基金,指数型-股票,中证500指数,雷俊,2018-11-30,7.7947,0,0.12%,开放申购,10.6846,15.3064,4.7324,12.3664,,11.0163,21.6801,-36.1811,-36.8893,-36.8893,2025,47.2455,0.3152,2026-09-16,['007413'],4.7324,8.8258,11.0163,26.0100,132.9800,132.9800,62.4,
161724,招商中证煤炭等权指数(LOF)A,指数/指数增强,2015-05-20,11.3265,5.8999,招商基金,指数型-股票,中证煤炭等权指数,"邓童,窦福成",2025-11-13,0.8405,2,0.10%,开放申购,22.1611,9.0284,4.0110,13.3822,8.8101,4.7363,27.2199,-28.4541,-44.4856,-54.5409,2021,30.8238,1.0459,2026-09-16,[],5.7992,8.8101,5.9323,32.5600,,92.0800,62.3,1
161723,招商中证银行指数A,指数/指数增强,2015-05-20,11.3265,7.1208,招商基金,指数型-股票,中证银行指数,"侯昊,窦福成",2026-03-04,0.5366,1,0.10%,开放申购,4.0639,13.0014,7.1960,8.2174,7.6778,5.6143,14.4962,-20.0230,-25.6058,-34.9772,2024,36.7050,0.0093,2026-09-16,[],7.2543,7.6778,6.2897,41.9300,,99.5500,62.1,
007593,鹏扬中证500质量成长ETF联接A,指数/指数增强,2019-08-29,7.0500,2.4325,鹏扬基金,指数型-股票,中证500质量成长指数,施红俊,2019-08-29,7.0500,0,0.12%,开放申购,17.3391,17.9385,4.2509,,,13.1792,20.2151,-34.9603,-35.6934,-35.6934,2020,37.4330,0.6745,2026-09-16,['007594'],4.2509,9.1202,13.1792,23.1400,139.3600,139.3600,61.9,1
161037,富国中证高端制造指数增强型(LOF)A,指数/指数增强,2017-04-27,9.3881,1.4899,富国基金,指数型-股票,中证高端制造主题指数,牛志冬,2024-07-12,2.1793,1,0.12%,开放申购,22.2802,22.1063,4.8489,15.7124,,11.5475,24.1451,-48.6950,-48.6950,-48.6950,2019,61.4299,0.6743,2026-09-16,['005627'],4.8485,10.8041,11.5475,26.7100,178.9700,178.9700,60.7,1
007873,华宝科技ETF联接A,指数/指数增强,2019-08-30,7.0472,4.5787,华宝基金,指数型-股票,中证科技龙头指数,胡一江,2026-02-12,0.5914,1,0.10%,开放申购,27.9769,27.3086,8.3273,,,11.4466,28.1894,-46.2432,-52.0545,-52.0545,2025,54.3968,0.6582,2026-09-16,['007874'],8.3269,7.9367,11.4466,49.1700,114.6300,114.6300,60.4,1
160620,鹏华中证A股资源产业指数(LOF)A,指数/指数增强,2012-09-27,13.9685,1.3872,鹏华基金,指数型-股票,A股资源,闫冬,2019-11-20,6.8227,0,0.12%,开放申购,22.3807,15.9842,5.4134,13.1642,9.6082,4.8863,22.6515,-27.4064,-38.0350,-52.1440,2025,47.9078,0.9315,2026-09-16,['012808'],6.4255,9.6082,5.7457,36.5300,,118.2300,60.2,1
007751,景顺长城沪港深红利成长低波指数A,指数/指数增强,2019-09-06,7.0281,23.3183,景顺长城基金,指数型-股票,中证沪港深红利成长低波动人民币指数,"曾理,周春泉",2026-09-07,0.0246,2,0.12%,开放申购,-0.5911,9.3693,8.0856,,,7.6575,13.5641,-13.1360,-19.6311,-19.6311,2024,27.0735,-0.0308,2026-09-16,"['021735', '007760']",8.9003,5.7189,8.2344,53.1600,74.3926,74.3900,60.2,1
163116,申万中证申万电子行业投资指数(LOF)A,指数/指数增强,2015-05-14,11.3429,2.6737,申万菱信基金,指数型-股票,中证申万电子行业投资指数,王赟杰,2025-03-31,1.4620,5,0.12%,开放申购,38.0201,38.2679,13.8844,19.6492,13.1200,7.5867,32.1048,-48.7214,-48.7214,-58.3025,2019,68.6133,1.1675,2026-09-16,['010531'],12.2551,13.1200,7.4009,78.2500,,124.7600,58.7,1
160626,鹏华中证信息技术指数(LOF)A,指数/指数增强,2014-05-05,12.3669,4.3786,鹏华基金,指数型-股票,中证信息技术指数,王力,2026-07-07,0.1944,1,0.12%,开放申购,8.0777,7.5240,3.0382,4.6910,3.0690,6.9568,9.0798,-14.1736,-17.0772,-33.2305,2015,46.1538,0.8960,2026-09-16,['012040'],8.2061,3.0690,10.6114,48.3400,,248.0700,57.5,1
000835,华润元大富时中国A50指数A,指数/指数增强,2014-11-20,11.8220,1.1583,华润元大基金,指数型-股票,富时中国A50指数,李武群,2023-08-04,3.1184,1,0.12%,开放申购,-2.3772,6.2240,1.8504,9.0951,9.4984,9.9830,16.7954,-29.5778,-34.7576,-41.8730,2019,45.9119,-0.3417,2026-09-16,['010573'],1.8503,9.4282,9.9830,9.6000,146.2030,208.0000,56.5,
110003,易方达上证50增强A,指数/指数增强,2004-03-22,22.4860,140.4716,易方达基金,指数型-股票,上证50指数,张胜记,2015-06-06,11.2799,0,0.15%,开放申购,10.2375,9.9986,2.4344,8.2682,9.6003,8.7788,18.0882,-32.3217,-46.3518,-68.8259,2006,121.5411,0.3674,2026-09-16,"['022933', '004746']",2.4345,9.5289,9.4312,12.7800,148.4780,658.8000,56.5,
090010,大成中证红利指数A,指数/指数增强,2010-02-02,16.6188,21.9301,大成基金,指数型-股票,中证红利指数,"刘淼,孙雨",2025-11-04,0.8652,3,0.12%,开放申购,3.1622,5.3685,3.1160,8.1961,7.9679,6.7472,15.3015,-15.6237,-23.8852,-46.0019,2014,51.7857,0.1614,2026-09-16,"['022927', '007801', '022169']",3.1157,7.8742,6.7472,16.5800,113.3900,195.9700,56.4,
161907,万家中证红利ETF联接A,指数/指数增强,2011-03-17,15.5017,3.0783,万家基金,指数型-股票,中证红利指数,杨坤,2019-10-29,6.8830,0,0.10%,开放申购,1.9303,3.9309,2.7400,8.4777,7.1844,6.8336,15.2054,-15.1972,-26.3015,-46.8357,2014,52.5100,0.1238,2026-09-16,['015558'],3.3709,7.4136,7.0446,18.0300,104.4524,187.2800,55.5,
161029,富国中证银行指数(LOF)A,指数/指数增强,2015-04-30,11.3812,4.2266,富国基金,指数型-股票,中证银行指数,王保合,2019-11-20,6.8227,0,0.12%,开放申购,4.0000,13.4392,7.3272,8.4159,7.5174,5.9184,14.9468,-20.6294,-25.1587,-34.8129,2024,38.4304,-0.0050,2026-09-16,['013330'],7.1529,7.5174,6.4531,41.2600,,103.7500,55.3,
001050,汇添富中证500指数增强A,指数/指数增强,2015-02-16,11.5811,15.0207,汇添富基金,指数型-股票,中证500指数,许一尊,2024-04-26,2.3901,1,0.15%,开放申购,9.7888,13.0346,4.3929,13.0814,8.3798,8.3328,19.4121,-31.5639,-32.2528,-48.4033,2019,38.5501,0.3276,2026-09-16,"['022893', '016854']",4.3927,8.2748,8.3327,23.9800,121.4493,152.6700,54.9,
217019,招商深证TMT50ETF联接A,指数/指数增强,2011-06-27,15.2225,4.0196,招商基金,指数型-股票,深证电子信息传媒产业50指数,侯昊,2025-03-20,1.4921,1,0.15%,开放申购,26.6138,29.4854,11.5963,15.6939,9.1422,8.6397,29.3227,-43.4357,-46.0232,-66.4348,2025,60.9453,0.9950,2026-09-16,['004409'],10.6465,9.1422,8.6335,65.8400,,252.7400,54.6,
320010,诺安中证A100指数A,指数/指数增强,2009-10-27,16.8871,1.6270,诺安基金,指数型-股票,中证A100指数,梅律吾,2012-11-24,13.8097,0,0.12%,开放申购,4.6267,11.3577,3.2337,8.6863,9.0884,5.0125,17.5460,-32.6251,-38.1180,-43.1413,2014,60.2134,0.1050,2026-09-16,"['022626', '010351']",3.2340,9.8518,5.4860,17.2500,155.8999,146.4300,53.5,
004194,招商中证1000指数增强A,指数/指数增强,2017-03-03,9.5387,11.2811,招商基金,指数型-股票,中证1000指数,蔡振,2024-12-31,1.7084,2,0.12%,开放申购,1.7591,12.2450,5.9078,14.3748,,8.0254,23.9711,-34.9311,-39.5982,-39.5982,2019,44.0192,-0.0307,2026-09-16,['004195'],5.9076,7.6414,8.0254,33.2400,108.8300,108.8300,53.5,
213010,宝盈中证A100指数增强A,指数/指数增强,2010-02-08,16.6023,1.7140,宝盈基金,指数型-股票,中证A100指数,蔡丹,2020-04-25,6.3929,0,0.12%,开放申购,6.8293,11.3794,3.1028,9.8091,9.8899,6.0582,17.4459,-32.1917,-38.9551,-42.4005,2014,59.8291,0.2318,2026-09-16,['007580'],3.1033,9.8052,6.0582,16.5100,154.8176,165.5200,53.4,
673100,西部利得沪深300指数增强A,指数/指数增强,2017-03-21,9.4894,3.2063,西部利得基金,指数型-股票,沪深300指数,盛丰衍,2018-05-16,8.3368,0,0.08%,开放申购,8.7742,10.4931,0.3837,10.3690,,9.6811,16.5427,-34.8832,-40.1392,-40.1392,2020,56.4798,0.3730,2026-09-16,['673101'],0.3831,9.1648,9.6811,1.9300,140.3400,140.3400,52.1,
519671,银河沪深300价值指数A,指数/指数增强,2009-12-28,16.7173,15.0062,银河基金,指数型-股票,沪深300价值指数,罗博,2009-12-28,16.7173,0,0.12%,开放申购,2.9067,8.3837,4.2864,6.2485,7.4817,5.2043,15.2228,-22.8859,-26.9877,-41.2121,2014,65.7709,0.0919,2026-09-16,['013074'],4.2864,7.4063,5.2043,23.3500,104.3128,133.5300,52.1,
000656,前海开源沪深300指数A,指数/指数增强,2014-06-17,12.2491,2.7388,前海开源基金,指数型-股票,沪深300指数,梁溥森,2022-12-02,3.7892,1,0.12%,开放申购,3.5562,9.8074,2.4306,9.9665,8.1474,9.2023,16.7809,-30.4563,-33.2699,-50.9076,2014,49.5000,0.0722,2026-09-16,['015671'],2.4309,8.0665,9.2022,12.7600,117.2257,193.9700,52.0,
001074,华泰柏瑞沪深300指数增强A,指数/指数增强,2015-03-24,11.4825,3.4756,华泰柏瑞基金,指数型-股票,沪深300指数,"孔令烨,和磊",2025-11-18,0.8268,3,0.03%,开放申购,9.4796,12.6591,3.1549,9.3540,8.0443,5.5616,16.8651,-29.6497,-31.6594,-41.4303,2019,38.5241,0.3948,2026-09-16,['006531'],3.1546,7.9242,5.5616,16.8000,114.3828,86.1700,51.8,
003015,中金沪深300指数增强A,指数/指数增强,2016-07-22,10.1520,11.7033,中金基金,指数型-股票,沪深300指数,"耿帅军,王阳峰",2022-01-14,4.6708,2,0.10%,开放申购,7.1309,11.0171,2.3676,9.3193,7.8084,7.6062,16.5934,-29.7360,-37.2383,-37.2383,2020,44.1319,0.2828,2026-09-16,"['025936', '003579']",2.3672,7.7315,7.6062,12.4100,110.5853,110.4800,51.3,
006909,华夏战略新兴成指ETF联接A,指数/指数增强,2019-06-05,7.2827,1.9983,华夏基金,指数型-股票,中国战略新兴产业成份指数,鲁亚运,2024-06-11,2.2642,2,0.12%,开放申购,24.6926,23.7444,2.4399,,,13.5620,26.9184,-56.4982,-58.9475,-58.9475,2020,71.6795,0.6155,2026-09-16,['006910'],2.4400,9.7045,13.5620,12.8100,152.4900,152.4900,50.0,
007664,永赢创业板指数发起式A,指数/指数增强,2019-09-10,7.0171,1.8729,永赢基金,指数型-股票,创业板指数(价格),刘庭宇,2023-08-29,3.0500,2,0.10%,开放申购,7.8503,18.8358,2.6218,,,12.0898,28.1349,-52.2660,-52.6644,-52.6644,2020,66.1461,0.1593,2026-09-16,['007665'],2.6210,8.3381,12.0901,13.8100,122.7465,122.7500,49.9,
310398,申万菱信沪深300价值指数A,指数/指数增强,2010-02-11,16.5941,5.3549,申万菱信基金,指数型-股票,沪深300价值指数,王赟杰,2025-09-30,0.9610,3,0.12%,开放申购,2.6271,7.8559,3.7882,5.9680,7.3697,5.2727,15.1137,-22.4819,-25.3916,-40.2542,2014,62.0871,0.0686,2026-09-16,['007800'],3.7880,7.2973,5.2727,20.4300,102.2496,134.5900,49.6,
240016,华宝上证180价值ETF联接A,指数/指数增强,2010-04-23,16.3997,0.8492,华宝基金,指数型-股票,上证180价值指数,胡一江,2026-04-17,0.4162,1,0.15%,开放申购,0.4592,7.8039,4.3193,7.3546,7.7997,6.7609,15.3720,-21.5391,-24.6773,-38.1503,2014,68.8019,-0.1162,2026-09-16,['022826'],4.3185,7.7277,6.7608,23.5400,110.5107,192.3800,49.4,
160137,南方中证互联网指数(LOF)A,指数/指数增强,2015-07-01,11.2115,1.1952,南方基金,指数型-股票,中证互联网指数,许荷东,2026-07-16,0.1697,1,0.12%,开放申购,24.2895,27.3958,12.6813,12.8390,8.7617,5.3914,31.9247,-45.8686,-48.8396,-48.8396,2025,66.8803,0.9212,2026-09-16,[],11.8414,8.7617,6.1274,74.9900,,94.7900,48.0,
100032,富国中证红利指数增强A,指数/指数增强,2008-11-20,17.7221,47.3533,富国基金,指数型-股票,中证红利指数,"徐幼华,方旻",2014-11-19,11.8248,0,0.15%,开放申购,0.7055,4.3261,2.3293,4.8602,4.9152,7.7771,14.8423,-15.9073,-26.4469,-41.5842,2009,67.6647,-0.0537,2026-09-16,"['022903', '008682']",2.3290,7.0374,9.2922,12.2000,97.4043,382.9300,47.7,
001397,建信精工制造指数增强,指数/指数增强,2015-08-26,11.0582,0.6720,建信基金,指数型-股票,中证精工制造指数,"叶乐天,刘明辉",2021-10-27,4.8871,1,0.15%,开放申购,8.6274,13.5338,3.4299,13.3611,9.3983,8.5519,20.5204,-37.1851,-37.1851,-37.1851,2020,45.9406,0.2560,2026-09-16,[],3.4304,9.2991,8.5519,18.3700,143.3130,147.7900,47.7,
000172,华泰柏瑞量化增强混合A,指数/指数增强,2013-08-02,13.1225,10.7852,华泰柏瑞基金,混合型-偏股,,"徐帅宇,盛豪",2025-04-28,1.3854,2,0.12%,开放申购,7.3467,11.8984,2.3477,7.7458,6.9773,11.2478,16.9965,-31.5403,-35.0239,-40.6795,2014,70.7483,0.2687,2026-09-16,['010234'],2.3472,6.8616,11.2477,12.3000,94.1855,305.0000,47.5,
007474,华夏创业板成长ETF联接A,指数/指数增强,2019-06-26,7.2252,6.4550,华夏基金,指数型-股票,创业板动量成长指数,鲁亚运,2022-08-22,4.0684,2,0.12%,开放申购,27.6138,20.2248,0.7436,,,14.1305,31.6482,-58.4975,-58.4975,-58.4975,2020,88.5997,0.5696,2026-09-16,"['023782', '007475']",0.7429,10.0206,14.1305,3.7700,159.8600,159.8600,46.5,
002900,南方中证500信息技术联接A,指数/指数增强,2016-08-17,10.0808,4.7154,南方基金,指数型-股票,中证500信息技术指数,孙伟,2016-08-17,10.0808,0,0.12%,开放申购,32.0484,28.1708,11.1255,13.7444,7.9000,7.4969,32.5194,-48.3023,-53.9405,-53.9405,2019,69.2006,1.0249,2026-09-16,['004347'],9.8080,7.9000,7.2547,59.6500,,102.5900,46.4,
007028,易方达中证500ETF联接发起式A,指数/指数增强,2019-03-20,7.4935,21.3747,易方达基金,指数型-股票,中证500指数,"余海燕,庞亚平",2022-12-17,3.7481,1,0.05%,开放申购,10.1725,12.1995,3.0342,,,8.6730,21.0536,-35.2490,-36.3581,-36.3581,2025,36.1472,0.3190,2026-09-16,"['022913', '007029']",3.0342,6.4309,8.6730,16.1200,86.5000,86.5000,46.3,
166802,浙商沪深300指数增强(LOF)A,指数/指数增强,2012-05-07,14.3600,1.8327,浙商基金,指数型-股票,沪深300指数,饶祖华,2025-09-19,0.9911,3,0.15%,开放申购,14.6750,12.6826,2.8292,9.2276,7.6612,6.7490,15.8360,-32.0019,-38.6311,-43.9938,2014,46.1024,0.6715,2026-09-16,['014372'],3.0289,8.3178,7.3320,16.0900,122.3305,176.2300,45.9,
160222,国泰国证食品饮料行业(LOF)A,指数/指数增强,2014-10-23,11.8987,21.3731,国泰基金,指数型-股票,国证食品饮料行业指数,"梁杏,彭悦",2025-08-13,1.0924,1,0.00%,开放申购,-7.5600,-4.2237,-3.3423,3.7789,5.4230,7.7050,7.5400,-23.1573,-27.8100,-27.8100,2019,37.9497,-1.5023,2026-09-16,['015040'],-10.0058,7.2304,8.7787,-40.9700,100.9918,172.1600,45.2,
006248,华夏创业板ETF联接A,指数/指数增强,2018-08-14,8.0903,2.9729,华夏基金,指数型-股票,创业板指数(价格),林海涵,2026-08-13,0.0931,1,0.12%,开放申购,6.8730,16.8469,1.1969,12.0544,,10.9686,27.8208,-53.1134,-53.6705,-53.6705,2020,62.0535,0.1290,2026-09-16,"['025009', '006249', '025238']",1.8540,9.1377,11.4134,9.6200,139.7433,139.7400,45.1,
160806,长盛同庆中证800指数(LOF)A,指数/指数增强,2009-05-12,17.3470,2.4558,长盛基金,指数型-股票,中证800指数,"陈亘斯,石晓冉",2026-06-08,0.2738,1,0.12%,开放申购,8.3784,11.4329,2.8734,9.3390,7.0590,5.2689,17.5051,-32.0988,-32.0988,-47.9703,2019,38.1424,0.3121,2026-09-16,['028336'],2.8740,7.9444,5.4200,15.2200,114.7841,149.8300,45.1,
001426,南方大数据300C,指数/指数增强,2015-06-24,11.2307,0.7778,南方基金,指数型-股票,大数据300指数,解锐,2022-02-18,4.5749,1,0.00%,开放申购,11.2798,16.1069,5.3150,10.0694,7.4963,6.1622,22.6198,-40.6953,-44.5085,-44.5085,2025,46.1814,0.7651,2026-09-16,[],5.1463,7.4963,6.4112,28.5200,,100.9500,44.7,
001420,南方大数据300A,指数/指数增强,2015-06-24,11.2307,2.7260,南方基金,指数型-股票,大数据300指数,解锐,2022-02-18,4.5749,1,0.12%,开放申购,11.7213,16.5701,5.7374,10.5096,7.9195,6.5662,22.6233,-40.0651,-43.7341,-43.7341,2025,46.7607,0.7856,2026-09-16,[],5.5668,7.9195,6.8159,31.1100,,109.7000,44.4,
007044,博道沪深300增强A,指数/指数增强,2019-04-26,7.3922,13.2662,博道基金,指数型-股票,沪深300指数,杨梦,2019-04-26,7.3922,0,0.12%,开放申购,9.1809,13.9413,2.9192,,,8.8789,16.8197,-33.8243,-39.8881,-39.8881,2020,41.0869,0.3813,2026-09-16,"['025932', '007045']",2.9186,6.4901,8.8789,15.4700,87.5400,87.5400,44.3,
050021,博时创业板ETF联接A,指数/指数增强,2011-06-10,15.2690,4.6286,博时基金,指数型-股票,创业板指数(价格),尹浩,2019-10-11,6.9322,0,0.08%,开放申购,7.6119,17.9577,1.9367,11.7913,9.4163,7.0819,27.9614,-52.7098,-53.3063,-53.3063,2020,60.3966,0.1600,2026-09-16,"['006733', '022920', '019105']",1.9375,9.3043,7.0818,10.0700,143.4284,184.2700,43.4,
110021,易方达上证中盘ETF联接A,指数/指数增强,2010-03-31,16.4627,1.8219,易方达基金,指数型-股票,上证中盘,刘砚芳,2025-12-24,0.7283,2,0.12%,开放申购,3.4757,10.3154,3.0132,9.5323,7.4136,5.4528,15.6358,-26.5309,-28.1376,-50.2648,2014,50.6416,0.1117,2026-09-16,['004743'],3.0129,7.3297,5.4528,16.0000,102.8610,139.6600,43.2,
004945,长信中证500指数增强A,指数/指数增强,2017-08-30,9.0459,3.1006,长信基金,指数型-股票,中证500指数,宋海岸,2018-09-07,8.0246,0,0.15%,开放申购,15.4038,17.9329,3.5433,13.1725,,8.9845,20.4188,-42.5378,-43.6435,-43.6435,2020,43.9642,0.5395,2026-09-16,['013881'],3.5438,8.0935,8.9846,19.0200,117.7682,117.7700,43.1,
310318,申万菱信沪深300指数增强A,指数/指数增强,2004-11-29,21.7960,8.7137,申万菱信基金,指数型-股票,沪深300指数,刘敦,2020-04-21,6.4038,0,0.12%,开放申购,9.6417,11.2772,1.3078,8.3975,7.7871,9.1087,16.8477,-36.2735,-40.3496,-42.7827,2014,58.5071,0.4569,2026-09-16,['007804'],1.3074,7.6988,9.7292,6.7100,109.9467,656.6000,42.4,
003957,安信量化沪深300增强A,指数/指数增强,2017-03-16,9.5031,10.9637,安信基金,指数型-股票,沪深300指数,施荣盛,2023-09-13,3.0089,2,0.08%,开放申购,6.1924,13.0829,2.2560,10.3502,,7.7948,16.9353,-37.4283,-43.9640,-43.9640,2020,48.3357,0.1959,2026-09-16,"['003958', '027925']",2.2559,7.3935,7.7948,11.8000,104.0700,104.0700,42.1,
163407,兴全沪深300指数(LOF)A,指数/指数增强,2010-11-02,15.8713,30.3393,兴证全球基金,指数型-股票,沪深300指数,申庆,2010-11-02,15.8713,0,0.12%,限大额,0.3706,5.7263,1.3083,6.4093,7.2471,6.3429,16.2761,-25.4252,-36.2615,-41.0469,2014,58.4220,-0.1077,2026-09-16,['007230'],1.3074,7.1499,6.3429,6.7100,99.4889,165.4000,41.7,
162213,宏利沪深300指数增强A,指数/指数增强,2010-04-23,16.3997,4.8851,宏利基金,指数型-股票,沪深300指数,李婷婷,2024-12-06,1.7769,2,0.12%,开放申购,7.4134,8.2541,0.1952,8.0810,7.4420,7.5870,16.6400,-33.3460,-39.5705,-39.5705,2014,65.0888,0.3032,2026-09-16,"['025008', '003548']",1.0593,7.8226,7.8689,5.4100,112.3715,246.3300,41.3,
519100,长盛中证A100指数,指数/指数增强,2006-11-22,19.8166,2.7139,长盛基金,指数型-股票,中证A100指数,陈亘斯,2019-10-09,6.9377,0,0.15%,开放申购,3.3692,9.1838,1.7786,7.8900,7.8428,3.6509,17.3171,-32.8807,-39.5493,-78.6967,2007,115.4178,0.0450,2026-09-16,[],2.4672,8.1324,6.4902,12.9600,118.5534,247.6800,41.2,
001015,华夏沪深300指数增强A,指数/指数增强,2015-02-10,11.5975,24.2148,华夏基金,指数型-股票,沪深300指数,袁英杰,2025-10-23,0.8980,2,0.12%,开放申购,8.2270,11.1484,2.2300,8.4751,7.2951,7.4015,17.5457,-34.7145,-38.4281,-42.0226,2019,39.0045,0.3286,2026-09-16,"['022954', '001016']",2.2303,7.2102,7.4015,11.6600,100.6135,128.9000,40.5,
006611,人保中证500A,指数/指数增强,2018-12-07,7.7755,0.6773,人保资产,指数型-股票,中证500指数,周剑,2023-10-13,2.9268,2,0.06%,开放申购,8.9162,11.0776,2.1859,,,9.2096,20.9304,-36.4371,-37.5308,-37.5308,2025,34.0542,0.2721,2026-09-16,[],2.1863,7.0902,9.2096,11.4200,98.3800,98.3800,39.8,
006214,平安500ETF联接A,指数/指数增强,2018-09-05,8.0301,1.8294,平安基金,指数型-股票,中证500指数,李严,2024-01-03,2.7023,2,0.10%,开放申购,9.8555,12.1459,2.6406,8.2082,,8.1803,21.0196,-36.1984,-37.3445,-37.3445,2025,36.4786,0.3061,2026-09-16,"['006215', '024556']",2.6408,6.5176,8.1800,13.9200,88.0236,88.0200,38.5,
000312,华安沪深300增强A,指数/指数增强,2013-09-27,12.9692,5.4839,华安基金,指数型-股票,沪深300指数,张序,2025-01-06,1.6920,1,0.12%,开放申购,4.0302,10.4725,-0.0446,8.3666,7.9897,9.1432,18.1046,-39.0252,-42.8961,-42.8961,2020,45.7363,0.0884,2026-09-16,['000313'],-0.0440,7.9754,9.2018,-0.2200,115.4012,213.1900,38.2,
006341,中金MSCI质量A,指数/指数增强,2018-11-22,7.8166,2.1052,中金基金,指数型-股票,MSCI中国A股国际质量指数,"刘重晋,耿帅军",2020-10-22,5.9001,0,0.10%,开放申购,6.8019,6.2876,-0.9366,,,10.5210,21.5664,-50.6748,-57.0423,-57.0423,2020,71.9955,0.2005,2026-09-16,['006342'],-0.9374,8.1332,10.5210,-4.6000,118.5700,118.5700,38.1,
007275,银河沪深300指数增强A,指数/指数增强,2019-08-29,7.0500,2.6691,银河基金,指数型-股票,沪深300指数,"罗博,黄栋",2022-01-19,4.6571,1,0.15%,开放申购,4.7971,11.3299,2.9038,,,8.6636,16.4938,-30.9684,-33.5049,-33.5049,2020,38.2008,0.1366,2026-09-16,['007276'],2.9043,6.0325,8.6631,15.3900,79.6347,79.6300,38.0,
007737,诺德研发创新100,指数/指数增强,2019-08-26,7.0582,2.4668,诺德基金,指数型-股票,中证研发创新100指数,潘永昌,2019-08-26,7.0582,0,0.15%,开放申购,20.5749,17.2530,3.6813,,,10.5508,25.0560,-49.6934,-51.2629,-51.2629,2020,54.6579,0.5834,2026-09-16,[],3.6809,7.3363,10.5511,19.8100,102.9861,102.9900,37.9,
163808,中银中证A100指数增强,指数/指数增强,2009-09-04,17.0322,3.8941,中银基金,指数型-股票,中证A100指数,赵建忠,2015-06-08,11.2745,0,0.15%,开放申购,4.0387,10.2174,1.7148,7.9202,8.5238,4.8062,17.1742,-34.1837,-42.5739,-42.5739,2014,52.4372,0.0807,2026-09-16,[],1.7142,8.4459,4.8062,8.8700,124.9745,122.4500,37.3,
050002,博时沪深300指数A,指数/指数增强,2003-08-26,23.0582,45.3518,博时基金,指数型-股票,沪深300指数,"桂征辉,杨振建",2020-12-23,5.7303,0,0.15%,开放申购,4.1492,9.5780,1.6083,6.5382,6.2283,8.4992,16.7854,-29.7122,-39.8800,-71.0025,2007,119.9495,0.1026,2026-09-16,"['022922', '024186', '002385', '960022']",1.6075,6.1724,8.5670,8.3000,82.0184,565.4700,37.3,
410008,华富中证A100ETF联接A,指数/指数增强,2009-12-30,16.7118,0.7599,华富基金,指数型-股票,中证A100指数,朱程辉,2026-08-18,0.0794,2,0.12%,开放申购,1.8131,7.7178,0.5428,8.1512,8.5374,4.8499,17.2283,-34.6947,-40.0585,-42.1377,2014,59.3885,-0.0006,2026-09-16,['022661'],0.6923,8.5449,4.8966,3.5100,127.0360,122.3100,37.2,
002311,创金合信中证500指数增强A,指数/指数增强,2015-12-31,10.7105,1.9928,创金合信基金,指数型-股票,中证500指数,"董梁,李添峰",2023-03-04,3.5373,2,0.15%,开放申购,17.8296,14.8505,3.6750,11.3393,7.8670,6.5696,21.4760,-39.0899,-40.4097,-40.4097,2025,38.7749,0.6213,2026-09-16,['002316'],3.6757,7.7766,6.5695,19.7800,111.4688,97.6800,37.1,
005788,南方MSCI中国A股联接A,指数/指数增强,2018-06-08,8.2738,0.8017,南方基金,指数型-股票,MSCI中国A股国际通指数,罗文杰,2018-06-08,8.2738,0,0.12%,开放申购,4.2461,10.2869,1.7117,9.3993,,8.4184,17.0042,-33.8644,-36.7502,-36.7502,2020,41.8575,0.0991,2026-09-16,"['005789', '013134']",1.7123,6.9162,8.4184,8.8600,95.1800,95.1800,35.5,
160807,长盛沪深300指数(LOF)A,指数/指数增强,2010-08-04,16.1177,1.5356,长盛基金,指数型-股票,沪深300指数,"陈亘斯,石晓冉",2026-06-08,0.2738,1,0.12%,开放申购,2.3165,8.6365,1.6569,9.1865,7.3038,5.0188,16.9904,-30.6296,-33.7127,-45.9770,2014,49.9360,-0.0210,2026-09-16,['021494'],1.6562,7.2252,5.3508,8.5600,100.8946,131.6700,35.5,
001879,长城创业板指数增强A,指数/指数增强,2017-06-01,9.2923,4.8091,长城基金,指数型-股票,创业板指数(价格),雷俊,2023-02-07,3.6057,1,0.15%,开放申购,7.5130,17.3492,-0.1746,13.5188,,10.2335,28.6936,-58.2117,-59.5540,-59.5540,2020,77.5643,0.1441,2026-09-16,['006928'],-0.1746,9.4760,10.2335,-0.8700,147.2800,147.2800,35.2,
165310,建信沪深300指数增强(LOF)A,指数/指数增强,2011-05-06,15.3648,2.9087,建信基金,指数型-股票,沪深300指数,"梁洪昀,薛玲",2024-01-29,2.6311,1,0.15%,开放申购,3.5869,5.4988,0.6008,5.5160,5.0904,5.6442,9.7975,-20.3380,-26.6878,-41.1614,2019,33.3572,0.1874,2026-09-16,['009208'],0.9613,7.0158,7.1476,4.9000,97.0052,188.8500,34.8,
006682,景顺长城中证500指数增强A,指数/指数增强,2019-03-25,7.4798,4.5206,景顺长城基金,指数型-股票,中证500指数,"黎海威,徐喻军",2019-03-25,7.4798,0,0.15%,开放申购,17.2965,15.2202,2.6024,,,9.6221,21.1337,-41.7477,-42.4614,-42.4614,2025,38.0354,0.5891,2026-09-16,['016935'],2.6029,7.1132,9.6224,13.7100,98.8058,98.8100,34.5,
519116,浦银沪深300指数增强A,指数/指数增强,2010-12-10,15.7673,2.2357,浦银基金,指数型-股票,沪深300指数,"罗雯,陶阿明",2025-06-20,1.2402,2,0.12%,开放申购,11.0269,11.3046,1.1572,6.9737,6.8051,5.1280,17.4465,-36.2092,-46.3574,-46.3574,2014,48.5294,0.4038,2026-09-16,['019210'],1.2522,7.8144,5.8041,6.4200,112.2116,143.4100,34.2,
003876,华宝沪深300增强策略ETF发起式联接A,指数/指数增强,2016-12-09,9.7687,4.1128,华宝基金,指数型-股票,沪深300指数,"徐林明,王正",2020-01-02,6.7050,0,0.12%,开放申购,5.5612,9.8102,-0.0485,8.6661,,7.8088,16.3373,-36.0763,-42.4416,-42.4416,2019,48.7252,0.2078,2026-09-16,['007404'],-0.0480,7.6214,7.8086,-0.2400,108.4433,108.4400,33.9,
000311,景顺长城沪深300指数增强A,指数/指数增强,2013-10-29,12.8816,29.5685,景顺长城基金,指数型-股票,沪深300指数,黎海威,2013-10-29,12.8816,0,0.12%,开放申购,7.3668,9.8331,-0.3539,5.7643,6.2257,9.5115,16.5881,-36.1989,-43.2364,-43.2364,2014,55.9406,0.2808,2026-09-16,"['015679', '027943']",-0.3545,6.1237,9.5114,-1.7600,81.1864,222.3300,33.2,
002310,创金合信沪深300指数增强A,指数/指数增强,2015-12-31,10.7105,1.1011,创金合信基金,指数型-股票,沪深300指数,"董梁,孙悦",2021-07-19,5.1608,0,0.15%,开放申购,5.0371,10.0509,1.3964,8.7451,7.7236,6.5217,16.6507,-32.8716,-39.3525,-39.3525,2019,44.4294,0.1707,2026-09-16,['002315'],1.3965,7.6387,6.5216,7.1800,108.7785,96.7300,32.5,
161725,招商中证白酒指数(LOF)A,指数/指数增强,2015-05-27,11.3073,197.4046,招商基金,指数型-股票,中证白酒指数,侯昊,2017-09-05,9.0294,0,0.10%,限大额,-36.1205,-21.6363,-14.3307,-6.9621,-4.8604,-4.9682,26.8321,-65.0241,-67.9365,-67.9365,2020,43.1467,-1.6210,2026-09-16,['012414'],-14.3289,8.4375,6.9383,-53.8500,124.7984,113.5100,32.4,
161017,富国中证500指数增强(LOF)A,指数/指数增强,2011-10-12,14.9295,37.7561,富国基金,指数型-股票,中证500指数,"李笑薇,方旻,汤杰强",2025-08-11,1.0979,2,0.15%,开放申购,4.4944,9.5928,1.1482,8.9966,5.9410,8.8809,20.4533,-34.6789,-35.9942,-50.1595,2015,44.2971,0.0792,2026-09-16,"['022953', '013332']",1.1474,5.8252,8.8809,5.8700,76.1528,256.1800,32.3,
001556,天弘中证500指数增强A,指数/指数增强,2015-06-30,11.2142,22.3056,天弘基金,指数型-股票,中证500指数,杨超,2019-08-24,7.0637,0,0.15%,开放申购,14.9005,15.8545,1.9709,12.1817,8.2037,5.0820,21.6088,-43.8852,-45.2695,-45.2695,2020,44.6027,0.4617,2026-09-16,"['025043', '001557', '022567']",1.9708,8.1167,5.0820,10.2500,118.2376,74.3500,31.7,
160422,华安创业板50ETF联接A,指数/指数增强,2017-04-11,9.4319,27.1209,华安基金,指数型-股票,创业板50指数,许之彦,2018-11-08,7.8549,0,0.12%,开放申购,6.7294,21.7748,2.3399,18.2247,,11.6412,29.7523,-56.2225,-57.0187,-57.0187,2020,75.2074,0.1189,2026-09-16,"['022976', '022654', '160424']",2.3399,7.1372,7.5829,12.2600,99.2516,99.2500,31.5,
000512,国泰沪深300指数增强A,指数/指数增强,2014-05-19,12.3285,0.7685,国泰基金,指数型-股票,沪深300指数,吴中昊,2022-12-30,3.7125,1,0.10%,开放申购,8.1499,9.2943,0.2379,6.0970,4.8794,8.5060,16.1928,-33.9053,-42.6402,-42.6402,2020,41.2126,0.2810,2026-09-16,['002063'],0.2389,4.8732,8.5061,1.2000,60.9333,173.5900,30.7,
160706,嘉实沪深300ETF联接A,指数/指数增强,2005-08-29,21.0486,77.7036,嘉实基金,指数型-股票,沪深300指数,刘珈吟,2026-01-14,0.6708,2,0.15%,开放申购,1.4160,8.5124,0.6375,5.6596,4.8569,4.6795,16.7891,-33.8319,-40.6813,-71.1934,2006,90.6191,-0.0576,2026-09-16,"['022890', '021886', '160724']",0.6378,4.7833,8.5983,3.2300,59.5585,467.5800,30.3,
162216,宏利500指数增强(LOF),指数/指数增强,2011-12-01,14.7926,1.9045,宏利基金,指数型-股票,中证500指数,李婷婷,2024-12-06,1.7769,3,0.12%,限大额,10.8740,12.8981,1.0064,10.3688,6.2038,4.0593,20.7076,-43.3779,-43.9808,-64.6696,2019,39.3263,0.3336,2026-09-16,[],1.0056,6.8111,10.2997,5.1300,93.2698,326.3700,30.1,
000478,建信中证500指数增强A,指数/指数增强,2014-01-27,12.6352,27.7723,建信基金,指数型-股票,中证500指数,叶乐天,2014-01-27,12.6352,0,0.15%,开放申购,7.7042,11.1818,1.1481,8.7435,4.6438,10.4106,19.9071,-38.5342,-39.3207,-51.3152,2015,61.5263,0.2231,2026-09-16,"['022946', '005633', '021852']",1.1474,4.5318,10.4106,5.8700,55.7695,249.5000,29.5,
161607,融通巨潮100指数A(LOF),指数/指数增强,2005-05-12,21.3470,4.3721,融通基金,指数型-股票,巨潮100指数,"蔡志伟,熊俊杰",2023-10-17,2.9158,1,0.15%,开放申购,0.2609,8.8505,0.5667,7.5715,7.0408,7.2775,16.8314,-35.2786,-43.8977,-70.3834,2006,94.2968,-0.1569,2026-09-16,['004874'],0.5675,6.9644,9.0600,2.8700,96.0612,536.8600,29.0,
110026,易方达创业板ETF联接A,指数/指数增强,2011-09-20,14.9897,65.7911,易方达基金,指数型-股票,创业板指数(价格),"成曦,刘树荣",2017-07-18,9.1636,0,0.12%,开放申购,8.5541,18.3314,1.6986,11.4128,4.5525,8.5249,28.1699,-54.2636,-54.9891,-69.4793,2013,73.5223,0.1810,2026-09-16,"['022907', '004744']",1.6993,4.4596,8.5249,8.7900,54.6973,240.8600,27.4,
501057,汇添富中证新能源汽车产业指数(LOF)A,指数/指数增强,2018-05-23,8.3176,31.1838,汇添富基金,指数型-股票,中证新能源汽车产业指数,孙浩,2026-08-04,0.1177,1,0.12%,开放申购,-12.8873,4.1638,-8.6980,11.2954,,8.6120,30.1057,-64.3829,-64.3829,-64.3829,2020,104.5563,-0.4634,2026-09-16,['501058'],-8.6967,7.1129,8.6120,-36.5500,98.8000,98.8000,25.8,
161613,融通创业板指数A,指数/指数增强,2012-04-06,14.4449,6.5925,融通基金,指数型-股票,创业板指数(价格),"蔡志伟,吕寒",2023-09-12,3.0116,1,0.12%,开放申购,8.9692,19.3081,-3.3653,7.9547,1.4873,6.9964,30.6121,-64.9562,-65.8328,-72.2952,2015,70.9543,0.1829,2026-09-16,['004870'],1.4720,4.2704,9.8203,7.5800,51.9181,286.9500,25.3,
217016,招商深证100指数A,指数/指数增强,2010-06-22,16.2355,2.2074,招商基金,指数型-股票,深证100指数(价格),"房俊一,王振鹏",2026-03-05,0.5339,2,0.12%,开放申购,2.7977,10.8164,0.2524,9.6625,7.4843,5.1495,21.2291,-44.3494,-48.8887,-48.8887,2019,58.6759,0.0186,2026-09-16,['004408'],0.2527,7.3868,5.1495,1.2700,103.9440,125.9700,23.3,
110030,易方达沪深300量化增强A,指数/指数增强,2012-07-05,14.1985,9.7464,易方达基金,指数型-股票,沪深300指数,明朗,2026-07-04,0.2026,2,0.15%,开放申购,5.0772,9.6575,0.1708,5.8977,6.1271,8.4566,17.5904,-39.9678,-45.6187,-45.6187,2014,56.4355,0.1606,2026-09-16,['027262'],0.1714,6.0388,8.4566,0.8600,79.7412,216.6500,23.2,
180003,银华-道琼斯88指数,指数/指数增强,2004-08-11,22.0972,11.2938,银华基金,指数型-其他,Dow Jones China 88 Index,周晶,2025-12-04,0.7830,4,0.15%,开放申购,1.5434,5.2888,-3.9393,6.0080,5.9921,9.2053,15.7024,-44.2008,-50.1700,-61.4590,2006,137.8519,-0.0403,2026-09-16,[],-3.9852,5.9048,9.1630,-18.4000,77.4837,594.0000,20.3,
161604,融通深证100指数A,指数/指数增强,2003-09-30,22.9624,47.7517,融通基金,指数型-股票,深证100指数(收益),何天翔,2015-01-09,11.6851,0,0.15%,开放申购,1.8972,8.8740,-1.4071,7.2591,4.6889,6.2175,21.4178,-46.3548,-52.1226,-69.2817,2006,112.1599,-0.0196,2026-09-16,['004876'],-1.2909,4.8784,8.1446,-6.2900,61.0126,503.7200,18.7,
200002,长城久泰沪深300指数A,指数/指数增强,2004-05-21,22.3217,7.1926,长城基金,指数型-股票,沪深300指数,"杨建华,雷俊",2018-11-30,7.7947,0,0.15%,开放申购,10.4896,8.2504,-1.3067,6.0273,5.6369,8.3849,17.6399,-44.0950,-49.7043,-70.2344,2007,145.5300,0.4339,2026-09-16,['006912'],-1.3057,5.5585,8.3849,-6.3600,71.7637,503.3400,18.5,
040002,华安中国A股增强指数,指数/指数增强,2002-11-08,23.8549,10.6675,华安基金,指数型-股票,MSCI中国A股人民币指数,"张序,欧阳俊",2026-03-02,0.5421,3,0.15%,限大额,5.4393,6.6432,-1.3104,5.8123,4.5153,2.7242,18.6893,-46.3594,-46.6055,-90.7862,2007,151.1268,0.1385,2026-09-16,[],-1.3099,4.4357,8.0557,-6.3800,54.3444,534.8300,15.7,
161025,富国中证移动互联网指数(LOF)A,指数/指数增强,2014-09-02,12.0383,4.2536,富国基金,指数型-股票,中证移动互联网指数,牛志冬,2023-05-25,3.3128,1,0.12%,开放申购,3.6933,5.0589,2.1381,3.8946,2.2180,5.2572,6.6511,-10.8250,-12.7716,-37.2841,2015,50.5566,0.7230,2026-09-16,[],7.3117,2.2180,6.6622,42.3100,,117.3700,,
005965,安信中证500指数增强A,指数/指数增强,2018-11-29,7.7974,0.1609,安信基金,指数型-股票,中证500指数,朱舟扬,2023-03-28,3.4716,2,0.12%,开放申购,8.2683,11.4237,2.0208,,,11.8912,20.2176,-32.1829,-33.1197,-33.1197,2025,33.6885,0.2246,2026-09-16,['005966'],2.0207,9.1562,11.8912,10.5200,140.1500,140.1500,,
005288,海富通创业板增强A,指数/指数增强,2018-04-08,8.4408,0.1655,海富通基金,指数型-股票,创业板综合指数,杜晓海,2018-05-03,8.3723,0,0.15%,开放申购,6.3747,15.0603,2.1623,13.2890,,10.2133,25.5116,-51.4865,-51.4865,-51.4865,2020,56.6646,0.1527,2026-09-16,['005287'],2.1624,8.5547,10.2132,11.2900,127.2413,127.2400,,
005873,建信创业板ETF发起联接A,指数/指数增强,2018-06-13,8.2601,0.3540,建信基金,指数型-股票,创业板指数(价格),葛鲁禹,2022-12-28,3.7180,5,0.15%,开放申购,7.2797,17.9422,2.2649,12.2327,,9.9545,27.3507,-51.2842,-51.9773,-51.9773,2020,59.7307,0.1428,2026-09-16,"['005874', '013443']",2.2650,8.1540,9.9545,11.8500,118.9900,118.9900,,
006286,华泰MSCI中国A股联接A,指数/指数增强,2018-10-10,7.9343,0.0635,华泰柏瑞基金,指数型-股票,MSCI中国A股国际通指数,柳军,2018-10-10,7.9343,0,0.12%,限大额,1.9960,8.6765,1.0414,,,9.1562,16.6442,-32.9869,-35.0294,-35.0294,2019,40.4172,-0.0252,2026-09-16,['006293'],1.0421,7.1985,9.1558,5.3200,100.3948,100.3900,,
003646,创金合信中证1000指数增强A,指数/指数增强,2016-12-22,9.7331,0.3499,创金合信基金,指数型-股票,中证1000指数,"董梁,孙悦",2021-07-09,5.1882,0,0.15%,开放申购,3.2771,10.8816,3.9430,12.5769,,7.6287,23.8588,-39.2309,-39.2309,-39.2309,2025,39.3796,0.0300,2026-09-16,['003647'],3.9426,7.4177,7.6287,21.3300,104.5300,104.5300,,
000042,财通中证ESG100指数增强A,指数/指数增强,2013-03-22,13.4867,0.3356,财通基金,指数型-股票,中证财通中国可持续发展100(ECPI ESG)指数,顾弘原,2023-04-11,3.4333,3,0.12%,开放申购,-1.2519,5.9565,0.2297,8.5261,7.8460,8.2933,16.5367,-25.8613,-27.7088,-43.8724,2014,49.6281,-0.2175,2026-09-16,['003184'],0.2289,7.7524,8.2933,1.1500,110.9945,192.8600,,
160632,鹏华酒A,指数/指数增强,2015-04-29,11.3840,12.7691,鹏华基金,指数型-股票,中证酒指数,张羽翔,2022-08-03,4.1205,1,0.12%,限大额,-33.0902,-19.6480,-22.3896,-12.9663,-11.3845,-11.2564,38.1248,-78.5638,-84.0816,-84.0816,2017,45.0549,-1.6044,2026-09-16,['012043'],-12.7543,7.6890,5.5971,-49.4500,109.7561,85.8900,,
